/*
SQLyog Ultimate v12.08 (64 bit)
MySQL - 5.7.15-log : Database - ry
*********************************************************************
*/

/*!40101 SET NAMES utf8 */;

/*!40101 SET SQL_MODE=''*/;

/*!40014 SET @OLD_UNIQUE_CHECKS=@@UNIQUE_CHECKS, UNIQUE_CHECKS=0 */;
/*!40014 SET @OLD_FOREIGN_KEY_CHECKS=@@FOREIGN_KEY_CHECKS, FOREIGN_KEY_CHECKS=0 */;
/*!40101 SET @OLD_SQL_MODE=@@SQL_MODE, SQL_MODE='NO_AUTO_VALUE_ON_ZERO' */;
/*!40111 SET @OLD_SQL_NOTES=@@SQL_NOTES, SQL_NOTES=0 */;
CREATE DATABASE /*!32312 IF NOT EXISTS*/`ry` /*!40100 DEFAULT CHARACTER SET utf8 */;

USE `ry`;

/*Table structure for table `act_evt_log` */

DROP TABLE IF EXISTS `act_evt_log`;

CREATE TABLE `act_evt_log` (
  `LOG_NR_` bigint(20) NOT NULL AUTO_INCREMENT,
  `TYPE_` varchar(64) COLLATE utf8_bin DEFAULT NULL,
  `PROC_DEF_ID_` varchar(64) COLLATE utf8_bin DEFAULT NULL,
  `PROC_INST_ID_` varchar(64) COLLATE utf8_bin DEFAULT NULL,
  `EXECUTION_ID_` varchar(64) COLLATE utf8_bin DEFAULT NULL,
  `TASK_ID_` varchar(64) COLLATE utf8_bin DEFAULT NULL,
  `TIME_STAMP_` timestamp(3) NOT NULL DEFAULT CURRENT_TIMESTAMP(3) ON UPDATE CURRENT_TIMESTAMP(3),
  `USER_ID_` varchar(255) COLLATE utf8_bin DEFAULT NULL,
  `DATA_` longblob,
  `LOCK_OWNER_` varchar(255) COLLATE utf8_bin DEFAULT NULL,
  `LOCK_TIME_` timestamp(3) NULL DEFAULT NULL,
  `IS_PROCESSED_` tinyint(4) DEFAULT '0',
  PRIMARY KEY (`LOG_NR_`)
) ENGINE=InnoDB DEFAULT CHARSET=utf8 COLLATE=utf8_bin;

/*Data for the table `act_evt_log` */

/*Table structure for table `act_ge_bytearray` */

DROP TABLE IF EXISTS `act_ge_bytearray`;

CREATE TABLE `act_ge_bytearray` (
  `ID_` varchar(64) COLLATE utf8_bin NOT NULL,
  `REV_` int(11) DEFAULT NULL,
  `NAME_` varchar(255) COLLATE utf8_bin DEFAULT NULL,
  `DEPLOYMENT_ID_` varchar(64) COLLATE utf8_bin DEFAULT NULL,
  `BYTES_` longblob,
  `GENERATED_` tinyint(4) DEFAULT NULL,
  PRIMARY KEY (`ID_`),
  KEY `ACT_FK_BYTEARR_DEPL` (`DEPLOYMENT_ID_`),
  CONSTRAINT `ACT_FK_BYTEARR_DEPL` FOREIGN KEY (`DEPLOYMENT_ID_`) REFERENCES `act_re_deployment` (`ID_`)
) ENGINE=InnoDB DEFAULT CHARSET=utf8 COLLATE=utf8_bin;

/*Data for the table `act_ge_bytearray` */

insert  into `act_ge_bytearray`(`ID_`,`REV_`,`NAME_`,`DEPLOYMENT_ID_`,`BYTES_`,`GENERATED_`) values ('2',2,'source',NULL,'{\"resourceId\":\"1\",\"properties\":{\"process_id\":\"process\",\"name\":\"\",\"documentation\":\"\",\"process_author\":\"\",\"process_version\":\"\",\"process_namespace\":\"http://www.activiti.org/processdef\",\"executionlisteners\":\"\",\"eventlisteners\":\"\",\"signaldefinitions\":\"\",\"messagedefinitions\":\"\"},\"stencil\":{\"id\":\"BPMNDiagram\"},\"childShapes\":[{\"resourceId\":\"sid-E61A0A53-FBCA-405F-AC66-FF962BC2B70F\",\"properties\":{\"overrideid\":\"\",\"name\":\"开始\",\"documentation\":\"\",\"executionlisteners\":\"\",\"initiator\":\"\",\"formkeydefinition\":\"\",\"formproperties\":\"\"},\"stencil\":{\"id\":\"StartNoneEvent\"},\"childShapes\":[],\"outgoing\":[{\"resourceId\":\"sid-79716705-6A9B-4D1E-B75D-2085AFD94667\"}],\"bounds\":{\"lowerRight\":{\"x\":86,\"y\":112},\"upperLeft\":{\"x\":56,\"y\":82}},\"dockers\":[]},{\"resourceId\":\"sid-338FD987-B6D2-4537-B67C-1C194D170270\",\"properties\":{\"overrideid\":\"\",\"name\":\"销售主管审批\",\"documentation\":\"\",\"asynchronousdefinition\":\"false\",\"exclusivedefinition\":\"false\",\"executionlisteners\":\"\",\"multiinstance_type\":\"None\",\"multiinstance_cardinality\":\"\",\"multiinstance_collection\":\"\",\"multiinstance_variable\":\"\",\"multiinstance_condition\":\"\",\"isforcompensation\":\"false\",\"usertaskassignment\":\"\",\"formkeydefinition\":\"\",\"duedatedefinition\":\"\",\"prioritydefinition\":\"\",\"formproperties\":\"\",\"tasklisteners\":\"\"},\"stencil\":{\"id\":\"UserTask\"},\"childShapes\":[],\"outgoing\":[{\"resourceId\":\"sid-758F6FA2-0656-4FD5-907D-5EB7B3D40512\"}],\"bounds\":{\"lowerRight\":{\"x\":231,\"y\":137},\"upperLeft\":{\"x\":131,\"y\":57}},\"dockers\":[]},{\"resourceId\":\"sid-79716705-6A9B-4D1E-B75D-2085AFD94667\",\"properties\":{\"overrideid\":\"\",\"name\":\"\",\"documentation\":\"\",\"conditionsequenceflow\":\"\",\"executionlisteners\":\"\",\"defaultflow\":\"false\"},\"stencil\":{\"id\":\"SequenceFlow\"},\"childShapes\":[],\"outgoing\":[{\"resourceId\":\"sid-338FD987-B6D2-4537-B67C-1C194D170270\"}],\"bounds\":{\"lowerRight\":{\"x\":130.15625,\"y\":97},\"upperLeft\":{\"x\":86.609375,\"y\":97}},\"dockers\":[{\"x\":15,\"y\":15},{\"x\":50,\"y\":40}],\"target\":{\"resourceId\":\"sid-338FD987-B6D2-4537-B67C-1C194D170270\"}},{\"resourceId\":\"sid-A8CDB45B-FC9B-46BB-B5CA-784D72D54A6B\",\"properties\":{\"overrideid\":\"\",\"name\":\"销售经理审批\",\"documentation\":\"\",\"asynchronousdefinition\":\"false\",\"exclusivedefinition\":\"false\",\"executionlisteners\":\"\",\"multiinstance_type\":\"None\",\"multiinstance_cardinality\":\"\",\"multiinstance_collection\":\"\",\"multiinstance_variable\":\"\",\"multiinstance_condition\":\"\",\"isforcompensation\":\"false\",\"usertaskassignment\":\"\",\"formkeydefinition\":\"\",\"duedatedefinition\":\"\",\"prioritydefinition\":\"\",\"formproperties\":\"\",\"tasklisteners\":\"\"},\"stencil\":{\"id\":\"UserTask\"},\"childShapes\":[],\"outgoing\":[{\"resourceId\":\"sid-817ABBC5-2AA0-4EDF-9564-2F8650CB9619\"}],\"bounds\":{\"lowerRight\":{\"x\":376,\"y\":137},\"upperLeft\":{\"x\":276,\"y\":57}},\"dockers\":[]},{\"resourceId\":\"sid-758F6FA2-0656-4FD5-907D-5EB7B3D40512\",\"properties\":{\"overrideid\":\"\",\"name\":\"\",\"documentation\":\"\",\"conditionsequenceflow\":\"\",\"executionlisteners\":\"\",\"defaultflow\":\"false\"},\"stencil\":{\"id\":\"SequenceFlow\"},\"childShapes\":[],\"outgoing\":[{\"resourceId\":\"sid-A8CDB45B-FC9B-46BB-B5CA-784D72D54A6B\"}],\"bounds\":{\"lowerRight\":{\"x\":275.15625,\"y\":97},\"upperLeft\":{\"x\":231.84375,\"y\":97}},\"dockers\":[{\"x\":50,\"y\":40},{\"x\":50,\"y\":40}],\"target\":{\"resourceId\":\"sid-A8CDB45B-FC9B-46BB-B5CA-784D72D54A6B\"}},{\"resourceId\":\"sid-06CEE3ED-7380-438B-BF2D-DECA7DFA0758\",\"properties\":{\"overrideid\":\"\",\"name\":\"结束\",\"documentation\":\"\",\"executionlisteners\":\"\"},\"stencil\":{\"id\":\"EndNoneEvent\"},\"childShapes\":[],\"outgoing\":[],\"bounds\":{\"lowerRight\":{\"x\":449,\"y\":111},\"upperLeft\":{\"x\":421,\"y\":83}},\"dockers\":[]},{\"resourceId\":\"sid-817ABBC5-2AA0-4EDF-9564-2F8650CB9619\",\"properties\":{\"overrideid\":\"\",\"name\":\"\",\"documentation\":\"\",\"conditionsequenceflow\":\"\",\"executionlisteners\":\"\",\"defaultflow\":\"false\"},\"stencil\":{\"id\":\"SequenceFlow\"},\"childShapes\":[],\"outgoing\":[{\"resourceId\":\"sid-06CEE3ED-7380-438B-BF2D-DECA7DFA0758\"}],\"bounds\":{\"lowerRight\":{\"x\":420.375,\"y\":97},\"upperLeft\":{\"x\":376.390625,\"y\":97}},\"dockers\":[{\"x\":50,\"y\":40},{\"x\":14,\"y\":14}],\"target\":{\"resourceId\":\"sid-06CEE3ED-7380-438B-BF2D-DECA7DFA0758\"}}],\"bounds\":{\"lowerRight\":{\"x\":1200,\"y\":1050},\"upperLeft\":{\"x\":0,\"y\":0}},\"stencilset\":{\"url\":\"stencilsets/bpmn2.0/bpmn2.0.json\",\"namespace\":\"http://b3mn.org/stencilset/bpmn2.0#\"},\"ssextensions\":[]}',NULL);

/*Table structure for table `act_ge_property` */

DROP TABLE IF EXISTS `act_ge_property`;

CREATE TABLE `act_ge_property` (
  `NAME_` varchar(64) COLLATE utf8_bin NOT NULL,
  `VALUE_` varchar(300) COLLATE utf8_bin DEFAULT NULL,
  `REV_` int(11) DEFAULT NULL,
  PRIMARY KEY (`NAME_`)
) ENGINE=InnoDB DEFAULT CHARSET=utf8 COLLATE=utf8_bin;

/*Data for the table `act_ge_property` */

insert  into `act_ge_property`(`NAME_`,`VALUE_`,`REV_`) values ('cfg.execution-related-entities-count','false',1),('next.dbid','2501',2),('schema.history','create(6.0.0.4)',1),('schema.version','6.0.0.4',1);

/*Table structure for table `act_hi_actinst` */

DROP TABLE IF EXISTS `act_hi_actinst`;

CREATE TABLE `act_hi_actinst` (
  `ID_` varchar(64) COLLATE utf8_bin NOT NULL,
  `PROC_DEF_ID_` varchar(64) COLLATE utf8_bin NOT NULL,
  `PROC_INST_ID_` varchar(64) COLLATE utf8_bin NOT NULL,
  `EXECUTION_ID_` varchar(64) COLLATE utf8_bin NOT NULL,
  `ACT_ID_` varchar(255) COLLATE utf8_bin NOT NULL,
  `TASK_ID_` varchar(64) COLLATE utf8_bin DEFAULT NULL,
  `CALL_PROC_INST_ID_` varchar(64) COLLATE utf8_bin DEFAULT NULL,
  `ACT_NAME_` varchar(255) COLLATE utf8_bin DEFAULT NULL,
  `ACT_TYPE_` varchar(255) COLLATE utf8_bin NOT NULL,
  `ASSIGNEE_` varchar(255) COLLATE utf8_bin DEFAULT NULL,
  `START_TIME_` datetime(3) NOT NULL,
  `END_TIME_` datetime(3) DEFAULT NULL,
  `DURATION_` bigint(20) DEFAULT NULL,
  `DELETE_REASON_` varchar(4000) COLLATE utf8_bin DEFAULT NULL,
  `TENANT_ID_` varchar(255) COLLATE utf8_bin DEFAULT '',
  PRIMARY KEY (`ID_`),
  KEY `ACT_IDX_HI_ACT_INST_START` (`START_TIME_`),
  KEY `ACT_IDX_HI_ACT_INST_END` (`END_TIME_`),
  KEY `ACT_IDX_HI_ACT_INST_PROCINST` (`PROC_INST_ID_`,`ACT_ID_`),
  KEY `ACT_IDX_HI_ACT_INST_EXEC` (`EXECUTION_ID_`,`ACT_ID_`)
) ENGINE=InnoDB DEFAULT CHARSET=utf8 COLLATE=utf8_bin;

/*Data for the table `act_hi_actinst` */

/*Table structure for table `act_hi_attachment` */

DROP TABLE IF EXISTS `act_hi_attachment`;

CREATE TABLE `act_hi_attachment` (
  `ID_` varchar(64) COLLATE utf8_bin NOT NULL,
  `REV_` int(11) DEFAULT NULL,
  `USER_ID_` varchar(255) COLLATE utf8_bin DEFAULT NULL,
  `NAME_` varchar(255) COLLATE utf8_bin DEFAULT NULL,
  `DESCRIPTION_` varchar(4000) COLLATE utf8_bin DEFAULT NULL,
  `TYPE_` varchar(255) COLLATE utf8_bin DEFAULT NULL,
  `TASK_ID_` varchar(64) COLLATE utf8_bin DEFAULT NULL,
  `PROC_INST_ID_` varchar(64) COLLATE utf8_bin DEFAULT NULL,
  `URL_` varchar(4000) COLLATE utf8_bin DEFAULT NULL,
  `CONTENT_ID_` varchar(64) COLLATE utf8_bin DEFAULT NULL,
  `TIME_` datetime(3) DEFAULT NULL,
  PRIMARY KEY (`ID_`)
) ENGINE=InnoDB DEFAULT CHARSET=utf8 COLLATE=utf8_bin;

/*Data for the table `act_hi_attachment` */

/*Table structure for table `act_hi_comment` */

DROP TABLE IF EXISTS `act_hi_comment`;

CREATE TABLE `act_hi_comment` (
  `ID_` varchar(64) COLLATE utf8_bin NOT NULL,
  `TYPE_` varchar(255) COLLATE utf8_bin DEFAULT NULL,
  `TIME_` datetime(3) NOT NULL,
  `USER_ID_` varchar(255) COLLATE utf8_bin DEFAULT NULL,
  `TASK_ID_` varchar(64) COLLATE utf8_bin DEFAULT NULL,
  `PROC_INST_ID_` varchar(64) COLLATE utf8_bin DEFAULT NULL,
  `ACTION_` varchar(255) COLLATE utf8_bin DEFAULT NULL,
  `MESSAGE_` varchar(4000) COLLATE utf8_bin DEFAULT NULL,
  `FULL_MSG_` longblob,
  PRIMARY KEY (`ID_`)
) ENGINE=InnoDB DEFAULT CHARSET=utf8 COLLATE=utf8_bin;

/*Data for the table `act_hi_comment` */

/*Table structure for table `act_hi_detail` */

DROP TABLE IF EXISTS `act_hi_detail`;

CREATE TABLE `act_hi_detail` (
  `ID_` varchar(64) COLLATE utf8_bin NOT NULL,
  `TYPE_` varchar(255) COLLATE utf8_bin NOT NULL,
  `PROC_INST_ID_` varchar(64) COLLATE utf8_bin DEFAULT NULL,
  `EXECUTION_ID_` varchar(64) COLLATE utf8_bin DEFAULT NULL,
  `TASK_ID_` varchar(64) COLLATE utf8_bin DEFAULT NULL,
  `ACT_INST_ID_` varchar(64) COLLATE utf8_bin DEFAULT NULL,
  `NAME_` varchar(255) COLLATE utf8_bin NOT NULL,
  `VAR_TYPE_` varchar(255) COLLATE utf8_bin DEFAULT NULL,
  `REV_` int(11) DEFAULT NULL,
  `TIME_` datetime(3) NOT NULL,
  `BYTEARRAY_ID_` varchar(64) COLLATE utf8_bin DEFAULT NULL,
  `DOUBLE_` double DEFAULT NULL,
  `LONG_` bigint(20) DEFAULT NULL,
  `TEXT_` varchar(4000) COLLATE utf8_bin DEFAULT NULL,
  `TEXT2_` varchar(4000) COLLATE utf8_bin DEFAULT NULL,
  PRIMARY KEY (`ID_`),
  KEY `ACT_IDX_HI_DETAIL_PROC_INST` (`PROC_INST_ID_`),
  KEY `ACT_IDX_HI_DETAIL_ACT_INST` (`ACT_INST_ID_`),
  KEY `ACT_IDX_HI_DETAIL_TIME` (`TIME_`),
  KEY `ACT_IDX_HI_DETAIL_NAME` (`NAME_`),
  KEY `ACT_IDX_HI_DETAIL_TASK_ID` (`TASK_ID_`)
) ENGINE=InnoDB DEFAULT CHARSET=utf8 COLLATE=utf8_bin;

/*Data for the table `act_hi_detail` */

/*Table structure for table `act_hi_identitylink` */

DROP TABLE IF EXISTS `act_hi_identitylink`;

CREATE TABLE `act_hi_identitylink` (
  `ID_` varchar(64) COLLATE utf8_bin NOT NULL,
  `GROUP_ID_` varchar(255) COLLATE utf8_bin DEFAULT NULL,
  `TYPE_` varchar(255) COLLATE utf8_bin DEFAULT NULL,
  `USER_ID_` varchar(255) COLLATE utf8_bin DEFAULT NULL,
  `TASK_ID_` varchar(64) COLLATE utf8_bin DEFAULT NULL,
  `PROC_INST_ID_` varchar(64) COLLATE utf8_bin DEFAULT NULL,
  PRIMARY KEY (`ID_`),
  KEY `ACT_IDX_HI_IDENT_LNK_USER` (`USER_ID_`),
  KEY `ACT_IDX_HI_IDENT_LNK_TASK` (`TASK_ID_`),
  KEY `ACT_IDX_HI_IDENT_LNK_PROCINST` (`PROC_INST_ID_`)
) ENGINE=InnoDB DEFAULT CHARSET=utf8 COLLATE=utf8_bin;

/*Data for the table `act_hi_identitylink` */

/*Table structure for table `act_hi_procinst` */

DROP TABLE IF EXISTS `act_hi_procinst`;

CREATE TABLE `act_hi_procinst` (
  `ID_` varchar(64) COLLATE utf8_bin NOT NULL,
  `PROC_INST_ID_` varchar(64) COLLATE utf8_bin NOT NULL,
  `BUSINESS_KEY_` varchar(255) COLLATE utf8_bin DEFAULT NULL,
  `PROC_DEF_ID_` varchar(64) COLLATE utf8_bin NOT NULL,
  `START_TIME_` datetime(3) NOT NULL,
  `END_TIME_` datetime(3) DEFAULT NULL,
  `DURATION_` bigint(20) DEFAULT NULL,
  `START_USER_ID_` varchar(255) COLLATE utf8_bin DEFAULT NULL,
  `START_ACT_ID_` varchar(255) COLLATE utf8_bin DEFAULT NULL,
  `END_ACT_ID_` varchar(255) COLLATE utf8_bin DEFAULT NULL,
  `SUPER_PROCESS_INSTANCE_ID_` varchar(64) COLLATE utf8_bin DEFAULT NULL,
  `DELETE_REASON_` varchar(4000) COLLATE utf8_bin DEFAULT NULL,
  `TENANT_ID_` varchar(255) COLLATE utf8_bin DEFAULT '',
  `NAME_` varchar(255) COLLATE utf8_bin DEFAULT NULL,
  PRIMARY KEY (`ID_`),
  UNIQUE KEY `PROC_INST_ID_` (`PROC_INST_ID_`),
  KEY `ACT_IDX_HI_PRO_INST_END` (`END_TIME_`),
  KEY `ACT_IDX_HI_PRO_I_BUSKEY` (`BUSINESS_KEY_`)
) ENGINE=InnoDB DEFAULT CHARSET=utf8 COLLATE=utf8_bin;

/*Data for the table `act_hi_procinst` */

/*Table structure for table `act_hi_taskinst` */

DROP TABLE IF EXISTS `act_hi_taskinst`;

CREATE TABLE `act_hi_taskinst` (
  `ID_` varchar(64) COLLATE utf8_bin NOT NULL,
  `PROC_DEF_ID_` varchar(64) COLLATE utf8_bin DEFAULT NULL,
  `TASK_DEF_KEY_` varchar(255) COLLATE utf8_bin DEFAULT NULL,
  `PROC_INST_ID_` varchar(64) COLLATE utf8_bin DEFAULT NULL,
  `EXECUTION_ID_` varchar(64) COLLATE utf8_bin DEFAULT NULL,
  `NAME_` varchar(255) COLLATE utf8_bin DEFAULT NULL,
  `PARENT_TASK_ID_` varchar(64) COLLATE utf8_bin DEFAULT NULL,
  `DESCRIPTION_` varchar(4000) COLLATE utf8_bin DEFAULT NULL,
  `OWNER_` varchar(255) COLLATE utf8_bin DEFAULT NULL,
  `ASSIGNEE_` varchar(255) COLLATE utf8_bin DEFAULT NULL,
  `START_TIME_` datetime(3) NOT NULL,
  `CLAIM_TIME_` datetime(3) DEFAULT NULL,
  `END_TIME_` datetime(3) DEFAULT NULL,
  `DURATION_` bigint(20) DEFAULT NULL,
  `DELETE_REASON_` varchar(4000) COLLATE utf8_bin DEFAULT NULL,
  `PRIORITY_` int(11) DEFAULT NULL,
  `DUE_DATE_` datetime(3) DEFAULT NULL,
  `FORM_KEY_` varchar(255) COLLATE utf8_bin DEFAULT NULL,
  `CATEGORY_` varchar(255) COLLATE utf8_bin DEFAULT NULL,
  `TENANT_ID_` varchar(255) COLLATE utf8_bin DEFAULT '',
  PRIMARY KEY (`ID_`),
  KEY `ACT_IDX_HI_TASK_INST_PROCINST` (`PROC_INST_ID_`)
) ENGINE=InnoDB DEFAULT CHARSET=utf8 COLLATE=utf8_bin;

/*Data for the table `act_hi_taskinst` */

/*Table structure for table `act_hi_varinst` */

DROP TABLE IF EXISTS `act_hi_varinst`;

CREATE TABLE `act_hi_varinst` (
  `ID_` varchar(64) COLLATE utf8_bin NOT NULL,
  `PROC_INST_ID_` varchar(64) COLLATE utf8_bin DEFAULT NULL,
  `EXECUTION_ID_` varchar(64) COLLATE utf8_bin DEFAULT NULL,
  `TASK_ID_` varchar(64) COLLATE utf8_bin DEFAULT NULL,
  `NAME_` varchar(255) COLLATE utf8_bin NOT NULL,
  `VAR_TYPE_` varchar(100) COLLATE utf8_bin DEFAULT NULL,
  `REV_` int(11) DEFAULT NULL,
  `BYTEARRAY_ID_` varchar(64) COLLATE utf8_bin DEFAULT NULL,
  `DOUBLE_` double DEFAULT NULL,
  `LONG_` bigint(20) DEFAULT NULL,
  `TEXT_` varchar(4000) COLLATE utf8_bin DEFAULT NULL,
  `TEXT2_` varchar(4000) COLLATE utf8_bin DEFAULT NULL,
  `CREATE_TIME_` datetime(3) DEFAULT NULL,
  `LAST_UPDATED_TIME_` datetime(3) DEFAULT NULL,
  PRIMARY KEY (`ID_`),
  KEY `ACT_IDX_HI_PROCVAR_PROC_INST` (`PROC_INST_ID_`),
  KEY `ACT_IDX_HI_PROCVAR_NAME_TYPE` (`NAME_`,`VAR_TYPE_`),
  KEY `ACT_IDX_HI_PROCVAR_TASK_ID` (`TASK_ID_`)
) ENGINE=InnoDB DEFAULT CHARSET=utf8 COLLATE=utf8_bin;

/*Data for the table `act_hi_varinst` */

/*Table structure for table `act_procdef_info` */

DROP TABLE IF EXISTS `act_procdef_info`;

CREATE TABLE `act_procdef_info` (
  `ID_` varchar(64) COLLATE utf8_bin NOT NULL,
  `PROC_DEF_ID_` varchar(64) COLLATE utf8_bin NOT NULL,
  `REV_` int(11) DEFAULT NULL,
  `INFO_JSON_ID_` varchar(64) COLLATE utf8_bin DEFAULT NULL,
  PRIMARY KEY (`ID_`),
  UNIQUE KEY `ACT_UNIQ_INFO_PROCDEF` (`PROC_DEF_ID_`),
  KEY `ACT_IDX_INFO_PROCDEF` (`PROC_DEF_ID_`),
  KEY `ACT_FK_INFO_JSON_BA` (`INFO_JSON_ID_`),
  CONSTRAINT `ACT_FK_INFO_JSON_BA` FOREIGN KEY (`INFO_JSON_ID_`) REFERENCES `act_ge_bytearray` (`ID_`),
  CONSTRAINT `ACT_FK_INFO_PROCDEF` FOREIGN KEY (`PROC_DEF_ID_`) REFERENCES `act_re_procdef` (`ID_`)
) ENGINE=InnoDB DEFAULT CHARSET=utf8 COLLATE=utf8_bin;

/*Data for the table `act_procdef_info` */

/*Table structure for table `act_re_deployment` */

DROP TABLE IF EXISTS `act_re_deployment`;

CREATE TABLE `act_re_deployment` (
  `ID_` varchar(64) COLLATE utf8_bin NOT NULL,
  `NAME_` varchar(255) COLLATE utf8_bin DEFAULT NULL,
  `CATEGORY_` varchar(255) COLLATE utf8_bin DEFAULT NULL,
  `KEY_` varchar(255) COLLATE utf8_bin DEFAULT NULL,
  `TENANT_ID_` varchar(255) COLLATE utf8_bin DEFAULT '',
  `DEPLOY_TIME_` timestamp(3) NULL DEFAULT NULL,
  `ENGINE_VERSION_` varchar(255) COLLATE utf8_bin DEFAULT NULL,
  PRIMARY KEY (`ID_`)
) ENGINE=InnoDB DEFAULT CHARSET=utf8 COLLATE=utf8_bin;

/*Data for the table `act_re_deployment` */

/*Table structure for table `act_re_model` */

DROP TABLE IF EXISTS `act_re_model`;

CREATE TABLE `act_re_model` (
  `ID_` varchar(64) COLLATE utf8_bin NOT NULL,
  `REV_` int(11) DEFAULT NULL,
  `NAME_` varchar(255) COLLATE utf8_bin DEFAULT NULL,
  `KEY_` varchar(255) COLLATE utf8_bin DEFAULT NULL,
  `CATEGORY_` varchar(255) COLLATE utf8_bin DEFAULT NULL,
  `CREATE_TIME_` timestamp(3) NULL DEFAULT NULL,
  `LAST_UPDATE_TIME_` timestamp(3) NULL DEFAULT NULL,
  `VERSION_` int(11) DEFAULT NULL,
  `META_INFO_` varchar(4000) COLLATE utf8_bin DEFAULT NULL,
  `DEPLOYMENT_ID_` varchar(64) COLLATE utf8_bin DEFAULT NULL,
  `EDITOR_SOURCE_VALUE_ID_` varchar(64) COLLATE utf8_bin DEFAULT NULL,
  `EDITOR_SOURCE_EXTRA_VALUE_ID_` varchar(64) COLLATE utf8_bin DEFAULT NULL,
  `TENANT_ID_` varchar(255) COLLATE utf8_bin DEFAULT '',
  PRIMARY KEY (`ID_`),
  KEY `ACT_FK_MODEL_SOURCE` (`EDITOR_SOURCE_VALUE_ID_`),
  KEY `ACT_FK_MODEL_SOURCE_EXTRA` (`EDITOR_SOURCE_EXTRA_VALUE_ID_`),
  KEY `ACT_FK_MODEL_DEPLOYMENT` (`DEPLOYMENT_ID_`),
  CONSTRAINT `ACT_FK_MODEL_DEPLOYMENT` FOREIGN KEY (`DEPLOYMENT_ID_`) REFERENCES `act_re_deployment` (`ID_`),
  CONSTRAINT `ACT_FK_MODEL_SOURCE` FOREIGN KEY (`EDITOR_SOURCE_VALUE_ID_`) REFERENCES `act_ge_bytearray` (`ID_`),
  CONSTRAINT `ACT_FK_MODEL_SOURCE_EXTRA` FOREIGN KEY (`EDITOR_SOURCE_EXTRA_VALUE_ID_`) REFERENCES `act_ge_bytearray` (`ID_`)
) ENGINE=InnoDB DEFAULT CHARSET=utf8 COLLATE=utf8_bin;

/*Data for the table `act_re_model` */

insert  into `act_re_model`(`ID_`,`REV_`,`NAME_`,`KEY_`,`CATEGORY_`,`CREATE_TIME_`,`LAST_UPDATE_TIME_`,`VERSION_`,`META_INFO_`,`DEPLOYMENT_ID_`,`EDITOR_SOURCE_VALUE_ID_`,`EDITOR_SOURCE_EXTRA_VALUE_ID_`,`TENANT_ID_`) values ('1',4,'销售单审批流程','salesOrder_process',NULL,'2020-06-13 13:35:11.871','2020-06-13 13:53:35.103',1,'{\"name\":\"销售单审批流程\",\"revision\":1,\"description\":\"销售单审批流程\"}',NULL,'2',NULL,'');

/*Table structure for table `act_re_procdef` */

DROP TABLE IF EXISTS `act_re_procdef`;

CREATE TABLE `act_re_procdef` (
  `ID_` varchar(64) COLLATE utf8_bin NOT NULL,
  `REV_` int(11) DEFAULT NULL,
  `CATEGORY_` varchar(255) COLLATE utf8_bin DEFAULT NULL,
  `NAME_` varchar(255) COLLATE utf8_bin DEFAULT NULL,
  `KEY_` varchar(255) COLLATE utf8_bin NOT NULL,
  `VERSION_` int(11) NOT NULL,
  `DEPLOYMENT_ID_` varchar(64) COLLATE utf8_bin DEFAULT NULL,
  `RESOURCE_NAME_` varchar(4000) COLLATE utf8_bin DEFAULT NULL,
  `DGRM_RESOURCE_NAME_` varchar(4000) COLLATE utf8_bin DEFAULT NULL,
  `DESCRIPTION_` varchar(4000) COLLATE utf8_bin DEFAULT NULL,
  `HAS_START_FORM_KEY_` tinyint(4) DEFAULT NULL,
  `HAS_GRAPHICAL_NOTATION_` tinyint(4) DEFAULT NULL,
  `SUSPENSION_STATE_` int(11) DEFAULT NULL,
  `TENANT_ID_` varchar(255) COLLATE utf8_bin DEFAULT '',
  `ENGINE_VERSION_` varchar(255) COLLATE utf8_bin DEFAULT NULL,
  PRIMARY KEY (`ID_`),
  UNIQUE KEY `ACT_UNIQ_PROCDEF` (`KEY_`,`VERSION_`,`TENANT_ID_`)
) ENGINE=InnoDB DEFAULT CHARSET=utf8 COLLATE=utf8_bin;

/*Data for the table `act_re_procdef` */

/*Table structure for table `act_ru_deadletter_job` */

DROP TABLE IF EXISTS `act_ru_deadletter_job`;

CREATE TABLE `act_ru_deadletter_job` (
  `ID_` varchar(64) COLLATE utf8_bin NOT NULL,
  `REV_` int(11) DEFAULT NULL,
  `TYPE_` varchar(255) COLLATE utf8_bin NOT NULL,
  `EXCLUSIVE_` tinyint(1) DEFAULT NULL,
  `EXECUTION_ID_` varchar(64) COLLATE utf8_bin DEFAULT NULL,
  `PROCESS_INSTANCE_ID_` varchar(64) COLLATE utf8_bin DEFAULT NULL,
  `PROC_DEF_ID_` varchar(64) COLLATE utf8_bin DEFAULT NULL,
  `EXCEPTION_STACK_ID_` varchar(64) COLLATE utf8_bin DEFAULT NULL,
  `EXCEPTION_MSG_` varchar(4000) COLLATE utf8_bin DEFAULT NULL,
  `DUEDATE_` timestamp(3) NULL DEFAULT NULL,
  `REPEAT_` varchar(255) COLLATE utf8_bin DEFAULT NULL,
  `HANDLER_TYPE_` varchar(255) COLLATE utf8_bin DEFAULT NULL,
  `HANDLER_CFG_` varchar(4000) COLLATE utf8_bin DEFAULT NULL,
  `TENANT_ID_` varchar(255) COLLATE utf8_bin DEFAULT '',
  PRIMARY KEY (`ID_`),
  KEY `ACT_FK_DEADLETTER_JOB_EXECUTION` (`EXECUTION_ID_`),
  KEY `ACT_FK_DEADLETTER_JOB_PROCESS_INSTANCE` (`PROCESS_INSTANCE_ID_`),
  KEY `ACT_FK_DEADLETTER_JOB_PROC_DEF` (`PROC_DEF_ID_`),
  KEY `ACT_FK_DEADLETTER_JOB_EXCEPTION` (`EXCEPTION_STACK_ID_`),
  CONSTRAINT `ACT_FK_DEADLETTER_JOB_EXCEPTION` FOREIGN KEY (`EXCEPTION_STACK_ID_`) REFERENCES `act_ge_bytearray` (`ID_`),
  CONSTRAINT `ACT_FK_DEADLETTER_JOB_EXECUTION` FOREIGN KEY (`EXECUTION_ID_`) REFERENCES `act_ru_execution` (`ID_`),
  CONSTRAINT `ACT_FK_DEADLETTER_JOB_PROCESS_INSTANCE` FOREIGN KEY (`PROCESS_INSTANCE_ID_`) REFERENCES `act_ru_execution` (`ID_`),
  CONSTRAINT `ACT_FK_DEADLETTER_JOB_PROC_DEF` FOREIGN KEY (`PROC_DEF_ID_`) REFERENCES `act_re_procdef` (`ID_`)
) ENGINE=InnoDB DEFAULT CHARSET=utf8 COLLATE=utf8_bin;

/*Data for the table `act_ru_deadletter_job` */

/*Table structure for table `act_ru_event_subscr` */

DROP TABLE IF EXISTS `act_ru_event_subscr`;

CREATE TABLE `act_ru_event_subscr` (
  `ID_` varchar(64) COLLATE utf8_bin NOT NULL,
  `REV_` int(11) DEFAULT NULL,
  `EVENT_TYPE_` varchar(255) COLLATE utf8_bin NOT NULL,
  `EVENT_NAME_` varchar(255) COLLATE utf8_bin DEFAULT NULL,
  `EXECUTION_ID_` varchar(64) COLLATE utf8_bin DEFAULT NULL,
  `PROC_INST_ID_` varchar(64) COLLATE utf8_bin DEFAULT NULL,
  `ACTIVITY_ID_` varchar(64) COLLATE utf8_bin DEFAULT NULL,
  `CONFIGURATION_` varchar(255) COLLATE utf8_bin DEFAULT NULL,
  `CREATED_` timestamp(3) NOT NULL DEFAULT CURRENT_TIMESTAMP(3),
  `PROC_DEF_ID_` varchar(64) COLLATE utf8_bin DEFAULT NULL,
  `TENANT_ID_` varchar(255) COLLATE utf8_bin DEFAULT '',
  PRIMARY KEY (`ID_`),
  KEY `ACT_IDX_EVENT_SUBSCR_CONFIG_` (`CONFIGURATION_`),
  KEY `ACT_FK_EVENT_EXEC` (`EXECUTION_ID_`),
  CONSTRAINT `ACT_FK_EVENT_EXEC` FOREIGN KEY (`EXECUTION_ID_`) REFERENCES `act_ru_execution` (`ID_`)
) ENGINE=InnoDB DEFAULT CHARSET=utf8 COLLATE=utf8_bin;

/*Data for the table `act_ru_event_subscr` */

/*Table structure for table `act_ru_execution` */

DROP TABLE IF EXISTS `act_ru_execution`;

CREATE TABLE `act_ru_execution` (
  `ID_` varchar(64) COLLATE utf8_bin NOT NULL,
  `REV_` int(11) DEFAULT NULL,
  `PROC_INST_ID_` varchar(64) COLLATE utf8_bin DEFAULT NULL,
  `BUSINESS_KEY_` varchar(255) COLLATE utf8_bin DEFAULT NULL,
  `PARENT_ID_` varchar(64) COLLATE utf8_bin DEFAULT NULL,
  `PROC_DEF_ID_` varchar(64) COLLATE utf8_bin DEFAULT NULL,
  `SUPER_EXEC_` varchar(64) COLLATE utf8_bin DEFAULT NULL,
  `ROOT_PROC_INST_ID_` varchar(64) COLLATE utf8_bin DEFAULT NULL,
  `ACT_ID_` varchar(255) COLLATE utf8_bin DEFAULT NULL,
  `IS_ACTIVE_` tinyint(4) DEFAULT NULL,
  `IS_CONCURRENT_` tinyint(4) DEFAULT NULL,
  `IS_SCOPE_` tinyint(4) DEFAULT NULL,
  `IS_EVENT_SCOPE_` tinyint(4) DEFAULT NULL,
  `IS_MI_ROOT_` tinyint(4) DEFAULT NULL,
  `SUSPENSION_STATE_` int(11) DEFAULT NULL,
  `CACHED_ENT_STATE_` int(11) DEFAULT NULL,
  `TENANT_ID_` varchar(255) COLLATE utf8_bin DEFAULT '',
  `NAME_` varchar(255) COLLATE utf8_bin DEFAULT NULL,
  `START_TIME_` datetime(3) DEFAULT NULL,
  `START_USER_ID_` varchar(255) COLLATE utf8_bin DEFAULT NULL,
  `LOCK_TIME_` timestamp(3) NULL DEFAULT NULL,
  `IS_COUNT_ENABLED_` tinyint(4) DEFAULT NULL,
  `EVT_SUBSCR_COUNT_` int(11) DEFAULT NULL,
  `TASK_COUNT_` int(11) DEFAULT NULL,
  `JOB_COUNT_` int(11) DEFAULT NULL,
  `TIMER_JOB_COUNT_` int(11) DEFAULT NULL,
  `SUSP_JOB_COUNT_` int(11) DEFAULT NULL,
  `DEADLETTER_JOB_COUNT_` int(11) DEFAULT NULL,
  `VAR_COUNT_` int(11) DEFAULT NULL,
  `ID_LINK_COUNT_` int(11) DEFAULT NULL,
  PRIMARY KEY (`ID_`),
  KEY `ACT_IDX_EXEC_BUSKEY` (`BUSINESS_KEY_`),
  KEY `ACT_IDC_EXEC_ROOT` (`ROOT_PROC_INST_ID_`),
  KEY `ACT_FK_EXE_PROCINST` (`PROC_INST_ID_`),
  KEY `ACT_FK_EXE_PARENT` (`PARENT_ID_`),
  KEY `ACT_FK_EXE_SUPER` (`SUPER_EXEC_`),
  KEY `ACT_FK_EXE_PROCDEF` (`PROC_DEF_ID_`),
  CONSTRAINT `ACT_FK_EXE_PARENT` FOREIGN KEY (`PARENT_ID_`) REFERENCES `act_ru_execution` (`ID_`) ON DELETE CASCADE,
  CONSTRAINT `ACT_FK_EXE_PROCDEF` FOREIGN KEY (`PROC_DEF_ID_`) REFERENCES `act_re_procdef` (`ID_`),
  CONSTRAINT `ACT_FK_EXE_PROCINST` FOREIGN KEY (`PROC_INST_ID_`) REFERENCES `act_ru_execution` (`ID_`) ON DELETE CASCADE ON UPDATE CASCADE,
  CONSTRAINT `ACT_FK_EXE_SUPER` FOREIGN KEY (`SUPER_EXEC_`) REFERENCES `act_ru_execution` (`ID_`) ON DELETE CASCADE
) ENGINE=InnoDB DEFAULT CHARSET=utf8 COLLATE=utf8_bin;

/*Data for the table `act_ru_execution` */

/*Table structure for table `act_ru_identitylink` */

DROP TABLE IF EXISTS `act_ru_identitylink`;

CREATE TABLE `act_ru_identitylink` (
  `ID_` varchar(64) COLLATE utf8_bin NOT NULL,
  `REV_` int(11) DEFAULT NULL,
  `GROUP_ID_` varchar(255) COLLATE utf8_bin DEFAULT NULL,
  `TYPE_` varchar(255) COLLATE utf8_bin DEFAULT NULL,
  `USER_ID_` varchar(255) COLLATE utf8_bin DEFAULT NULL,
  `TASK_ID_` varchar(64) COLLATE utf8_bin DEFAULT NULL,
  `PROC_INST_ID_` varchar(64) COLLATE utf8_bin DEFAULT NULL,
  `PROC_DEF_ID_` varchar(64) COLLATE utf8_bin DEFAULT NULL,
  PRIMARY KEY (`ID_`),
  KEY `ACT_IDX_IDENT_LNK_USER` (`USER_ID_`),
  KEY `ACT_IDX_IDENT_LNK_GROUP` (`GROUP_ID_`),
  KEY `ACT_IDX_ATHRZ_PROCEDEF` (`PROC_DEF_ID_`),
  KEY `ACT_FK_TSKASS_TASK` (`TASK_ID_`),
  KEY `ACT_FK_IDL_PROCINST` (`PROC_INST_ID_`),
  CONSTRAINT `ACT_FK_ATHRZ_PROCEDEF` FOREIGN KEY (`PROC_DEF_ID_`) REFERENCES `act_re_procdef` (`ID_`),
  CONSTRAINT `ACT_FK_IDL_PROCINST` FOREIGN KEY (`PROC_INST_ID_`) REFERENCES `act_ru_execution` (`ID_`),
  CONSTRAINT `ACT_FK_TSKASS_TASK` FOREIGN KEY (`TASK_ID_`) REFERENCES `act_ru_task` (`ID_`)
) ENGINE=InnoDB DEFAULT CHARSET=utf8 COLLATE=utf8_bin;

/*Data for the table `act_ru_identitylink` */

/*Table structure for table `act_ru_job` */

DROP TABLE IF EXISTS `act_ru_job`;

CREATE TABLE `act_ru_job` (
  `ID_` varchar(64) COLLATE utf8_bin NOT NULL,
  `REV_` int(11) DEFAULT NULL,
  `TYPE_` varchar(255) COLLATE utf8_bin NOT NULL,
  `LOCK_EXP_TIME_` timestamp(3) NULL DEFAULT NULL,
  `LOCK_OWNER_` varchar(255) COLLATE utf8_bin DEFAULT NULL,
  `EXCLUSIVE_` tinyint(1) DEFAULT NULL,
  `EXECUTION_ID_` varchar(64) COLLATE utf8_bin DEFAULT NULL,
  `PROCESS_INSTANCE_ID_` varchar(64) COLLATE utf8_bin DEFAULT NULL,
  `PROC_DEF_ID_` varchar(64) COLLATE utf8_bin DEFAULT NULL,
  `RETRIES_` int(11) DEFAULT NULL,
  `EXCEPTION_STACK_ID_` varchar(64) COLLATE utf8_bin DEFAULT NULL,
  `EXCEPTION_MSG_` varchar(4000) COLLATE utf8_bin DEFAULT NULL,
  `DUEDATE_` timestamp(3) NULL DEFAULT NULL,
  `REPEAT_` varchar(255) COLLATE utf8_bin DEFAULT NULL,
  `HANDLER_TYPE_` varchar(255) COLLATE utf8_bin DEFAULT NULL,
  `HANDLER_CFG_` varchar(4000) COLLATE utf8_bin DEFAULT NULL,
  `TENANT_ID_` varchar(255) COLLATE utf8_bin DEFAULT '',
  PRIMARY KEY (`ID_`),
  KEY `ACT_FK_JOB_EXECUTION` (`EXECUTION_ID_`),
  KEY `ACT_FK_JOB_PROCESS_INSTANCE` (`PROCESS_INSTANCE_ID_`),
  KEY `ACT_FK_JOB_PROC_DEF` (`PROC_DEF_ID_`),
  KEY `ACT_FK_JOB_EXCEPTION` (`EXCEPTION_STACK_ID_`),
  CONSTRAINT `ACT_FK_JOB_EXCEPTION` FOREIGN KEY (`EXCEPTION_STACK_ID_`) REFERENCES `act_ge_bytearray` (`ID_`),
  CONSTRAINT `ACT_FK_JOB_EXECUTION` FOREIGN KEY (`EXECUTION_ID_`) REFERENCES `act_ru_execution` (`ID_`),
  CONSTRAINT `ACT_FK_JOB_PROCESS_INSTANCE` FOREIGN KEY (`PROCESS_INSTANCE_ID_`) REFERENCES `act_ru_execution` (`ID_`),
  CONSTRAINT `ACT_FK_JOB_PROC_DEF` FOREIGN KEY (`PROC_DEF_ID_`) REFERENCES `act_re_procdef` (`ID_`)
) ENGINE=InnoDB DEFAULT CHARSET=utf8 COLLATE=utf8_bin;

/*Data for the table `act_ru_job` */

/*Table structure for table `act_ru_suspended_job` */

DROP TABLE IF EXISTS `act_ru_suspended_job`;

CREATE TABLE `act_ru_suspended_job` (
  `ID_` varchar(64) COLLATE utf8_bin NOT NULL,
  `REV_` int(11) DEFAULT NULL,
  `TYPE_` varchar(255) COLLATE utf8_bin NOT NULL,
  `EXCLUSIVE_` tinyint(1) DEFAULT NULL,
  `EXECUTION_ID_` varchar(64) COLLATE utf8_bin DEFAULT NULL,
  `PROCESS_INSTANCE_ID_` varchar(64) COLLATE utf8_bin DEFAULT NULL,
  `PROC_DEF_ID_` varchar(64) COLLATE utf8_bin DEFAULT NULL,
  `RETRIES_` int(11) DEFAULT NULL,
  `EXCEPTION_STACK_ID_` varchar(64) COLLATE utf8_bin DEFAULT NULL,
  `EXCEPTION_MSG_` varchar(4000) COLLATE utf8_bin DEFAULT NULL,
  `DUEDATE_` timestamp(3) NULL DEFAULT NULL,
  `REPEAT_` varchar(255) COLLATE utf8_bin DEFAULT NULL,
  `HANDLER_TYPE_` varchar(255) COLLATE utf8_bin DEFAULT NULL,
  `HANDLER_CFG_` varchar(4000) COLLATE utf8_bin DEFAULT NULL,
  `TENANT_ID_` varchar(255) COLLATE utf8_bin DEFAULT '',
  PRIMARY KEY (`ID_`),
  KEY `ACT_FK_SUSPENDED_JOB_EXECUTION` (`EXECUTION_ID_`),
  KEY `ACT_FK_SUSPENDED_JOB_PROCESS_INSTANCE` (`PROCESS_INSTANCE_ID_`),
  KEY `ACT_FK_SUSPENDED_JOB_PROC_DEF` (`PROC_DEF_ID_`),
  KEY `ACT_FK_SUSPENDED_JOB_EXCEPTION` (`EXCEPTION_STACK_ID_`),
  CONSTRAINT `ACT_FK_SUSPENDED_JOB_EXCEPTION` FOREIGN KEY (`EXCEPTION_STACK_ID_`) REFERENCES `act_ge_bytearray` (`ID_`),
  CONSTRAINT `ACT_FK_SUSPENDED_JOB_EXECUTION` FOREIGN KEY (`EXECUTION_ID_`) REFERENCES `act_ru_execution` (`ID_`),
  CONSTRAINT `ACT_FK_SUSPENDED_JOB_PROCESS_INSTANCE` FOREIGN KEY (`PROCESS_INSTANCE_ID_`) REFERENCES `act_ru_execution` (`ID_`),
  CONSTRAINT `ACT_FK_SUSPENDED_JOB_PROC_DEF` FOREIGN KEY (`PROC_DEF_ID_`) REFERENCES `act_re_procdef` (`ID_`)
) ENGINE=InnoDB DEFAULT CHARSET=utf8 COLLATE=utf8_bin;

/*Data for the table `act_ru_suspended_job` */

/*Table structure for table `act_ru_task` */

DROP TABLE IF EXISTS `act_ru_task`;

CREATE TABLE `act_ru_task` (
  `ID_` varchar(64) COLLATE utf8_bin NOT NULL,
  `REV_` int(11) DEFAULT NULL,
  `EXECUTION_ID_` varchar(64) COLLATE utf8_bin DEFAULT NULL,
  `PROC_INST_ID_` varchar(64) COLLATE utf8_bin DEFAULT NULL,
  `PROC_DEF_ID_` varchar(64) COLLATE utf8_bin DEFAULT NULL,
  `NAME_` varchar(255) COLLATE utf8_bin DEFAULT NULL,
  `PARENT_TASK_ID_` varchar(64) COLLATE utf8_bin DEFAULT NULL,
  `DESCRIPTION_` varchar(4000) COLLATE utf8_bin DEFAULT NULL,
  `TASK_DEF_KEY_` varchar(255) COLLATE utf8_bin DEFAULT NULL,
  `OWNER_` varchar(255) COLLATE utf8_bin DEFAULT NULL,
  `ASSIGNEE_` varchar(255) COLLATE utf8_bin DEFAULT NULL,
  `DELEGATION_` varchar(64) COLLATE utf8_bin DEFAULT NULL,
  `PRIORITY_` int(11) DEFAULT NULL,
  `CREATE_TIME_` timestamp(3) NULL DEFAULT NULL,
  `DUE_DATE_` datetime(3) DEFAULT NULL,
  `CATEGORY_` varchar(255) COLLATE utf8_bin DEFAULT NULL,
  `SUSPENSION_STATE_` int(11) DEFAULT NULL,
  `TENANT_ID_` varchar(255) COLLATE utf8_bin DEFAULT '',
  `FORM_KEY_` varchar(255) COLLATE utf8_bin DEFAULT NULL,
  `CLAIM_TIME_` datetime(3) DEFAULT NULL,
  PRIMARY KEY (`ID_`),
  KEY `ACT_IDX_TASK_CREATE` (`CREATE_TIME_`),
  KEY `ACT_FK_TASK_EXE` (`EXECUTION_ID_`),
  KEY `ACT_FK_TASK_PROCINST` (`PROC_INST_ID_`),
  KEY `ACT_FK_TASK_PROCDEF` (`PROC_DEF_ID_`),
  CONSTRAINT `ACT_FK_TASK_EXE` FOREIGN KEY (`EXECUTION_ID_`) REFERENCES `act_ru_execution` (`ID_`),
  CONSTRAINT `ACT_FK_TASK_PROCDEF` FOREIGN KEY (`PROC_DEF_ID_`) REFERENCES `act_re_procdef` (`ID_`),
  CONSTRAINT `ACT_FK_TASK_PROCINST` FOREIGN KEY (`PROC_INST_ID_`) REFERENCES `act_ru_execution` (`ID_`)
) ENGINE=InnoDB DEFAULT CHARSET=utf8 COLLATE=utf8_bin;

/*Data for the table `act_ru_task` */

/*Table structure for table `act_ru_timer_job` */

DROP TABLE IF EXISTS `act_ru_timer_job`;

CREATE TABLE `act_ru_timer_job` (
  `ID_` varchar(64) COLLATE utf8_bin NOT NULL,
  `REV_` int(11) DEFAULT NULL,
  `TYPE_` varchar(255) COLLATE utf8_bin NOT NULL,
  `LOCK_EXP_TIME_` timestamp(3) NULL DEFAULT NULL,
  `LOCK_OWNER_` varchar(255) COLLATE utf8_bin DEFAULT NULL,
  `EXCLUSIVE_` tinyint(1) DEFAULT NULL,
  `EXECUTION_ID_` varchar(64) COLLATE utf8_bin DEFAULT NULL,
  `PROCESS_INSTANCE_ID_` varchar(64) COLLATE utf8_bin DEFAULT NULL,
  `PROC_DEF_ID_` varchar(64) COLLATE utf8_bin DEFAULT NULL,
  `RETRIES_` int(11) DEFAULT NULL,
  `EXCEPTION_STACK_ID_` varchar(64) COLLATE utf8_bin DEFAULT NULL,
  `EXCEPTION_MSG_` varchar(4000) COLLATE utf8_bin DEFAULT NULL,
  `DUEDATE_` timestamp(3) NULL DEFAULT NULL,
  `REPEAT_` varchar(255) COLLATE utf8_bin DEFAULT NULL,
  `HANDLER_TYPE_` varchar(255) COLLATE utf8_bin DEFAULT NULL,
  `HANDLER_CFG_` varchar(4000) COLLATE utf8_bin DEFAULT NULL,
  `TENANT_ID_` varchar(255) COLLATE utf8_bin DEFAULT '',
  PRIMARY KEY (`ID_`),
  KEY `ACT_FK_TIMER_JOB_EXECUTION` (`EXECUTION_ID_`),
  KEY `ACT_FK_TIMER_JOB_PROCESS_INSTANCE` (`PROCESS_INSTANCE_ID_`),
  KEY `ACT_FK_TIMER_JOB_PROC_DEF` (`PROC_DEF_ID_`),
  KEY `ACT_FK_TIMER_JOB_EXCEPTION` (`EXCEPTION_STACK_ID_`),
  CONSTRAINT `ACT_FK_TIMER_JOB_EXCEPTION` FOREIGN KEY (`EXCEPTION_STACK_ID_`) REFERENCES `act_ge_bytearray` (`ID_`),
  CONSTRAINT `ACT_FK_TIMER_JOB_EXECUTION` FOREIGN KEY (`EXECUTION_ID_`) REFERENCES `act_ru_execution` (`ID_`),
  CONSTRAINT `ACT_FK_TIMER_JOB_PROCESS_INSTANCE` FOREIGN KEY (`PROCESS_INSTANCE_ID_`) REFERENCES `act_ru_execution` (`ID_`),
  CONSTRAINT `ACT_FK_TIMER_JOB_PROC_DEF` FOREIGN KEY (`PROC_DEF_ID_`) REFERENCES `act_re_procdef` (`ID_`)
) ENGINE=InnoDB DEFAULT CHARSET=utf8 COLLATE=utf8_bin;

/*Data for the table `act_ru_timer_job` */

/*Table structure for table `act_ru_variable` */

DROP TABLE IF EXISTS `act_ru_variable`;

CREATE TABLE `act_ru_variable` (
  `ID_` varchar(64) COLLATE utf8_bin NOT NULL,
  `REV_` int(11) DEFAULT NULL,
  `TYPE_` varchar(255) COLLATE utf8_bin NOT NULL,
  `NAME_` varchar(255) COLLATE utf8_bin NOT NULL,
  `EXECUTION_ID_` varchar(64) COLLATE utf8_bin DEFAULT NULL,
  `PROC_INST_ID_` varchar(64) COLLATE utf8_bin DEFAULT NULL,
  `TASK_ID_` varchar(64) COLLATE utf8_bin DEFAULT NULL,
  `BYTEARRAY_ID_` varchar(64) COLLATE utf8_bin DEFAULT NULL,
  `DOUBLE_` double DEFAULT NULL,
  `LONG_` bigint(20) DEFAULT NULL,
  `TEXT_` varchar(4000) COLLATE utf8_bin DEFAULT NULL,
  `TEXT2_` varchar(4000) COLLATE utf8_bin DEFAULT NULL,
  PRIMARY KEY (`ID_`),
  KEY `ACT_IDX_VARIABLE_TASK_ID` (`TASK_ID_`),
  KEY `ACT_FK_VAR_EXE` (`EXECUTION_ID_`),
  KEY `ACT_FK_VAR_PROCINST` (`PROC_INST_ID_`),
  KEY `ACT_FK_VAR_BYTEARRAY` (`BYTEARRAY_ID_`),
  CONSTRAINT `ACT_FK_VAR_BYTEARRAY` FOREIGN KEY (`BYTEARRAY_ID_`) REFERENCES `act_ge_bytearray` (`ID_`),
  CONSTRAINT `ACT_FK_VAR_EXE` FOREIGN KEY (`EXECUTION_ID_`) REFERENCES `act_ru_execution` (`ID_`),
  CONSTRAINT `ACT_FK_VAR_PROCINST` FOREIGN KEY (`PROC_INST_ID_`) REFERENCES `act_ru_execution` (`ID_`)
) ENGINE=InnoDB DEFAULT CHARSET=utf8 COLLATE=utf8_bin;

/*Data for the table `act_ru_variable` */

/*Table structure for table `biz_leave` */

DROP TABLE IF EXISTS `biz_leave`;

CREATE TABLE `biz_leave` (
  `id` bigint(20) NOT NULL AUTO_INCREMENT COMMENT '主键ID',
  `type` char(20) DEFAULT NULL COMMENT '请假类型',
  `title` varchar(100) DEFAULT NULL COMMENT '标题',
  `reason` varchar(500) DEFAULT NULL COMMENT '原因',
  `start_time` datetime DEFAULT NULL COMMENT '开始时间',
  `end_time` datetime DEFAULT NULL COMMENT '结束时间',
  `total_time` bigint(11) DEFAULT NULL COMMENT '请假时长，单位秒',
  `instance_id` varchar(32) DEFAULT NULL COMMENT '流程实例ID',
  `create_by` varchar(64) DEFAULT '' COMMENT '创建者',
  `create_time` datetime DEFAULT NULL COMMENT '创建时间',
  `update_by` varchar(64) DEFAULT '' COMMENT '更新者',
  `update_time` datetime DEFAULT NULL COMMENT '更新时间',
  `apply_user` varchar(64) DEFAULT NULL COMMENT '申请人',
  `apply_time` datetime DEFAULT NULL COMMENT '申请时间',
  `reality_start_time` datetime DEFAULT NULL COMMENT '实际开始时间',
  `reality_end_time` datetime DEFAULT NULL COMMENT '实际结束时间',
  PRIMARY KEY (`id`)
) ENGINE=InnoDB AUTO_INCREMENT=2 DEFAULT CHARSET=utf8;

/*Data for the table `biz_leave` */

insert  into `biz_leave`(`id`,`type`,`title`,`reason`,`start_time`,`end_time`,`total_time`,`instance_id`,`create_by`,`create_time`,`update_by`,`update_time`,`apply_user`,`apply_time`,`reality_start_time`,`reality_end_time`) values (1,'leaveCounterSign','测试请假流程','123456','2020-06-13 14:50:00','2020-06-20 14:50:00',604800,NULL,'chengxy','2020-06-13 14:34:12','',NULL,NULL,NULL,NULL,NULL);

/*Table structure for table `biz_product` */

DROP TABLE IF EXISTS `biz_product`;

CREATE TABLE `biz_product` (
  `ID` bigint(20) NOT NULL AUTO_INCREMENT COMMENT '主键ID',
  `NAME` varchar(100) DEFAULT NULL COMMENT '名称',
  PRIMARY KEY (`ID`)
) ENGINE=InnoDB AUTO_INCREMENT=8 DEFAULT CHARSET=utf8;

/*Data for the table `biz_product` */

insert  into `biz_product`(`ID`,`NAME`) values (1,'生发剂'),(2,'假发'),(3,'帽子'),(4,'颈椎病康复指南'),(5,'板砖'),(6,'速效救心丸'),(7,'一日老板体验券');

/*Table structure for table `biz_purchase` */

DROP TABLE IF EXISTS `biz_purchase`;

CREATE TABLE `biz_purchase` (
  `ID` bigint(20) NOT NULL AUTO_INCREMENT COMMENT '主键ID',
  `TITLE` varchar(100) DEFAULT NULL COMMENT '标题',
  `AMOUNT` decimal(16,2) DEFAULT '0.00' COMMENT '金额',
  `INSTANCE_ID` varchar(32) DEFAULT NULL,
  `CREATE_BY` varchar(64) DEFAULT NULL COMMENT '创建者',
  `CREATE_TIME` datetime DEFAULT NULL COMMENT '创建时间',
  `UPDATE_BY` varchar(64) DEFAULT NULL COMMENT '更新者',
  `UPDATE_TIME` datetime DEFAULT NULL COMMENT '更新时间',
  `APPLY_USER` varchar(64) DEFAULT NULL COMMENT '申请人',
  `APPLY_TIME` datetime DEFAULT NULL COMMENT '申请时间',
  PRIMARY KEY (`ID`)
) ENGINE=InnoDB DEFAULT CHARSET=utf8;

/*Data for the table `biz_purchase` */

/*Table structure for table `biz_purchase_product` */

DROP TABLE IF EXISTS `biz_purchase_product`;

CREATE TABLE `biz_purchase_product` (
  `ID` bigint(20) NOT NULL AUTO_INCREMENT COMMENT '主键ID',
  `PURCHASE_ID` bigint(20) DEFAULT NULL COMMENT '采购ID',
  `PRODUCT_ID` bigint(20) DEFAULT NULL COMMENT '产品ID',
  PRIMARY KEY (`ID`)
) ENGINE=InnoDB DEFAULT CHARSET=utf8;

/*Data for the table `biz_purchase_product` */

/*Table structure for table `biz_todo_item` */

DROP TABLE IF EXISTS `biz_todo_item`;

CREATE TABLE `biz_todo_item` (
  `id` bigint(20) NOT NULL AUTO_INCREMENT COMMENT '主键 ID',
  `item_name` varchar(100) DEFAULT NULL COMMENT '事项标题',
  `item_content` varchar(500) DEFAULT NULL COMMENT '事项内容',
  `module` varchar(50) DEFAULT NULL COMMENT '模块名称 (必须以 uri 一致)',
  `task_id` varchar(64) DEFAULT NULL COMMENT '任务 ID',
  `instance_id` varchar(32) DEFAULT NULL COMMENT '流程实例 ID',
  `task_name` varchar(50) DEFAULT NULL COMMENT '任务名称 (必须以表单页面名称一致)',
  `node_name` varchar(50) DEFAULT NULL COMMENT '节点名称',
  `is_view` char(1) DEFAULT '0' COMMENT '是否查看 default 0 (0 否 1 是)',
  `is_handle` char(1) DEFAULT '0' COMMENT '是否处理 default 0 (0 否 1 是)',
  `todo_user_id` varchar(20) DEFAULT NULL COMMENT '待办人 ID',
  `todo_user_name` varchar(30) DEFAULT NULL COMMENT '待办人名称',
  `handle_user_id` varchar(20) DEFAULT NULL COMMENT '处理人 ID',
  `handle_user_name` varchar(30) DEFAULT NULL COMMENT '处理人名称',
  `todo_time` datetime DEFAULT NULL COMMENT '通知时间',
  `handle_time` datetime DEFAULT NULL COMMENT '处理时间',
  PRIMARY KEY (`id`)
) ENGINE=InnoDB DEFAULT CHARSET=utf8 COMMENT='待办事项表';

/*Data for the table `biz_todo_item` */

/*Table structure for table `gen_table` */

DROP TABLE IF EXISTS `gen_table`;

CREATE TABLE `gen_table` (
  `table_id` bigint(20) NOT NULL AUTO_INCREMENT COMMENT '编号',
  `table_name` varchar(200) DEFAULT '' COMMENT '表名称',
  `table_comment` varchar(500) DEFAULT '' COMMENT '表描述',
  `class_name` varchar(100) DEFAULT '' COMMENT '实体类名称',
  `tpl_category` varchar(200) DEFAULT 'crud' COMMENT '使用的模板（crud单表操作 tree树表操作）',
  `package_name` varchar(100) DEFAULT NULL COMMENT '生成包路径',
  `module_name` varchar(30) DEFAULT NULL COMMENT '生成模块名',
  `business_name` varchar(30) DEFAULT NULL COMMENT '生成业务名',
  `function_name` varchar(50) DEFAULT NULL COMMENT '生成功能名',
  `function_author` varchar(50) DEFAULT NULL COMMENT '生成功能作者',
  `options` varchar(1000) DEFAULT NULL COMMENT '其它生成选项',
  `create_by` varchar(64) DEFAULT '' COMMENT '创建者',
  `create_time` datetime DEFAULT NULL COMMENT '创建时间',
  `update_by` varchar(64) DEFAULT '' COMMENT '更新者',
  `update_time` datetime DEFAULT NULL COMMENT '更新时间',
  `remark` varchar(500) DEFAULT NULL COMMENT '备注',
  PRIMARY KEY (`table_id`)
) ENGINE=InnoDB AUTO_INCREMENT=68 DEFAULT CHARSET=utf8 COMMENT='代码生成业务表';

/*Data for the table `gen_table` */

insert  into `gen_table`(`table_id`,`table_name`,`table_comment`,`class_name`,`tpl_category`,`package_name`,`module_name`,`business_name`,`function_name`,`function_author`,`options`,`create_by`,`create_time`,`update_by`,`update_time`,`remark`) values (1,'biz_purchase','','BizPurchase','crud','com.ruoyi.system','system','purchase',NULL,'ruoyi',NULL,'admin','2020-04-02 19:56:11','',NULL,NULL),(2,'act_hi_attachment','','ActHiAttachment','crud','com.ruoyi.system','system','attachment',NULL,'ruoyi',NULL,'admin','2020-06-13 13:29:25','',NULL,NULL),(3,'act_hi_comment','','ActHiComment','crud','com.ruoyi.system','system','comment',NULL,'ruoyi',NULL,'admin','2020-06-13 13:29:25','',NULL,NULL),(4,'act_hi_taskinst','','ActHiTaskinst','crud','com.ruoyi.system','system','taskinst',NULL,'ruoyi',NULL,'admin','2020-06-13 13:29:25','',NULL,NULL),(5,'act_hi_varinst','','ActHiVarinst','crud','com.ruoyi.system','system','varinst',NULL,'ruoyi',NULL,'admin','2020-06-13 13:29:25','',NULL,NULL),(6,'act_procdef_info','','ActProcdefInfo','crud','com.ruoyi.system','system','info',NULL,'ruoyi',NULL,'admin','2020-06-13 13:29:25','',NULL,NULL),(7,'act_ru_variable','','ActRuVariable','crud','com.ruoyi.system','system','variable',NULL,'ruoyi',NULL,'admin','2020-06-13 13:29:25','',NULL,NULL),(8,'biz_leave','','BizLeave','crud','com.ruoyi.system','system','leave',NULL,'ruoyi',NULL,'admin','2020-06-13 13:29:25','',NULL,NULL),(9,'biz_product','','BizProduct','crud','com.ruoyi.system','system','product',NULL,'ruoyi',NULL,'admin','2020-06-13 13:29:25','',NULL,NULL),(10,'biz_purchase_product','','BizPurchaseProduct','crud','com.ruoyi.system','system','product',NULL,'ruoyi',NULL,'admin','2020-06-13 13:29:25','',NULL,NULL),(11,'biz_todo_item','待办事项表','BizTodoItem','crud','com.ruoyi.system','system','item','待办事项','ruoyi',NULL,'admin','2020-06-13 13:29:25','',NULL,NULL),(12,'act_evt_log','','ActEvtLog','crud','com.ruoyi.system','system','log',NULL,'ruoyi',NULL,'admin','2020-06-13 13:29:33','',NULL,NULL),(13,'act_ge_bytearray','','ActGeBytearray','crud','com.ruoyi.system','system','bytearray',NULL,'ruoyi',NULL,'admin','2020-06-13 13:29:33','',NULL,NULL),(14,'act_ge_property','','ActGeProperty','crud','com.ruoyi.system','system','property',NULL,'ruoyi',NULL,'admin','2020-06-13 13:29:33','',NULL,NULL),(15,'act_hi_actinst','','ActHiActinst','crud','com.ruoyi.system','system','actinst',NULL,'ruoyi',NULL,'admin','2020-06-13 13:29:33','',NULL,NULL),(16,'act_hi_detail','','ActHiDetail','crud','com.ruoyi.system','system','detail',NULL,'ruoyi',NULL,'admin','2020-06-13 13:29:33','',NULL,NULL),(17,'act_hi_identitylink','','ActHiIdentitylink','crud','com.ruoyi.system','system','identitylink',NULL,'ruoyi',NULL,'admin','2020-06-13 13:29:33','',NULL,NULL),(18,'act_hi_procinst','','ActHiProcinst','crud','com.ruoyi.system','system','procinst',NULL,'ruoyi',NULL,'admin','2020-06-13 13:29:33','',NULL,NULL),(19,'act_re_deployment','','ActReDeployment','crud','com.ruoyi.system','system','deployment',NULL,'ruoyi',NULL,'admin','2020-06-13 13:29:33','',NULL,NULL),(20,'act_re_model','','ActReModel','crud','com.ruoyi.system','system','model',NULL,'ruoyi',NULL,'admin','2020-06-13 13:29:33','',NULL,NULL),(21,'act_re_procdef','','ActReProcdef','crud','com.ruoyi.system','system','procdef',NULL,'ruoyi',NULL,'admin','2020-06-13 13:29:33','',NULL,NULL),(22,'act_ru_deadletter_job','','ActRuDeadletterJob','crud','com.ruoyi.system','system','job',NULL,'ruoyi',NULL,'admin','2020-06-13 13:29:33','',NULL,NULL),(23,'act_ru_event_subscr','','ActRuEventSubscr','crud','com.ruoyi.system','system','subscr',NULL,'ruoyi',NULL,'admin','2020-06-13 13:29:33','',NULL,NULL),(24,'act_ru_execution','','ActRuExecution','crud','com.ruoyi.system','system','execution',NULL,'ruoyi',NULL,'admin','2020-06-13 13:29:33','',NULL,NULL),(25,'act_ru_identitylink','','ActRuIdentitylink','crud','com.ruoyi.system','system','identitylink',NULL,'ruoyi',NULL,'admin','2020-06-13 13:29:33','',NULL,NULL),(26,'act_ru_job','','ActRuJob','crud','com.ruoyi.system','system','job',NULL,'ruoyi',NULL,'admin','2020-06-13 13:29:33','',NULL,NULL),(27,'act_ru_suspended_job','','ActRuSuspendedJob','crud','com.ruoyi.system','system','job',NULL,'ruoyi',NULL,'admin','2020-06-13 13:29:33','',NULL,NULL),(28,'act_ru_task','','ActRuTask','crud','com.ruoyi.system','system','task',NULL,'ruoyi',NULL,'admin','2020-06-13 13:29:33','',NULL,NULL),(29,'act_ru_timer_job','','ActRuTimerJob','crud','com.ruoyi.system','system','job',NULL,'ruoyi',NULL,'admin','2020-06-13 13:29:33','',NULL,NULL),(30,'sys_attachment','附件表','SysAttachment','crud','com.ruoyi.system','system','attachment','附件','ruoyi',NULL,'admin','2020-06-13 13:29:33','',NULL,NULL),(31,'sys_building','楼盘基础信息表','SysBuilding','crud','com.ruoyi.system','system','building','楼盘基础信息','ruoyi',NULL,'admin','2020-06-13 13:29:33','',NULL,NULL),(32,'sys_code','编码表','SysCode','crud','com.ruoyi.system','system','code','编码','ruoyi',NULL,'admin','2020-06-13 13:29:33','',NULL,NULL),(33,'sys_commission','提成明细表','SysCommission','crud','com.ruoyi.system','system','commission','提成明细','ruoyi',NULL,'admin','2020-06-13 13:29:33','',NULL,NULL),(34,'sys_config','参数配置表','SysConfig','crud','com.ruoyi.system','system','config','参数配置','ruoyi',NULL,'admin','2020-06-13 13:29:33','',NULL,NULL),(35,'sys_customer','客户信息表','SysCustomer','crud','com.ruoyi.system','system','customer','客户信息','ruoyi',NULL,'admin','2020-06-13 13:29:33','',NULL,NULL),(36,'sys_dict_data','字典数据表','SysDictData','crud','com.ruoyi.system','system','data','字典数据','ruoyi',NULL,'admin','2020-06-13 13:29:33','',NULL,NULL),(37,'sys_dict_type','字典类型表','SysDictType','crud','com.ruoyi.system','system','type','字典类型','ruoyi',NULL,'admin','2020-06-13 13:29:33','',NULL,NULL),(38,'sys_file_record','资料领取记录表','SysFileRecord','crud','com.ruoyi.system','system','record','资料领取记录','ruoyi',NULL,'admin','2020-06-13 13:29:33','',NULL,NULL),(39,'sys_file_util','附件表','SysFileUtil','crud','com.ruoyi.system','system','util','附件','ruoyi',NULL,'admin','2020-06-13 13:29:33','',NULL,NULL),(40,'sys_flow','流程流转信息表','SysFlow','crud','com.ruoyi.system','system','flow','流程流转信息','ruoyi',NULL,'admin','2020-06-13 13:29:33','',NULL,NULL),(41,'sys_flowinfo_moving','流程流转处理意见记录表','SysFlowinfoMoving','crud','com.ruoyi.system','system','moving','流程流转处理意见记录','ruoyi',NULL,'admin','2020-06-13 13:29:33','',NULL,NULL),(42,'sys_house','楼房基础信息表','SysHouse','crud','com.ruoyi.system','system','house','楼房基础信息','ruoyi',NULL,'admin','2020-06-13 13:29:33','',NULL,NULL),(43,'sys_house_unit','楼盘单元楼号中间表','SysHouseUnit','crud','com.ruoyi.system','system','unit','楼盘单元楼号中间','ruoyi',NULL,'admin','2020-06-13 13:29:33','',NULL,NULL),(44,'sys_job','定时任务调度表','SysJob','crud','com.ruoyi.system','system','job','定时任务调度','ruoyi',NULL,'admin','2020-06-13 13:29:33','',NULL,NULL),(45,'sys_job_log','定时任务调度日志表','SysJobLog','crud','com.ruoyi.system','system','log','定时任务调度日志','ruoyi',NULL,'admin','2020-06-13 13:29:33','',NULL,NULL),(46,'sys_logininfor','系统访问记录','SysLogininfor','crud','com.ruoyi.system','system','logininfor','系统访问记录','ruoyi',NULL,'admin','2020-06-13 13:29:33','',NULL,NULL),(47,'sys_menu','菜单权限表','SysMenu','crud','com.ruoyi.system','system','menu','菜单权限','ruoyi',NULL,'admin','2020-06-13 13:29:33','',NULL,NULL),(48,'sys_notice','通知公告表','SysNotice','crud','com.ruoyi.system','system','notice','通知公告','ruoyi',NULL,'admin','2020-06-13 13:29:33','',NULL,NULL),(49,'sys_oper_log','操作日志记录','SysOperLog','crud','com.ruoyi.system','system','log','操作日志记录','ruoyi',NULL,'admin','2020-06-13 13:29:33','',NULL,NULL),(50,'sys_payment_details','收款明细表','SysPaymentDetails','crud','com.ruoyi.system','system','details','收款明细','ruoyi',NULL,'admin','2020-06-13 13:29:33','',NULL,NULL),(51,'sys_role','角色信息表','SysRole','crud','com.ruoyi.system','system','role','角色信息','ruoyi',NULL,'admin','2020-06-13 13:29:33','',NULL,NULL),(52,'sys_role_dept','角色和部门关联表','SysRoleDept','crud','com.ruoyi.system','system','dept','角色和部门关联','ruoyi',NULL,'admin','2020-06-13 13:29:33','',NULL,NULL),(53,'sys_role_menu','角色和菜单关联表','SysRoleMenu','crud','com.ruoyi.system','system','menu','角色和菜单关联','ruoyi',NULL,'admin','2020-06-13 13:29:33','',NULL,NULL),(54,'sys_sales_detail','销售信息表','SysSalesDetail','crud','com.ruoyi.system','system','detail','销售信息','ruoyi',NULL,'admin','2020-06-13 13:29:33','',NULL,NULL),(55,'sys_sales_team','新建销售小组表','SysSalesTeam','crud','com.ruoyi.system','system','team','新建销售小组','ruoyi',NULL,'admin','2020-06-13 13:29:33','',NULL,NULL),(56,'sys_sales_teamperson','销售小组成员信息表','SysSalesTeamperson','crud','com.ruoyi.system','system','teamperson','销售小组成员信息','ruoyi',NULL,'admin','2020-06-13 13:29:33','',NULL,NULL),(57,'sys_so_particulars','销售单当前状态明细表','SysSoParticulars','crud','com.ruoyi.system','system','particulars','销售单当前状态明细','ruoyi',NULL,'admin','2020-06-13 13:29:33','',NULL,NULL),(58,'sys_student','学生信息表','SysStudent','crud','com.ruoyi.system','system','student','学生信息','ruoyi',NULL,'admin','2020-06-13 13:29:33','',NULL,NULL),(59,'sys_user_online','在线用户记录','SysUserOnline','crud','com.ruoyi.system','system','online','在线用户记录','ruoyi',NULL,'admin','2020-06-13 13:29:33','',NULL,NULL),(60,'sys_user_post','用户与岗位关联表','SysUserPost','crud','com.ruoyi.system','system','post','用户与岗位关联','ruoyi',NULL,'admin','2020-06-13 13:29:33','',NULL,NULL),(61,'sys_user_role','用户和角色关联表','SysUserRole','crud','com.ruoyi.system','system','role','用户和角色关联','ruoyi',NULL,'admin','2020-06-13 13:29:33','',NULL,NULL),(62,'act_id_group','VIEW','ActIdGroup','crud','com.ruoyi.system','system','group','VIEW','ruoyi',NULL,'admin','2020-06-13 13:29:39','',NULL,NULL),(63,'act_id_membership','VIEW','ActIdMembership','crud','com.ruoyi.system','system','membership','VIEW','ruoyi',NULL,'admin','2020-06-13 13:29:39','',NULL,NULL),(64,'act_id_user','VIEW','ActIdUser','crud','com.ruoyi.system','system','user','VIEW','ruoyi',NULL,'admin','2020-06-13 13:29:39','',NULL,NULL),(65,'sys_dept','部门表','SysDept','crud','com.ruoyi.system','system','dept','部门','ruoyi',NULL,'admin','2020-06-13 13:29:39','',NULL,NULL),(66,'sys_post','岗位信息表','SysPost','crud','com.ruoyi.system','system','post','岗位信息','ruoyi',NULL,'admin','2020-06-13 13:29:39','',NULL,NULL),(67,'sys_user','用户信息表','SysUser','crud','com.ruoyi.system','system','user','用户信息','ruoyi',NULL,'admin','2020-06-13 13:29:39','',NULL,NULL);

/*Table structure for table `gen_table_column` */

DROP TABLE IF EXISTS `gen_table_column`;

CREATE TABLE `gen_table_column` (
  `column_id` bigint(20) NOT NULL AUTO_INCREMENT COMMENT '编号',
  `table_id` varchar(64) DEFAULT NULL COMMENT '归属表编号',
  `column_name` varchar(200) DEFAULT NULL COMMENT '列名称',
  `column_comment` varchar(500) DEFAULT NULL COMMENT '列描述',
  `column_type` varchar(100) DEFAULT NULL COMMENT '列类型',
  `java_type` varchar(500) DEFAULT NULL COMMENT 'JAVA类型',
  `java_field` varchar(200) DEFAULT NULL COMMENT 'JAVA字段名',
  `is_pk` char(1) DEFAULT NULL COMMENT '是否主键（1是）',
  `is_increment` char(1) DEFAULT NULL COMMENT '是否自增（1是）',
  `is_required` char(1) DEFAULT NULL COMMENT '是否必填（1是）',
  `is_insert` char(1) DEFAULT NULL COMMENT '是否为插入字段（1是）',
  `is_edit` char(1) DEFAULT NULL COMMENT '是否编辑字段（1是）',
  `is_list` char(1) DEFAULT NULL COMMENT '是否列表字段（1是）',
  `is_query` char(1) DEFAULT NULL COMMENT '是否查询字段（1是）',
  `query_type` varchar(200) DEFAULT 'EQ' COMMENT '查询方式（等于、不等于、大于、小于、范围）',
  `html_type` varchar(200) DEFAULT NULL COMMENT '显示类型（文本框、文本域、下拉框、复选框、单选框、日期控件）',
  `dict_type` varchar(200) DEFAULT '' COMMENT '字典类型',
  `sort` int(11) DEFAULT NULL COMMENT '排序',
  `create_by` varchar(64) DEFAULT '' COMMENT '创建者',
  `create_time` datetime DEFAULT NULL COMMENT '创建时间',
  `update_by` varchar(64) DEFAULT '' COMMENT '更新者',
  `update_time` datetime DEFAULT NULL COMMENT '更新时间',
  PRIMARY KEY (`column_id`)
) ENGINE=InnoDB AUTO_INCREMENT=712 DEFAULT CHARSET=utf8 COMMENT='代码生成业务表字段';

/*Data for the table `gen_table_column` */

insert  into `gen_table_column`(`column_id`,`table_id`,`column_name`,`column_comment`,`column_type`,`java_type`,`java_field`,`is_pk`,`is_increment`,`is_required`,`is_insert`,`is_edit`,`is_list`,`is_query`,`query_type`,`html_type`,`dict_type`,`sort`,`create_by`,`create_time`,`update_by`,`update_time`) values (1,'1','ID','主键ID','bigint(20)','Long','id','1','1',NULL,'1',NULL,NULL,NULL,'EQ','input','',1,'admin','2020-04-02 19:56:11','',NULL),(2,'1','TITLE','标题','varchar(100)','String','title','0','0',NULL,'1','1','1','1','EQ','input','',2,'admin','2020-04-02 19:56:11','',NULL),(3,'1','AMOUNT','金额','decimal(16,2)','Double','amount','0','0',NULL,'1','1','1','1','EQ','input','',3,'admin','2020-04-02 19:56:11','',NULL),(4,'1','INSTANCE_ID',NULL,'varchar(32)','String','instanceId','0','0',NULL,'1','1','1','1','EQ','input','',4,'admin','2020-04-02 19:56:11','',NULL),(5,'1','CREATE_BY','创建者','varchar(64)','String','createBy','0','0',NULL,'1','1','1','1','EQ','input','',5,'admin','2020-04-02 19:56:11','',NULL),(6,'1','CREATE_TIME','创建时间','datetime','Date','createTime','0','0',NULL,'1','1','1','1','EQ','datetime','',6,'admin','2020-04-02 19:56:11','',NULL),(7,'1','UPDATE_BY','更新者','varchar(64)','String','updateBy','0','0',NULL,'1','1','1','1','EQ','input','',7,'admin','2020-04-02 19:56:11','',NULL),(8,'1','UPDATE_TIME','更新时间','datetime','Date','updateTime','0','0',NULL,'1','1','1','1','EQ','datetime','',8,'admin','2020-04-02 19:56:11','',NULL),(9,'1','APPLY_USER','申请人','varchar(64)','String','applyUser','0','0',NULL,'1','1','1','1','EQ','input','',9,'admin','2020-04-02 19:56:11','',NULL),(10,'1','APPLY_TIME','申请时间','datetime','Date','applyTime','0','0',NULL,'1','1','1','1','EQ','datetime','',10,'admin','2020-04-02 19:56:11','',NULL),(11,'2','ID_',NULL,'varchar(64)','String','id','1','0',NULL,'1',NULL,NULL,NULL,'EQ','input','',1,'admin','2020-06-13 13:29:25','',NULL),(12,'2','REV_',NULL,'int(11)','Long','rev','0','0',NULL,'1','1','1','1','EQ','input','',2,'admin','2020-06-13 13:29:25','',NULL),(13,'2','USER_ID_',NULL,'varchar(255)','String','userId','0','0',NULL,'1','1','1','1','EQ','input','',3,'admin','2020-06-13 13:29:25','',NULL),(14,'2','NAME_',NULL,'varchar(255)','String','name','0','0',NULL,'1','1','1','1','EQ','input','',4,'admin','2020-06-13 13:29:25','',NULL),(15,'2','DESCRIPTION_',NULL,'varchar(4000)','String','description','0','0',NULL,'1','1','1','1','EQ','textarea','',5,'admin','2020-06-13 13:29:25','',NULL),(16,'2','TYPE_',NULL,'varchar(255)','String','type','0','0',NULL,'1','1','1','1','EQ','input','',6,'admin','2020-06-13 13:29:25','',NULL),(17,'2','TASK_ID_',NULL,'varchar(64)','String','taskId','0','0',NULL,'1','1','1','1','EQ','input','',7,'admin','2020-06-13 13:29:25','',NULL),(18,'2','PROC_INST_ID_',NULL,'varchar(64)','String','procInstId','0','0',NULL,'1','1','1','1','EQ','input','',8,'admin','2020-06-13 13:29:25','',NULL),(19,'2','URL_',NULL,'varchar(4000)','String','url','0','0',NULL,'1','1','1','1','EQ','textarea','',9,'admin','2020-06-13 13:29:25','',NULL),(20,'2','CONTENT_ID_',NULL,'varchar(64)','String','contentId','0','0',NULL,'1','1','1','1','EQ','input','',10,'admin','2020-06-13 13:29:25','',NULL),(21,'2','TIME_',NULL,'datetime(3)','Date','time','0','0',NULL,'1','1','1','1','EQ','datetime','',11,'admin','2020-06-13 13:29:25','',NULL),(22,'3','ID_',NULL,'varchar(64)','String','id','1','0',NULL,'1',NULL,NULL,NULL,'EQ','input','',1,'admin','2020-06-13 13:29:25','',NULL),(23,'3','TYPE_',NULL,'varchar(255)','String','type','0','0',NULL,'1','1','1','1','EQ','input','',2,'admin','2020-06-13 13:29:25','',NULL),(24,'3','TIME_',NULL,'datetime(3)','Date','time','0','0','1','1','1','1','1','EQ','datetime','',3,'admin','2020-06-13 13:29:25','',NULL),(25,'3','USER_ID_',NULL,'varchar(255)','String','userId','0','0',NULL,'1','1','1','1','EQ','input','',4,'admin','2020-06-13 13:29:25','',NULL),(26,'3','TASK_ID_',NULL,'varchar(64)','String','taskId','0','0',NULL,'1','1','1','1','EQ','input','',5,'admin','2020-06-13 13:29:25','',NULL),(27,'3','PROC_INST_ID_',NULL,'varchar(64)','String','procInstId','0','0',NULL,'1','1','1','1','EQ','input','',6,'admin','2020-06-13 13:29:25','',NULL),(28,'3','ACTION_',NULL,'varchar(255)','String','action','0','0',NULL,'1','1','1','1','EQ','input','',7,'admin','2020-06-13 13:29:25','',NULL),(29,'3','MESSAGE_',NULL,'varchar(4000)','String','message','0','0',NULL,'1','1','1','1','EQ','textarea','',8,'admin','2020-06-13 13:29:25','',NULL),(30,'3','FULL_MSG_',NULL,'longblob',NULL,'fullMsg','0','0',NULL,'1','1','1','1','EQ',NULL,'',9,'admin','2020-06-13 13:29:25','',NULL),(31,'4','ID_',NULL,'varchar(64)','String','id','1','0',NULL,'1',NULL,NULL,NULL,'EQ','input','',1,'admin','2020-06-13 13:29:25','',NULL),(32,'4','PROC_DEF_ID_',NULL,'varchar(64)','String','procDefId','0','0',NULL,'1','1','1','1','EQ','input','',2,'admin','2020-06-13 13:29:25','',NULL),(33,'4','TASK_DEF_KEY_',NULL,'varchar(255)','String','taskDefKey','0','0',NULL,'1','1','1','1','EQ','input','',3,'admin','2020-06-13 13:29:25','',NULL),(34,'4','PROC_INST_ID_',NULL,'varchar(64)','String','procInstId','0','0',NULL,'1','1','1','1','EQ','input','',4,'admin','2020-06-13 13:29:25','',NULL),(35,'4','EXECUTION_ID_',NULL,'varchar(64)','String','executionId','0','0',NULL,'1','1','1','1','EQ','input','',5,'admin','2020-06-13 13:29:25','',NULL),(36,'4','NAME_',NULL,'varchar(255)','String','name','0','0',NULL,'1','1','1','1','EQ','input','',6,'admin','2020-06-13 13:29:25','',NULL),(37,'4','PARENT_TASK_ID_',NULL,'varchar(64)','String','parentTaskId','0','0',NULL,'1','1','1','1','EQ','input','',7,'admin','2020-06-13 13:29:25','',NULL),(38,'4','DESCRIPTION_',NULL,'varchar(4000)','String','description','0','0',NULL,'1','1','1','1','EQ','textarea','',8,'admin','2020-06-13 13:29:25','',NULL),(39,'4','OWNER_',NULL,'varchar(255)','String','owner','0','0',NULL,'1','1','1','1','EQ','input','',9,'admin','2020-06-13 13:29:25','',NULL),(40,'4','ASSIGNEE_',NULL,'varchar(255)','String','assignee','0','0',NULL,'1','1','1','1','EQ','input','',10,'admin','2020-06-13 13:29:25','',NULL),(41,'4','START_TIME_',NULL,'datetime(3)','Date','startTime','0','0','1','1','1','1','1','EQ','datetime','',11,'admin','2020-06-13 13:29:25','',NULL),(42,'4','CLAIM_TIME_',NULL,'datetime(3)','Date','claimTime','0','0',NULL,'1','1','1','1','EQ','datetime','',12,'admin','2020-06-13 13:29:25','',NULL),(43,'4','END_TIME_',NULL,'datetime(3)','Date','endTime','0','0',NULL,'1','1','1','1','EQ','datetime','',13,'admin','2020-06-13 13:29:25','',NULL),(44,'4','DURATION_',NULL,'bigint(20)','Long','duration','0','0',NULL,'1','1','1','1','EQ','input','',14,'admin','2020-06-13 13:29:25','',NULL),(45,'4','DELETE_REASON_',NULL,'varchar(4000)','String','deleteReason','0','0',NULL,'1','1','1','1','EQ','textarea','',15,'admin','2020-06-13 13:29:25','',NULL),(46,'4','PRIORITY_',NULL,'int(11)','Long','priority','0','0',NULL,'1','1','1','1','EQ','input','',16,'admin','2020-06-13 13:29:25','',NULL),(47,'4','DUE_DATE_',NULL,'datetime(3)','Date','dueDate','0','0',NULL,'1','1','1','1','EQ','datetime','',17,'admin','2020-06-13 13:29:25','',NULL),(48,'4','FORM_KEY_',NULL,'varchar(255)','String','formKey','0','0',NULL,'1','1','1','1','EQ','input','',18,'admin','2020-06-13 13:29:25','',NULL),(49,'4','CATEGORY_',NULL,'varchar(255)','String','category','0','0',NULL,'1','1','1','1','EQ','input','',19,'admin','2020-06-13 13:29:25','',NULL),(50,'4','TENANT_ID_',NULL,'varchar(255)','String','tenantId','0','0',NULL,'1','1','1','1','EQ','input','',20,'admin','2020-06-13 13:29:25','',NULL),(51,'5','ID_',NULL,'varchar(64)','String','id','1','0',NULL,'1',NULL,NULL,NULL,'EQ','input','',1,'admin','2020-06-13 13:29:25','',NULL),(52,'5','PROC_INST_ID_',NULL,'varchar(64)','String','procInstId','0','0',NULL,'1','1','1','1','EQ','input','',2,'admin','2020-06-13 13:29:25','',NULL),(53,'5','EXECUTION_ID_',NULL,'varchar(64)','String','executionId','0','0',NULL,'1','1','1','1','EQ','input','',3,'admin','2020-06-13 13:29:25','',NULL),(54,'5','TASK_ID_',NULL,'varchar(64)','String','taskId','0','0',NULL,'1','1','1','1','EQ','input','',4,'admin','2020-06-13 13:29:25','',NULL),(55,'5','NAME_',NULL,'varchar(255)','String','name','0','0','1','1','1','1','1','EQ','input','',5,'admin','2020-06-13 13:29:25','',NULL),(56,'5','VAR_TYPE_',NULL,'varchar(100)','String','varType','0','0',NULL,'1','1','1','1','EQ','input','',6,'admin','2020-06-13 13:29:25','',NULL),(57,'5','REV_',NULL,'int(11)','Long','rev','0','0',NULL,'1','1','1','1','EQ','input','',7,'admin','2020-06-13 13:29:25','',NULL),(58,'5','BYTEARRAY_ID_',NULL,'varchar(64)','String','bytearrayId','0','0',NULL,'1','1','1','1','EQ','input','',8,'admin','2020-06-13 13:29:25','',NULL),(59,'5','DOUBLE_',NULL,'double','Long','double','0','0',NULL,'1','1','1','1','EQ','input','',9,'admin','2020-06-13 13:29:25','',NULL),(60,'5','LONG_',NULL,'bigint(20)','Long','long','0','0',NULL,'1','1','1','1','EQ','input','',10,'admin','2020-06-13 13:29:25','',NULL),(61,'5','TEXT_',NULL,'varchar(4000)','String','text','0','0',NULL,'1','1','1','1','EQ','textarea','',11,'admin','2020-06-13 13:29:25','',NULL),(62,'5','TEXT2_',NULL,'varchar(4000)','String','text2','0','0',NULL,'1','1','1','1','EQ','textarea','',12,'admin','2020-06-13 13:29:25','',NULL),(63,'5','CREATE_TIME_',NULL,'datetime(3)','Date','createTime','0','0',NULL,'1','1','1','1','EQ','datetime','',13,'admin','2020-06-13 13:29:25','',NULL),(64,'5','LAST_UPDATED_TIME_',NULL,'datetime(3)','Date','lastUpdatedTime','0','0',NULL,'1','1','1','1','EQ','datetime','',14,'admin','2020-06-13 13:29:25','',NULL),(65,'6','ID_',NULL,'varchar(64)','String','id','1','0',NULL,'1',NULL,NULL,NULL,'EQ','input','',1,'admin','2020-06-13 13:29:25','',NULL),(66,'6','PROC_DEF_ID_',NULL,'varchar(64)','String','procDefId','0','0','1','1','1','1','1','EQ','input','',2,'admin','2020-06-13 13:29:25','',NULL),(67,'6','REV_',NULL,'int(11)','Long','rev','0','0',NULL,'1','1','1','1','EQ','input','',3,'admin','2020-06-13 13:29:25','',NULL),(68,'6','INFO_JSON_ID_',NULL,'varchar(64)','String','infoJsonId','0','0',NULL,'1','1','1','1','EQ','input','',4,'admin','2020-06-13 13:29:25','',NULL),(69,'7','ID_',NULL,'varchar(64)','String','id','1','0',NULL,'1',NULL,NULL,NULL,'EQ','input','',1,'admin','2020-06-13 13:29:25','',NULL),(70,'7','REV_',NULL,'int(11)','Long','rev','0','0',NULL,'1','1','1','1','EQ','input','',2,'admin','2020-06-13 13:29:25','',NULL),(71,'7','TYPE_',NULL,'varchar(255)','String','type','0','0','1','1','1','1','1','EQ','input','',3,'admin','2020-06-13 13:29:25','',NULL),(72,'7','NAME_',NULL,'varchar(255)','String','name','0','0','1','1','1','1','1','EQ','input','',4,'admin','2020-06-13 13:29:25','',NULL),(73,'7','EXECUTION_ID_',NULL,'varchar(64)','String','executionId','0','0',NULL,'1','1','1','1','EQ','input','',5,'admin','2020-06-13 13:29:25','',NULL),(74,'7','PROC_INST_ID_',NULL,'varchar(64)','String','procInstId','0','0',NULL,'1','1','1','1','EQ','input','',6,'admin','2020-06-13 13:29:25','',NULL),(75,'7','TASK_ID_',NULL,'varchar(64)','String','taskId','0','0',NULL,'1','1','1','1','EQ','input','',7,'admin','2020-06-13 13:29:25','',NULL),(76,'7','BYTEARRAY_ID_',NULL,'varchar(64)','String','bytearrayId','0','0',NULL,'1','1','1','1','EQ','input','',8,'admin','2020-06-13 13:29:25','',NULL),(77,'7','DOUBLE_',NULL,'double','Long','double','0','0',NULL,'1','1','1','1','EQ','input','',9,'admin','2020-06-13 13:29:25','',NULL),(78,'7','LONG_',NULL,'bigint(20)','Long','long','0','0',NULL,'1','1','1','1','EQ','input','',10,'admin','2020-06-13 13:29:25','',NULL),(79,'7','TEXT_',NULL,'varchar(4000)','String','text','0','0',NULL,'1','1','1','1','EQ','textarea','',11,'admin','2020-06-13 13:29:25','',NULL),(80,'7','TEXT2_',NULL,'varchar(4000)','String','text2','0','0',NULL,'1','1','1','1','EQ','textarea','',12,'admin','2020-06-13 13:29:25','',NULL),(81,'8','id','主键ID','bigint(20)','Long','id','1','1',NULL,'1',NULL,NULL,NULL,'EQ','input','',1,'admin','2020-06-13 13:29:25','',NULL),(82,'8','type','请假类型','char(20)','String','type','0','0',NULL,'1','1','1','1','EQ','select','',2,'admin','2020-06-13 13:29:25','',NULL),(83,'8','title','标题','varchar(100)','String','title','0','0',NULL,'1','1','1','1','EQ','input','',3,'admin','2020-06-13 13:29:25','',NULL),(84,'8','reason','原因','varchar(500)','String','reason','0','0',NULL,'1','1','1','1','EQ','textarea','',4,'admin','2020-06-13 13:29:25','',NULL),(85,'8','start_time','开始时间','datetime','Date','startTime','0','0',NULL,'1','1','1','1','EQ','datetime','',5,'admin','2020-06-13 13:29:25','',NULL),(86,'8','end_time','结束时间','datetime','Date','endTime','0','0',NULL,'1','1','1','1','EQ','datetime','',6,'admin','2020-06-13 13:29:25','',NULL),(87,'8','total_time','请假时长，单位秒','bigint(11)','Long','totalTime','0','0',NULL,'1','1','1','1','EQ','input','',7,'admin','2020-06-13 13:29:25','',NULL),(88,'8','instance_id','流程实例ID','varchar(32)','String','instanceId','0','0',NULL,'1','1','1','1','EQ','input','',8,'admin','2020-06-13 13:29:25','',NULL),(89,'8','create_by','创建者','varchar(64)','String','createBy','0','0',NULL,'1',NULL,NULL,NULL,'EQ','input','',9,'admin','2020-06-13 13:29:25','',NULL),(90,'8','create_time','创建时间','datetime','Date','createTime','0','0',NULL,'1',NULL,NULL,NULL,'EQ','datetime','',10,'admin','2020-06-13 13:29:25','',NULL),(91,'8','update_by','更新者','varchar(64)','String','updateBy','0','0',NULL,'1','1',NULL,NULL,'EQ','input','',11,'admin','2020-06-13 13:29:25','',NULL),(92,'8','update_time','更新时间','datetime','Date','updateTime','0','0',NULL,'1','1',NULL,NULL,'EQ','datetime','',12,'admin','2020-06-13 13:29:25','',NULL),(93,'8','apply_user','申请人','varchar(64)','String','applyUser','0','0',NULL,'1','1','1','1','EQ','input','',13,'admin','2020-06-13 13:29:25','',NULL),(94,'8','apply_time','申请时间','datetime','Date','applyTime','0','0',NULL,'1','1','1','1','EQ','datetime','',14,'admin','2020-06-13 13:29:25','',NULL),(95,'8','reality_start_time','实际开始时间','datetime','Date','realityStartTime','0','0',NULL,'1','1','1','1','EQ','datetime','',15,'admin','2020-06-13 13:29:25','',NULL),(96,'8','reality_end_time','实际结束时间','datetime','Date','realityEndTime','0','0',NULL,'1','1','1','1','EQ','datetime','',16,'admin','2020-06-13 13:29:25','',NULL),(97,'9','ID','主键ID','bigint(20)','Long','id','1','1',NULL,'1',NULL,NULL,NULL,'EQ','input','',1,'admin','2020-06-13 13:29:25','',NULL),(98,'9','NAME','名称','varchar(100)','String','name','0','0',NULL,'1','1','1','1','LIKE','input','',2,'admin','2020-06-13 13:29:25','',NULL),(99,'10','ID','主键ID','bigint(20)','Long','id','1','1',NULL,'1',NULL,NULL,NULL,'EQ','input','',1,'admin','2020-06-13 13:29:25','',NULL),(100,'10','PURCHASE_ID','采购ID','bigint(20)','Long','purchaseId','0','0',NULL,'1','1','1','1','EQ','input','',2,'admin','2020-06-13 13:29:25','',NULL),(101,'10','PRODUCT_ID','产品ID','bigint(20)','Long','productId','0','0',NULL,'1','1','1','1','EQ','input','',3,'admin','2020-06-13 13:29:25','',NULL),(102,'11','id','主键 ID','bigint(20)','Long','id','1','1',NULL,'1',NULL,NULL,NULL,'EQ','input','',1,'admin','2020-06-13 13:29:25','',NULL),(103,'11','item_name','事项标题','varchar(100)','String','itemName','0','0',NULL,'1','1','1','1','LIKE','input','',2,'admin','2020-06-13 13:29:25','',NULL),(104,'11','item_content','事项内容','varchar(500)','String','itemContent','0','0',NULL,'1','1','1','1','EQ','textarea','',3,'admin','2020-06-13 13:29:25','',NULL),(105,'11','module','模块名称 (必须以 uri 一致)','varchar(50)','String','module','0','0',NULL,'1','1','1','1','EQ','input','',4,'admin','2020-06-13 13:29:25','',NULL),(106,'11','task_id','任务 ID','varchar(64)','String','taskId','0','0',NULL,'1','1','1','1','EQ','input','',5,'admin','2020-06-13 13:29:25','',NULL),(107,'11','instance_id','流程实例 ID','varchar(32)','String','instanceId','0','0',NULL,'1','1','1','1','EQ','input','',6,'admin','2020-06-13 13:29:25','',NULL),(108,'11','task_name','任务名称 (必须以表单页面名称一致)','varchar(50)','String','taskName','0','0',NULL,'1','1','1','1','LIKE','input','',7,'admin','2020-06-13 13:29:25','',NULL),(109,'11','node_name','节点名称','varchar(50)','String','nodeName','0','0',NULL,'1','1','1','1','LIKE','input','',8,'admin','2020-06-13 13:29:25','',NULL),(110,'11','is_view','是否查看 default 0 (0 否 1 是)','char(1)','String','isView','0','0',NULL,'1','1','1','1','EQ','input','',9,'admin','2020-06-13 13:29:25','',NULL),(111,'11','is_handle','是否处理 default 0 (0 否 1 是)','char(1)','String','isHandle','0','0',NULL,'1','1','1','1','EQ','input','',10,'admin','2020-06-13 13:29:25','',NULL),(112,'11','todo_user_id','待办人 ID','varchar(20)','String','todoUserId','0','0',NULL,'1','1','1','1','EQ','input','',11,'admin','2020-06-13 13:29:25','',NULL),(113,'11','todo_user_name','待办人名称','varchar(30)','String','todoUserName','0','0',NULL,'1','1','1','1','LIKE','input','',12,'admin','2020-06-13 13:29:25','',NULL),(114,'11','handle_user_id','处理人 ID','varchar(20)','String','handleUserId','0','0',NULL,'1','1','1','1','EQ','input','',13,'admin','2020-06-13 13:29:25','',NULL),(115,'11','handle_user_name','处理人名称','varchar(30)','String','handleUserName','0','0',NULL,'1','1','1','1','LIKE','input','',14,'admin','2020-06-13 13:29:25','',NULL),(116,'11','todo_time','通知时间','datetime','Date','todoTime','0','0',NULL,'1','1','1','1','EQ','datetime','',15,'admin','2020-06-13 13:29:25','',NULL),(117,'11','handle_time','处理时间','datetime','Date','handleTime','0','0',NULL,'1','1','1','1','EQ','datetime','',16,'admin','2020-06-13 13:29:25','',NULL),(118,'12','LOG_NR_',NULL,'bigint(20)','Long','logNr','1','1',NULL,'1',NULL,NULL,NULL,'EQ','input','',1,'admin','2020-06-13 13:29:33','',NULL),(119,'12','TYPE_',NULL,'varchar(64)','String','type','0','0',NULL,'1','1','1','1','EQ','input','',2,'admin','2020-06-13 13:29:33','',NULL),(120,'12','PROC_DEF_ID_',NULL,'varchar(64)','String','procDefId','0','0',NULL,'1','1','1','1','EQ','input','',3,'admin','2020-06-13 13:29:33','',NULL),(121,'12','PROC_INST_ID_',NULL,'varchar(64)','String','procInstId','0','0',NULL,'1','1','1','1','EQ','input','',4,'admin','2020-06-13 13:29:33','',NULL),(122,'12','EXECUTION_ID_',NULL,'varchar(64)','String','executionId','0','0',NULL,'1','1','1','1','EQ','input','',5,'admin','2020-06-13 13:29:33','',NULL),(123,'12','TASK_ID_',NULL,'varchar(64)','String','taskId','0','0',NULL,'1','1','1','1','EQ','input','',6,'admin','2020-06-13 13:29:33','',NULL),(124,'12','TIME_STAMP_',NULL,'timestamp(3)','Date','timeStamp','0','0','1','1','1','1','1','EQ','datetime','',7,'admin','2020-06-13 13:29:33','',NULL),(125,'12','USER_ID_',NULL,'varchar(255)','String','userId','0','0',NULL,'1','1','1','1','EQ','input','',8,'admin','2020-06-13 13:29:33','',NULL),(126,'12','DATA_',NULL,'longblob',NULL,'data','0','0',NULL,'1','1','1','1','EQ',NULL,'',9,'admin','2020-06-13 13:29:33','',NULL),(127,'12','LOCK_OWNER_',NULL,'varchar(255)','String','lockOwner','0','0',NULL,'1','1','1','1','EQ','input','',10,'admin','2020-06-13 13:29:33','',NULL),(128,'12','LOCK_TIME_',NULL,'timestamp(3)','Date','lockTime','0','0',NULL,'1','1','1','1','EQ','datetime','',11,'admin','2020-06-13 13:29:33','',NULL),(129,'12','IS_PROCESSED_',NULL,'tinyint(4)','Integer','isProcessed','0','0',NULL,'1','1','1','1','EQ','input','',12,'admin','2020-06-13 13:29:33','',NULL),(130,'13','ID_',NULL,'varchar(64)','String','id','1','0',NULL,'1',NULL,NULL,NULL,'EQ','input','',1,'admin','2020-06-13 13:29:33','',NULL),(131,'13','REV_',NULL,'int(11)','Long','rev','0','0',NULL,'1','1','1','1','EQ','input','',2,'admin','2020-06-13 13:29:33','',NULL),(132,'13','NAME_',NULL,'varchar(255)','String','name','0','0',NULL,'1','1','1','1','EQ','input','',3,'admin','2020-06-13 13:29:33','',NULL),(133,'13','DEPLOYMENT_ID_',NULL,'varchar(64)','String','deploymentId','0','0',NULL,'1','1','1','1','EQ','input','',4,'admin','2020-06-13 13:29:33','',NULL),(134,'13','BYTES_',NULL,'longblob',NULL,'bytes','0','0',NULL,'1','1','1','1','EQ',NULL,'',5,'admin','2020-06-13 13:29:33','',NULL),(135,'13','GENERATED_',NULL,'tinyint(4)','Integer','generated','0','0',NULL,'1','1','1','1','EQ','input','',6,'admin','2020-06-13 13:29:33','',NULL),(136,'14','NAME_',NULL,'varchar(64)','String','name','1','0',NULL,'1',NULL,NULL,NULL,'EQ','input','',1,'admin','2020-06-13 13:29:33','',NULL),(137,'14','VALUE_',NULL,'varchar(300)','String','value','0','0',NULL,'1','1','1','1','EQ','input','',2,'admin','2020-06-13 13:29:33','',NULL),(138,'14','REV_',NULL,'int(11)','Long','rev','0','0',NULL,'1','1','1','1','EQ','input','',3,'admin','2020-06-13 13:29:33','',NULL),(139,'15','ID_',NULL,'varchar(64)','String','id','1','0',NULL,'1',NULL,NULL,NULL,'EQ','input','',1,'admin','2020-06-13 13:29:33','',NULL),(140,'15','PROC_DEF_ID_',NULL,'varchar(64)','String','procDefId','0','0','1','1','1','1','1','EQ','input','',2,'admin','2020-06-13 13:29:33','',NULL),(141,'15','PROC_INST_ID_',NULL,'varchar(64)','String','procInstId','0','0','1','1','1','1','1','EQ','input','',3,'admin','2020-06-13 13:29:33','',NULL),(142,'15','EXECUTION_ID_',NULL,'varchar(64)','String','executionId','0','0','1','1','1','1','1','EQ','input','',4,'admin','2020-06-13 13:29:33','',NULL),(143,'15','ACT_ID_',NULL,'varchar(255)','String','actId','0','0','1','1','1','1','1','EQ','input','',5,'admin','2020-06-13 13:29:33','',NULL),(144,'15','TASK_ID_',NULL,'varchar(64)','String','taskId','0','0',NULL,'1','1','1','1','EQ','input','',6,'admin','2020-06-13 13:29:33','',NULL),(145,'15','CALL_PROC_INST_ID_',NULL,'varchar(64)','String','callProcInstId','0','0',NULL,'1','1','1','1','EQ','input','',7,'admin','2020-06-13 13:29:33','',NULL),(146,'15','ACT_NAME_',NULL,'varchar(255)','String','actName','0','0',NULL,'1','1','1','1','EQ','input','',8,'admin','2020-06-13 13:29:33','',NULL),(147,'15','ACT_TYPE_',NULL,'varchar(255)','String','actType','0','0','1','1','1','1','1','EQ','input','',9,'admin','2020-06-13 13:29:33','',NULL),(148,'15','ASSIGNEE_',NULL,'varchar(255)','String','assignee','0','0',NULL,'1','1','1','1','EQ','input','',10,'admin','2020-06-13 13:29:33','',NULL),(149,'15','START_TIME_',NULL,'datetime(3)','Date','startTime','0','0','1','1','1','1','1','EQ','datetime','',11,'admin','2020-06-13 13:29:33','',NULL),(150,'15','END_TIME_',NULL,'datetime(3)','Date','endTime','0','0',NULL,'1','1','1','1','EQ','datetime','',12,'admin','2020-06-13 13:29:33','',NULL),(151,'15','DURATION_',NULL,'bigint(20)','Long','duration','0','0',NULL,'1','1','1','1','EQ','input','',13,'admin','2020-06-13 13:29:33','',NULL),(152,'15','DELETE_REASON_',NULL,'varchar(4000)','String','deleteReason','0','0',NULL,'1','1','1','1','EQ','textarea','',14,'admin','2020-06-13 13:29:33','',NULL),(153,'15','TENANT_ID_',NULL,'varchar(255)','String','tenantId','0','0',NULL,'1','1','1','1','EQ','input','',15,'admin','2020-06-13 13:29:33','',NULL),(154,'16','ID_',NULL,'varchar(64)','String','id','1','0',NULL,'1',NULL,NULL,NULL,'EQ','input','',1,'admin','2020-06-13 13:29:33','',NULL),(155,'16','TYPE_',NULL,'varchar(255)','String','type','0','0','1','1','1','1','1','EQ','input','',2,'admin','2020-06-13 13:29:33','',NULL),(156,'16','PROC_INST_ID_',NULL,'varchar(64)','String','procInstId','0','0',NULL,'1','1','1','1','EQ','input','',3,'admin','2020-06-13 13:29:33','',NULL),(157,'16','EXECUTION_ID_',NULL,'varchar(64)','String','executionId','0','0',NULL,'1','1','1','1','EQ','input','',4,'admin','2020-06-13 13:29:33','',NULL),(158,'16','TASK_ID_',NULL,'varchar(64)','String','taskId','0','0',NULL,'1','1','1','1','EQ','input','',5,'admin','2020-06-13 13:29:33','',NULL),(159,'16','ACT_INST_ID_',NULL,'varchar(64)','String','actInstId','0','0',NULL,'1','1','1','1','EQ','input','',6,'admin','2020-06-13 13:29:33','',NULL),(160,'16','NAME_',NULL,'varchar(255)','String','name','0','0','1','1','1','1','1','EQ','input','',7,'admin','2020-06-13 13:29:33','',NULL),(161,'16','VAR_TYPE_',NULL,'varchar(255)','String','varType','0','0',NULL,'1','1','1','1','EQ','input','',8,'admin','2020-06-13 13:29:33','',NULL),(162,'16','REV_',NULL,'int(11)','Long','rev','0','0',NULL,'1','1','1','1','EQ','input','',9,'admin','2020-06-13 13:29:33','',NULL),(163,'16','TIME_',NULL,'datetime(3)','Date','time','0','0','1','1','1','1','1','EQ','datetime','',10,'admin','2020-06-13 13:29:33','',NULL),(164,'16','BYTEARRAY_ID_',NULL,'varchar(64)','String','bytearrayId','0','0',NULL,'1','1','1','1','EQ','input','',11,'admin','2020-06-13 13:29:33','',NULL),(165,'16','DOUBLE_',NULL,'double','Long','double','0','0',NULL,'1','1','1','1','EQ','input','',12,'admin','2020-06-13 13:29:33','',NULL),(166,'16','LONG_',NULL,'bigint(20)','Long','long','0','0',NULL,'1','1','1','1','EQ','input','',13,'admin','2020-06-13 13:29:33','',NULL),(167,'16','TEXT_',NULL,'varchar(4000)','String','text','0','0',NULL,'1','1','1','1','EQ','textarea','',14,'admin','2020-06-13 13:29:33','',NULL),(168,'16','TEXT2_',NULL,'varchar(4000)','String','text2','0','0',NULL,'1','1','1','1','EQ','textarea','',15,'admin','2020-06-13 13:29:33','',NULL),(169,'17','ID_',NULL,'varchar(64)','String','id','1','0',NULL,'1',NULL,NULL,NULL,'EQ','input','',1,'admin','2020-06-13 13:29:33','',NULL),(170,'17','GROUP_ID_',NULL,'varchar(255)','String','groupId','0','0',NULL,'1','1','1','1','EQ','input','',2,'admin','2020-06-13 13:29:33','',NULL),(171,'17','TYPE_',NULL,'varchar(255)','String','type','0','0',NULL,'1','1','1','1','EQ','input','',3,'admin','2020-06-13 13:29:33','',NULL),(172,'17','USER_ID_',NULL,'varchar(255)','String','userId','0','0',NULL,'1','1','1','1','EQ','input','',4,'admin','2020-06-13 13:29:33','',NULL),(173,'17','TASK_ID_',NULL,'varchar(64)','String','taskId','0','0',NULL,'1','1','1','1','EQ','input','',5,'admin','2020-06-13 13:29:33','',NULL),(174,'17','PROC_INST_ID_',NULL,'varchar(64)','String','procInstId','0','0',NULL,'1','1','1','1','EQ','input','',6,'admin','2020-06-13 13:29:33','',NULL),(175,'18','ID_',NULL,'varchar(64)','String','id','1','0',NULL,'1',NULL,NULL,NULL,'EQ','input','',1,'admin','2020-06-13 13:29:33','',NULL),(176,'18','PROC_INST_ID_',NULL,'varchar(64)','String','procInstId','0','0','1','1','1','1','1','EQ','input','',2,'admin','2020-06-13 13:29:33','',NULL),(177,'18','BUSINESS_KEY_',NULL,'varchar(255)','String','businessKey','0','0',NULL,'1','1','1','1','EQ','input','',3,'admin','2020-06-13 13:29:33','',NULL),(178,'18','PROC_DEF_ID_',NULL,'varchar(64)','String','procDefId','0','0','1','1','1','1','1','EQ','input','',4,'admin','2020-06-13 13:29:33','',NULL),(179,'18','START_TIME_',NULL,'datetime(3)','Date','startTime','0','0','1','1','1','1','1','EQ','datetime','',5,'admin','2020-06-13 13:29:33','',NULL),(180,'18','END_TIME_',NULL,'datetime(3)','Date','endTime','0','0',NULL,'1','1','1','1','EQ','datetime','',6,'admin','2020-06-13 13:29:33','',NULL),(181,'18','DURATION_',NULL,'bigint(20)','Long','duration','0','0',NULL,'1','1','1','1','EQ','input','',7,'admin','2020-06-13 13:29:33','',NULL),(182,'18','START_USER_ID_',NULL,'varchar(255)','String','startUserId','0','0',NULL,'1','1','1','1','EQ','input','',8,'admin','2020-06-13 13:29:33','',NULL),(183,'18','START_ACT_ID_',NULL,'varchar(255)','String','startActId','0','0',NULL,'1','1','1','1','EQ','input','',9,'admin','2020-06-13 13:29:33','',NULL),(184,'18','END_ACT_ID_',NULL,'varchar(255)','String','endActId','0','0',NULL,'1','1','1','1','EQ','input','',10,'admin','2020-06-13 13:29:33','',NULL),(185,'18','SUPER_PROCESS_INSTANCE_ID_',NULL,'varchar(64)','String','superProcessInstanceId','0','0',NULL,'1','1','1','1','EQ','input','',11,'admin','2020-06-13 13:29:33','',NULL),(186,'18','DELETE_REASON_',NULL,'varchar(4000)','String','deleteReason','0','0',NULL,'1','1','1','1','EQ','textarea','',12,'admin','2020-06-13 13:29:33','',NULL),(187,'18','TENANT_ID_',NULL,'varchar(255)','String','tenantId','0','0',NULL,'1','1','1','1','EQ','input','',13,'admin','2020-06-13 13:29:33','',NULL),(188,'18','NAME_',NULL,'varchar(255)','String','name','0','0',NULL,'1','1','1','1','EQ','input','',14,'admin','2020-06-13 13:29:33','',NULL),(189,'19','ID_',NULL,'varchar(64)','String','id','1','0',NULL,'1',NULL,NULL,NULL,'EQ','input','',1,'admin','2020-06-13 13:29:33','',NULL),(190,'19','NAME_',NULL,'varchar(255)','String','name','0','0',NULL,'1','1','1','1','EQ','input','',2,'admin','2020-06-13 13:29:33','',NULL),(191,'19','CATEGORY_',NULL,'varchar(255)','String','category','0','0',NULL,'1','1','1','1','EQ','input','',3,'admin','2020-06-13 13:29:33','',NULL),(192,'19','KEY_',NULL,'varchar(255)','String','key','0','0',NULL,'1','1','1','1','EQ','input','',4,'admin','2020-06-13 13:29:33','',NULL),(193,'19','TENANT_ID_',NULL,'varchar(255)','String','tenantId','0','0',NULL,'1','1','1','1','EQ','input','',5,'admin','2020-06-13 13:29:33','',NULL),(194,'19','DEPLOY_TIME_',NULL,'timestamp(3)','Date','deployTime','0','0',NULL,'1','1','1','1','EQ','datetime','',6,'admin','2020-06-13 13:29:33','',NULL),(195,'19','ENGINE_VERSION_',NULL,'varchar(255)','String','engineVersion','0','0',NULL,'1','1','1','1','EQ','input','',7,'admin','2020-06-13 13:29:33','',NULL),(196,'20','ID_',NULL,'varchar(64)','String','id','1','0',NULL,'1',NULL,NULL,NULL,'EQ','input','',1,'admin','2020-06-13 13:29:33','',NULL),(197,'20','REV_',NULL,'int(11)','Long','rev','0','0',NULL,'1','1','1','1','EQ','input','',2,'admin','2020-06-13 13:29:33','',NULL),(198,'20','NAME_',NULL,'varchar(255)','String','name','0','0',NULL,'1','1','1','1','EQ','input','',3,'admin','2020-06-13 13:29:33','',NULL),(199,'20','KEY_',NULL,'varchar(255)','String','key','0','0',NULL,'1','1','1','1','EQ','input','',4,'admin','2020-06-13 13:29:33','',NULL),(200,'20','CATEGORY_',NULL,'varchar(255)','String','category','0','0',NULL,'1','1','1','1','EQ','input','',5,'admin','2020-06-13 13:29:33','',NULL),(201,'20','CREATE_TIME_',NULL,'timestamp(3)','Date','createTime','0','0',NULL,'1','1','1','1','EQ','datetime','',6,'admin','2020-06-13 13:29:33','',NULL),(202,'20','LAST_UPDATE_TIME_',NULL,'timestamp(3)','Date','lastUpdateTime','0','0',NULL,'1','1','1','1','EQ','datetime','',7,'admin','2020-06-13 13:29:33','',NULL),(203,'20','VERSION_',NULL,'int(11)','Long','version','0','0',NULL,'1','1','1','1','EQ','input','',8,'admin','2020-06-13 13:29:33','',NULL),(204,'20','META_INFO_',NULL,'varchar(4000)','String','metaInfo','0','0',NULL,'1','1','1','1','EQ','textarea','',9,'admin','2020-06-13 13:29:33','',NULL),(205,'20','DEPLOYMENT_ID_',NULL,'varchar(64)','String','deploymentId','0','0',NULL,'1','1','1','1','EQ','input','',10,'admin','2020-06-13 13:29:33','',NULL),(206,'20','EDITOR_SOURCE_VALUE_ID_',NULL,'varchar(64)','String','editorSourceValueId','0','0',NULL,'1','1','1','1','EQ','input','',11,'admin','2020-06-13 13:29:33','',NULL),(207,'20','EDITOR_SOURCE_EXTRA_VALUE_ID_',NULL,'varchar(64)','String','editorSourceExtraValueId','0','0',NULL,'1','1','1','1','EQ','input','',12,'admin','2020-06-13 13:29:33','',NULL),(208,'20','TENANT_ID_',NULL,'varchar(255)','String','tenantId','0','0',NULL,'1','1','1','1','EQ','input','',13,'admin','2020-06-13 13:29:33','',NULL),(209,'21','ID_',NULL,'varchar(64)','String','id','1','0',NULL,'1',NULL,NULL,NULL,'EQ','input','',1,'admin','2020-06-13 13:29:33','',NULL),(210,'21','REV_',NULL,'int(11)','Long','rev','0','0',NULL,'1','1','1','1','EQ','input','',2,'admin','2020-06-13 13:29:33','',NULL),(211,'21','CATEGORY_',NULL,'varchar(255)','String','category','0','0',NULL,'1','1','1','1','EQ','input','',3,'admin','2020-06-13 13:29:33','',NULL),(212,'21','NAME_',NULL,'varchar(255)','String','name','0','0',NULL,'1','1','1','1','EQ','input','',4,'admin','2020-06-13 13:29:33','',NULL),(213,'21','KEY_',NULL,'varchar(255)','String','key','0','0','1','1','1','1','1','EQ','input','',5,'admin','2020-06-13 13:29:33','',NULL),(214,'21','VERSION_',NULL,'int(11)','Long','version','0','0','1','1','1','1','1','EQ','input','',6,'admin','2020-06-13 13:29:33','',NULL),(215,'21','DEPLOYMENT_ID_',NULL,'varchar(64)','String','deploymentId','0','0',NULL,'1','1','1','1','EQ','input','',7,'admin','2020-06-13 13:29:33','',NULL),(216,'21','RESOURCE_NAME_',NULL,'varchar(4000)','String','resourceName','0','0',NULL,'1','1','1','1','EQ','textarea','',8,'admin','2020-06-13 13:29:33','',NULL),(217,'21','DGRM_RESOURCE_NAME_',NULL,'varchar(4000)','String','dgrmResourceName','0','0',NULL,'1','1','1','1','EQ','textarea','',9,'admin','2020-06-13 13:29:33','',NULL),(218,'21','DESCRIPTION_',NULL,'varchar(4000)','String','description','0','0',NULL,'1','1','1','1','EQ','textarea','',10,'admin','2020-06-13 13:29:33','',NULL),(219,'21','HAS_START_FORM_KEY_',NULL,'tinyint(4)','Integer','hasStartFormKey','0','0',NULL,'1','1','1','1','EQ','input','',11,'admin','2020-06-13 13:29:33','',NULL),(220,'21','HAS_GRAPHICAL_NOTATION_',NULL,'tinyint(4)','Integer','hasGraphicalNotation','0','0',NULL,'1','1','1','1','EQ','input','',12,'admin','2020-06-13 13:29:33','',NULL),(221,'21','SUSPENSION_STATE_',NULL,'int(11)','Long','suspensionState','0','0',NULL,'1','1','1','1','EQ','input','',13,'admin','2020-06-13 13:29:33','',NULL),(222,'21','TENANT_ID_',NULL,'varchar(255)','String','tenantId','0','0',NULL,'1','1','1','1','EQ','input','',14,'admin','2020-06-13 13:29:33','',NULL),(223,'21','ENGINE_VERSION_',NULL,'varchar(255)','String','engineVersion','0','0',NULL,'1','1','1','1','EQ','input','',15,'admin','2020-06-13 13:29:33','',NULL),(224,'22','ID_',NULL,'varchar(64)','String','id','1','0',NULL,'1',NULL,NULL,NULL,'EQ','input','',1,'admin','2020-06-13 13:29:33','',NULL),(225,'22','REV_',NULL,'int(11)','Long','rev','0','0',NULL,'1','1','1','1','EQ','input','',2,'admin','2020-06-13 13:29:33','',NULL),(226,'22','TYPE_',NULL,'varchar(255)','String','type','0','0','1','1','1','1','1','EQ','input','',3,'admin','2020-06-13 13:29:33','',NULL),(227,'22','EXCLUSIVE_',NULL,'tinyint(1)','Integer','exclusive','0','0',NULL,'1','1','1','1','EQ','input','',4,'admin','2020-06-13 13:29:33','',NULL),(228,'22','EXECUTION_ID_',NULL,'varchar(64)','String','executionId','0','0',NULL,'1','1','1','1','EQ','input','',5,'admin','2020-06-13 13:29:33','',NULL),(229,'22','PROCESS_INSTANCE_ID_',NULL,'varchar(64)','String','processInstanceId','0','0',NULL,'1','1','1','1','EQ','input','',6,'admin','2020-06-13 13:29:33','',NULL),(230,'22','PROC_DEF_ID_',NULL,'varchar(64)','String','procDefId','0','0',NULL,'1','1','1','1','EQ','input','',7,'admin','2020-06-13 13:29:33','',NULL),(231,'22','EXCEPTION_STACK_ID_',NULL,'varchar(64)','String','exceptionStackId','0','0',NULL,'1','1','1','1','EQ','input','',8,'admin','2020-06-13 13:29:33','',NULL),(232,'22','EXCEPTION_MSG_',NULL,'varchar(4000)','String','exceptionMsg','0','0',NULL,'1','1','1','1','EQ','textarea','',9,'admin','2020-06-13 13:29:33','',NULL),(233,'22','DUEDATE_',NULL,'timestamp(3)','Date','duedate','0','0',NULL,'1','1','1','1','EQ','datetime','',10,'admin','2020-06-13 13:29:33','',NULL),(234,'22','REPEAT_',NULL,'varchar(255)','String','repeat','0','0',NULL,'1','1','1','1','EQ','input','',11,'admin','2020-06-13 13:29:33','',NULL),(235,'22','HANDLER_TYPE_',NULL,'varchar(255)','String','handlerType','0','0',NULL,'1','1','1','1','EQ','input','',12,'admin','2020-06-13 13:29:33','',NULL),(236,'22','HANDLER_CFG_',NULL,'varchar(4000)','String','handlerCfg','0','0',NULL,'1','1','1','1','EQ','textarea','',13,'admin','2020-06-13 13:29:33','',NULL),(237,'22','TENANT_ID_',NULL,'varchar(255)','String','tenantId','0','0',NULL,'1','1','1','1','EQ','input','',14,'admin','2020-06-13 13:29:33','',NULL),(238,'23','ID_',NULL,'varchar(64)','String','id','1','0',NULL,'1',NULL,NULL,NULL,'EQ','input','',1,'admin','2020-06-13 13:29:33','',NULL),(239,'23','REV_',NULL,'int(11)','Long','rev','0','0',NULL,'1','1','1','1','EQ','input','',2,'admin','2020-06-13 13:29:33','',NULL),(240,'23','EVENT_TYPE_',NULL,'varchar(255)','String','eventType','0','0','1','1','1','1','1','EQ','input','',3,'admin','2020-06-13 13:29:33','',NULL),(241,'23','EVENT_NAME_',NULL,'varchar(255)','String','eventName','0','0',NULL,'1','1','1','1','EQ','input','',4,'admin','2020-06-13 13:29:33','',NULL),(242,'23','EXECUTION_ID_',NULL,'varchar(64)','String','executionId','0','0',NULL,'1','1','1','1','EQ','input','',5,'admin','2020-06-13 13:29:33','',NULL),(243,'23','PROC_INST_ID_',NULL,'varchar(64)','String','procInstId','0','0',NULL,'1','1','1','1','EQ','input','',6,'admin','2020-06-13 13:29:33','',NULL),(244,'23','ACTIVITY_ID_',NULL,'varchar(64)','String','activityId','0','0',NULL,'1','1','1','1','EQ','input','',7,'admin','2020-06-13 13:29:33','',NULL),(245,'23','CONFIGURATION_',NULL,'varchar(255)','String','configuration','0','0',NULL,'1','1','1','1','EQ','input','',8,'admin','2020-06-13 13:29:33','',NULL),(246,'23','CREATED_',NULL,'timestamp(3)','Date','created','0','0','1','1','1','1','1','EQ','datetime','',9,'admin','2020-06-13 13:29:33','',NULL),(247,'23','PROC_DEF_ID_',NULL,'varchar(64)','String','procDefId','0','0',NULL,'1','1','1','1','EQ','input','',10,'admin','2020-06-13 13:29:33','',NULL),(248,'23','TENANT_ID_',NULL,'varchar(255)','String','tenantId','0','0',NULL,'1','1','1','1','EQ','input','',11,'admin','2020-06-13 13:29:33','',NULL),(249,'24','ID_',NULL,'varchar(64)','String','id','1','0',NULL,'1',NULL,NULL,NULL,'EQ','input','',1,'admin','2020-06-13 13:29:33','',NULL),(250,'24','REV_',NULL,'int(11)','Long','rev','0','0',NULL,'1','1','1','1','EQ','input','',2,'admin','2020-06-13 13:29:33','',NULL),(251,'24','PROC_INST_ID_',NULL,'varchar(64)','String','procInstId','0','0',NULL,'1','1','1','1','EQ','input','',3,'admin','2020-06-13 13:29:33','',NULL),(252,'24','BUSINESS_KEY_',NULL,'varchar(255)','String','businessKey','0','0',NULL,'1','1','1','1','EQ','input','',4,'admin','2020-06-13 13:29:33','',NULL),(253,'24','PARENT_ID_',NULL,'varchar(64)','String','parentId','0','0',NULL,'1','1','1','1','EQ','input','',5,'admin','2020-06-13 13:29:33','',NULL),(254,'24','PROC_DEF_ID_',NULL,'varchar(64)','String','procDefId','0','0',NULL,'1','1','1','1','EQ','input','',6,'admin','2020-06-13 13:29:33','',NULL),(255,'24','SUPER_EXEC_',NULL,'varchar(64)','String','superExec','0','0',NULL,'1','1','1','1','EQ','input','',7,'admin','2020-06-13 13:29:33','',NULL),(256,'24','ROOT_PROC_INST_ID_',NULL,'varchar(64)','String','rootProcInstId','0','0',NULL,'1','1','1','1','EQ','input','',8,'admin','2020-06-13 13:29:33','',NULL),(257,'24','ACT_ID_',NULL,'varchar(255)','String','actId','0','0',NULL,'1','1','1','1','EQ','input','',9,'admin','2020-06-13 13:29:33','',NULL),(258,'24','IS_ACTIVE_',NULL,'tinyint(4)','Integer','isActive','0','0',NULL,'1','1','1','1','EQ','input','',10,'admin','2020-06-13 13:29:33','',NULL),(259,'24','IS_CONCURRENT_',NULL,'tinyint(4)','Integer','isConcurrent','0','0',NULL,'1','1','1','1','EQ','input','',11,'admin','2020-06-13 13:29:33','',NULL),(260,'24','IS_SCOPE_',NULL,'tinyint(4)','Integer','isScope','0','0',NULL,'1','1','1','1','EQ','input','',12,'admin','2020-06-13 13:29:33','',NULL),(261,'24','IS_EVENT_SCOPE_',NULL,'tinyint(4)','Integer','isEventScope','0','0',NULL,'1','1','1','1','EQ','input','',13,'admin','2020-06-13 13:29:33','',NULL),(262,'24','IS_MI_ROOT_',NULL,'tinyint(4)','Integer','isMiRoot','0','0',NULL,'1','1','1','1','EQ','input','',14,'admin','2020-06-13 13:29:33','',NULL),(263,'24','SUSPENSION_STATE_',NULL,'int(11)','Long','suspensionState','0','0',NULL,'1','1','1','1','EQ','input','',15,'admin','2020-06-13 13:29:33','',NULL),(264,'24','CACHED_ENT_STATE_',NULL,'int(11)','Long','cachedEntState','0','0',NULL,'1','1','1','1','EQ','input','',16,'admin','2020-06-13 13:29:33','',NULL),(265,'24','TENANT_ID_',NULL,'varchar(255)','String','tenantId','0','0',NULL,'1','1','1','1','EQ','input','',17,'admin','2020-06-13 13:29:33','',NULL),(266,'24','NAME_',NULL,'varchar(255)','String','name','0','0',NULL,'1','1','1','1','EQ','input','',18,'admin','2020-06-13 13:29:33','',NULL),(267,'24','START_TIME_',NULL,'datetime(3)','Date','startTime','0','0',NULL,'1','1','1','1','EQ','datetime','',19,'admin','2020-06-13 13:29:33','',NULL),(268,'24','START_USER_ID_',NULL,'varchar(255)','String','startUserId','0','0',NULL,'1','1','1','1','EQ','input','',20,'admin','2020-06-13 13:29:33','',NULL),(269,'24','LOCK_TIME_',NULL,'timestamp(3)','Date','lockTime','0','0',NULL,'1','1','1','1','EQ','datetime','',21,'admin','2020-06-13 13:29:33','',NULL),(270,'24','IS_COUNT_ENABLED_',NULL,'tinyint(4)','Integer','isCountEnabled','0','0',NULL,'1','1','1','1','EQ','input','',22,'admin','2020-06-13 13:29:33','',NULL),(271,'24','EVT_SUBSCR_COUNT_',NULL,'int(11)','Long','evtSubscrCount','0','0',NULL,'1','1','1','1','EQ','input','',23,'admin','2020-06-13 13:29:33','',NULL),(272,'24','TASK_COUNT_',NULL,'int(11)','Long','taskCount','0','0',NULL,'1','1','1','1','EQ','input','',24,'admin','2020-06-13 13:29:33','',NULL),(273,'24','JOB_COUNT_',NULL,'int(11)','Long','jobCount','0','0',NULL,'1','1','1','1','EQ','input','',25,'admin','2020-06-13 13:29:33','',NULL),(274,'24','TIMER_JOB_COUNT_',NULL,'int(11)','Long','timerJobCount','0','0',NULL,'1','1','1','1','EQ','input','',26,'admin','2020-06-13 13:29:33','',NULL),(275,'24','SUSP_JOB_COUNT_',NULL,'int(11)','Long','suspJobCount','0','0',NULL,'1','1','1','1','EQ','input','',27,'admin','2020-06-13 13:29:33','',NULL),(276,'24','DEADLETTER_JOB_COUNT_',NULL,'int(11)','Long','deadletterJobCount','0','0',NULL,'1','1','1','1','EQ','input','',28,'admin','2020-06-13 13:29:33','',NULL),(277,'24','VAR_COUNT_',NULL,'int(11)','Long','varCount','0','0',NULL,'1','1','1','1','EQ','input','',29,'admin','2020-06-13 13:29:33','',NULL),(278,'24','ID_LINK_COUNT_',NULL,'int(11)','Long','idLinkCount','0','0',NULL,'1','1','1','1','EQ','input','',30,'admin','2020-06-13 13:29:33','',NULL),(279,'25','ID_',NULL,'varchar(64)','String','id','1','0',NULL,'1',NULL,NULL,NULL,'EQ','input','',1,'admin','2020-06-13 13:29:33','',NULL),(280,'25','REV_',NULL,'int(11)','Long','rev','0','0',NULL,'1','1','1','1','EQ','input','',2,'admin','2020-06-13 13:29:33','',NULL),(281,'25','GROUP_ID_',NULL,'varchar(255)','String','groupId','0','0',NULL,'1','1','1','1','EQ','input','',3,'admin','2020-06-13 13:29:33','',NULL),(282,'25','TYPE_',NULL,'varchar(255)','String','type','0','0',NULL,'1','1','1','1','EQ','input','',4,'admin','2020-06-13 13:29:33','',NULL),(283,'25','USER_ID_',NULL,'varchar(255)','String','userId','0','0',NULL,'1','1','1','1','EQ','input','',5,'admin','2020-06-13 13:29:33','',NULL),(284,'25','TASK_ID_',NULL,'varchar(64)','String','taskId','0','0',NULL,'1','1','1','1','EQ','input','',6,'admin','2020-06-13 13:29:33','',NULL),(285,'25','PROC_INST_ID_',NULL,'varchar(64)','String','procInstId','0','0',NULL,'1','1','1','1','EQ','input','',7,'admin','2020-06-13 13:29:33','',NULL),(286,'25','PROC_DEF_ID_',NULL,'varchar(64)','String','procDefId','0','0',NULL,'1','1','1','1','EQ','input','',8,'admin','2020-06-13 13:29:33','',NULL),(287,'26','ID_',NULL,'varchar(64)','String','id','1','0',NULL,'1',NULL,NULL,NULL,'EQ','input','',1,'admin','2020-06-13 13:29:33','',NULL),(288,'26','REV_',NULL,'int(11)','Long','rev','0','0',NULL,'1','1','1','1','EQ','input','',2,'admin','2020-06-13 13:29:33','',NULL),(289,'26','TYPE_',NULL,'varchar(255)','String','type','0','0','1','1','1','1','1','EQ','input','',3,'admin','2020-06-13 13:29:33','',NULL),(290,'26','LOCK_EXP_TIME_',NULL,'timestamp(3)','Date','lockExpTime','0','0',NULL,'1','1','1','1','EQ','datetime','',4,'admin','2020-06-13 13:29:33','',NULL),(291,'26','LOCK_OWNER_',NULL,'varchar(255)','String','lockOwner','0','0',NULL,'1','1','1','1','EQ','input','',5,'admin','2020-06-13 13:29:33','',NULL),(292,'26','EXCLUSIVE_',NULL,'tinyint(1)','Integer','exclusive','0','0',NULL,'1','1','1','1','EQ','input','',6,'admin','2020-06-13 13:29:33','',NULL),(293,'26','EXECUTION_ID_',NULL,'varchar(64)','String','executionId','0','0',NULL,'1','1','1','1','EQ','input','',7,'admin','2020-06-13 13:29:33','',NULL),(294,'26','PROCESS_INSTANCE_ID_',NULL,'varchar(64)','String','processInstanceId','0','0',NULL,'1','1','1','1','EQ','input','',8,'admin','2020-06-13 13:29:33','',NULL),(295,'26','PROC_DEF_ID_',NULL,'varchar(64)','String','procDefId','0','0',NULL,'1','1','1','1','EQ','input','',9,'admin','2020-06-13 13:29:33','',NULL),(296,'26','RETRIES_',NULL,'int(11)','Long','retries','0','0',NULL,'1','1','1','1','EQ','input','',10,'admin','2020-06-13 13:29:33','',NULL),(297,'26','EXCEPTION_STACK_ID_',NULL,'varchar(64)','String','exceptionStackId','0','0',NULL,'1','1','1','1','EQ','input','',11,'admin','2020-06-13 13:29:33','',NULL),(298,'26','EXCEPTION_MSG_',NULL,'varchar(4000)','String','exceptionMsg','0','0',NULL,'1','1','1','1','EQ','textarea','',12,'admin','2020-06-13 13:29:33','',NULL),(299,'26','DUEDATE_',NULL,'timestamp(3)','Date','duedate','0','0',NULL,'1','1','1','1','EQ','datetime','',13,'admin','2020-06-13 13:29:33','',NULL),(300,'26','REPEAT_',NULL,'varchar(255)','String','repeat','0','0',NULL,'1','1','1','1','EQ','input','',14,'admin','2020-06-13 13:29:33','',NULL),(301,'26','HANDLER_TYPE_',NULL,'varchar(255)','String','handlerType','0','0',NULL,'1','1','1','1','EQ','input','',15,'admin','2020-06-13 13:29:33','',NULL),(302,'26','HANDLER_CFG_',NULL,'varchar(4000)','String','handlerCfg','0','0',NULL,'1','1','1','1','EQ','textarea','',16,'admin','2020-06-13 13:29:33','',NULL),(303,'26','TENANT_ID_',NULL,'varchar(255)','String','tenantId','0','0',NULL,'1','1','1','1','EQ','input','',17,'admin','2020-06-13 13:29:33','',NULL),(304,'27','ID_',NULL,'varchar(64)','String','id','1','0',NULL,'1',NULL,NULL,NULL,'EQ','input','',1,'admin','2020-06-13 13:29:33','',NULL),(305,'27','REV_',NULL,'int(11)','Long','rev','0','0',NULL,'1','1','1','1','EQ','input','',2,'admin','2020-06-13 13:29:33','',NULL),(306,'27','TYPE_',NULL,'varchar(255)','String','type','0','0','1','1','1','1','1','EQ','input','',3,'admin','2020-06-13 13:29:33','',NULL),(307,'27','EXCLUSIVE_',NULL,'tinyint(1)','Integer','exclusive','0','0',NULL,'1','1','1','1','EQ','input','',4,'admin','2020-06-13 13:29:33','',NULL),(308,'27','EXECUTION_ID_',NULL,'varchar(64)','String','executionId','0','0',NULL,'1','1','1','1','EQ','input','',5,'admin','2020-06-13 13:29:33','',NULL),(309,'27','PROCESS_INSTANCE_ID_',NULL,'varchar(64)','String','processInstanceId','0','0',NULL,'1','1','1','1','EQ','input','',6,'admin','2020-06-13 13:29:33','',NULL),(310,'27','PROC_DEF_ID_',NULL,'varchar(64)','String','procDefId','0','0',NULL,'1','1','1','1','EQ','input','',7,'admin','2020-06-13 13:29:33','',NULL),(311,'27','RETRIES_',NULL,'int(11)','Long','retries','0','0',NULL,'1','1','1','1','EQ','input','',8,'admin','2020-06-13 13:29:33','',NULL),(312,'27','EXCEPTION_STACK_ID_',NULL,'varchar(64)','String','exceptionStackId','0','0',NULL,'1','1','1','1','EQ','input','',9,'admin','2020-06-13 13:29:33','',NULL),(313,'27','EXCEPTION_MSG_',NULL,'varchar(4000)','String','exceptionMsg','0','0',NULL,'1','1','1','1','EQ','textarea','',10,'admin','2020-06-13 13:29:33','',NULL),(314,'27','DUEDATE_',NULL,'timestamp(3)','Date','duedate','0','0',NULL,'1','1','1','1','EQ','datetime','',11,'admin','2020-06-13 13:29:33','',NULL),(315,'27','REPEAT_',NULL,'varchar(255)','String','repeat','0','0',NULL,'1','1','1','1','EQ','input','',12,'admin','2020-06-13 13:29:33','',NULL),(316,'27','HANDLER_TYPE_',NULL,'varchar(255)','String','handlerType','0','0',NULL,'1','1','1','1','EQ','input','',13,'admin','2020-06-13 13:29:33','',NULL),(317,'27','HANDLER_CFG_',NULL,'varchar(4000)','String','handlerCfg','0','0',NULL,'1','1','1','1','EQ','textarea','',14,'admin','2020-06-13 13:29:33','',NULL),(318,'27','TENANT_ID_',NULL,'varchar(255)','String','tenantId','0','0',NULL,'1','1','1','1','EQ','input','',15,'admin','2020-06-13 13:29:33','',NULL),(319,'28','ID_',NULL,'varchar(64)','String','id','1','0',NULL,'1',NULL,NULL,NULL,'EQ','input','',1,'admin','2020-06-13 13:29:33','',NULL),(320,'28','REV_',NULL,'int(11)','Long','rev','0','0',NULL,'1','1','1','1','EQ','input','',2,'admin','2020-06-13 13:29:33','',NULL),(321,'28','EXECUTION_ID_',NULL,'varchar(64)','String','executionId','0','0',NULL,'1','1','1','1','EQ','input','',3,'admin','2020-06-13 13:29:33','',NULL),(322,'28','PROC_INST_ID_',NULL,'varchar(64)','String','procInstId','0','0',NULL,'1','1','1','1','EQ','input','',4,'admin','2020-06-13 13:29:33','',NULL),(323,'28','PROC_DEF_ID_',NULL,'varchar(64)','String','procDefId','0','0',NULL,'1','1','1','1','EQ','input','',5,'admin','2020-06-13 13:29:33','',NULL),(324,'28','NAME_',NULL,'varchar(255)','String','name','0','0',NULL,'1','1','1','1','EQ','input','',6,'admin','2020-06-13 13:29:33','',NULL),(325,'28','PARENT_TASK_ID_',NULL,'varchar(64)','String','parentTaskId','0','0',NULL,'1','1','1','1','EQ','input','',7,'admin','2020-06-13 13:29:33','',NULL),(326,'28','DESCRIPTION_',NULL,'varchar(4000)','String','description','0','0',NULL,'1','1','1','1','EQ','textarea','',8,'admin','2020-06-13 13:29:33','',NULL),(327,'28','TASK_DEF_KEY_',NULL,'varchar(255)','String','taskDefKey','0','0',NULL,'1','1','1','1','EQ','input','',9,'admin','2020-06-13 13:29:33','',NULL),(328,'28','OWNER_',NULL,'varchar(255)','String','owner','0','0',NULL,'1','1','1','1','EQ','input','',10,'admin','2020-06-13 13:29:33','',NULL),(329,'28','ASSIGNEE_',NULL,'varchar(255)','String','assignee','0','0',NULL,'1','1','1','1','EQ','input','',11,'admin','2020-06-13 13:29:33','',NULL),(330,'28','DELEGATION_',NULL,'varchar(64)','String','delegation','0','0',NULL,'1','1','1','1','EQ','input','',12,'admin','2020-06-13 13:29:33','',NULL),(331,'28','PRIORITY_',NULL,'int(11)','Long','priority','0','0',NULL,'1','1','1','1','EQ','input','',13,'admin','2020-06-13 13:29:33','',NULL),(332,'28','CREATE_TIME_',NULL,'timestamp(3)','Date','createTime','0','0',NULL,'1','1','1','1','EQ','datetime','',14,'admin','2020-06-13 13:29:33','',NULL),(333,'28','DUE_DATE_',NULL,'datetime(3)','Date','dueDate','0','0',NULL,'1','1','1','1','EQ','datetime','',15,'admin','2020-06-13 13:29:33','',NULL),(334,'28','CATEGORY_',NULL,'varchar(255)','String','category','0','0',NULL,'1','1','1','1','EQ','input','',16,'admin','2020-06-13 13:29:33','',NULL),(335,'28','SUSPENSION_STATE_',NULL,'int(11)','Long','suspensionState','0','0',NULL,'1','1','1','1','EQ','input','',17,'admin','2020-06-13 13:29:33','',NULL),(336,'28','TENANT_ID_',NULL,'varchar(255)','String','tenantId','0','0',NULL,'1','1','1','1','EQ','input','',18,'admin','2020-06-13 13:29:33','',NULL),(337,'28','FORM_KEY_',NULL,'varchar(255)','String','formKey','0','0',NULL,'1','1','1','1','EQ','input','',19,'admin','2020-06-13 13:29:33','',NULL),(338,'28','CLAIM_TIME_',NULL,'datetime(3)','Date','claimTime','0','0',NULL,'1','1','1','1','EQ','datetime','',20,'admin','2020-06-13 13:29:33','',NULL),(339,'29','ID_',NULL,'varchar(64)','String','id','1','0',NULL,'1',NULL,NULL,NULL,'EQ','input','',1,'admin','2020-06-13 13:29:33','',NULL),(340,'29','REV_',NULL,'int(11)','Long','rev','0','0',NULL,'1','1','1','1','EQ','input','',2,'admin','2020-06-13 13:29:33','',NULL),(341,'29','TYPE_',NULL,'varchar(255)','String','type','0','0','1','1','1','1','1','EQ','input','',3,'admin','2020-06-13 13:29:33','',NULL),(342,'29','LOCK_EXP_TIME_',NULL,'timestamp(3)','Date','lockExpTime','0','0',NULL,'1','1','1','1','EQ','datetime','',4,'admin','2020-06-13 13:29:33','',NULL),(343,'29','LOCK_OWNER_',NULL,'varchar(255)','String','lockOwner','0','0',NULL,'1','1','1','1','EQ','input','',5,'admin','2020-06-13 13:29:33','',NULL),(344,'29','EXCLUSIVE_',NULL,'tinyint(1)','Integer','exclusive','0','0',NULL,'1','1','1','1','EQ','input','',6,'admin','2020-06-13 13:29:33','',NULL),(345,'29','EXECUTION_ID_',NULL,'varchar(64)','String','executionId','0','0',NULL,'1','1','1','1','EQ','input','',7,'admin','2020-06-13 13:29:33','',NULL),(346,'29','PROCESS_INSTANCE_ID_',NULL,'varchar(64)','String','processInstanceId','0','0',NULL,'1','1','1','1','EQ','input','',8,'admin','2020-06-13 13:29:33','',NULL),(347,'29','PROC_DEF_ID_',NULL,'varchar(64)','String','procDefId','0','0',NULL,'1','1','1','1','EQ','input','',9,'admin','2020-06-13 13:29:33','',NULL),(348,'29','RETRIES_',NULL,'int(11)','Long','retries','0','0',NULL,'1','1','1','1','EQ','input','',10,'admin','2020-06-13 13:29:33','',NULL),(349,'29','EXCEPTION_STACK_ID_',NULL,'varchar(64)','String','exceptionStackId','0','0',NULL,'1','1','1','1','EQ','input','',11,'admin','2020-06-13 13:29:33','',NULL),(350,'29','EXCEPTION_MSG_',NULL,'varchar(4000)','String','exceptionMsg','0','0',NULL,'1','1','1','1','EQ','textarea','',12,'admin','2020-06-13 13:29:33','',NULL),(351,'29','DUEDATE_',NULL,'timestamp(3)','Date','duedate','0','0',NULL,'1','1','1','1','EQ','datetime','',13,'admin','2020-06-13 13:29:33','',NULL),(352,'29','REPEAT_',NULL,'varchar(255)','String','repeat','0','0',NULL,'1','1','1','1','EQ','input','',14,'admin','2020-06-13 13:29:33','',NULL),(353,'29','HANDLER_TYPE_',NULL,'varchar(255)','String','handlerType','0','0',NULL,'1','1','1','1','EQ','input','',15,'admin','2020-06-13 13:29:33','',NULL),(354,'29','HANDLER_CFG_',NULL,'varchar(4000)','String','handlerCfg','0','0',NULL,'1','1','1','1','EQ','textarea','',16,'admin','2020-06-13 13:29:33','',NULL),(355,'29','TENANT_ID_',NULL,'varchar(255)','String','tenantId','0','0',NULL,'1','1','1','1','EQ','input','',17,'admin','2020-06-13 13:29:33','',NULL),(356,'30','file_id','id','int(11)','Long','fileId','1','1',NULL,'1',NULL,NULL,NULL,'EQ','input','',1,'admin','2020-06-13 13:29:33','',NULL),(357,'30','file_path','文件路径','varchar(300)','String','filePath','0','0','1','1','1','1','1','EQ','input','',2,'admin','2020-06-13 13:29:33','',NULL),(358,'30','file_name','文件名称','varchar(300)','String','fileName','0','0',NULL,'1','1','1','1','LIKE','input','',3,'admin','2020-06-13 13:29:33','',NULL),(359,'30','isImage','是否是图片','tinyint(1)','Integer','isimage','0','0',NULL,'1','1','1','1','EQ','input','',4,'admin','2020-06-13 13:29:33','',NULL),(360,'31','building_id','楼盘id','int(11)','Long','buildingId','1','1',NULL,'1',NULL,NULL,NULL,'EQ','input','',1,'admin','2020-06-13 13:29:33','',NULL),(361,'31','building_code','楼盘编号','varchar(30)','String','buildingCode','0','0','1','1','1','1','1','EQ','input','',2,'admin','2020-06-13 13:29:33','',NULL),(362,'31','building_name','楼盘名称','varchar(300)','String','buildingName','0','0','1','1','1','1','1','LIKE','input','',3,'admin','2020-06-13 13:29:33','',NULL),(363,'31','building_type','楼盘类型','varchar(30)','String','buildingType','0','0','1','1','1','1','1','EQ','select','',4,'admin','2020-06-13 13:29:33','',NULL),(364,'32','code_id','id','int(11)','Long','codeId','1','1',NULL,'1',NULL,NULL,NULL,'EQ','input','',1,'admin','2020-06-13 13:29:33','',NULL),(365,'32','cede_type','编码类型','int(11)','Long','cedeType','0','0',NULL,'1','1','1','1','EQ','select','',2,'admin','2020-06-13 13:29:33','',NULL),(366,'32','is_used','是否被使用','int(11)','Long','isUsed','0','0',NULL,'1','1','1','1','EQ','input','',3,'admin','2020-06-13 13:29:33','',NULL),(367,'32','post_id','编码内容','int(11)','Long','postId','0','0','1','1','1','1','1','EQ','input','',4,'admin','2020-06-13 13:29:33','',NULL),(368,'32','create_by','创建者','varchar(64)','String','createBy','0','0',NULL,'1',NULL,NULL,NULL,'EQ','input','',5,'admin','2020-06-13 13:29:33','',NULL),(369,'32','create_time','创建时间','datetime','Date','createTime','0','0',NULL,'1',NULL,NULL,NULL,'EQ','datetime','',6,'admin','2020-06-13 13:29:33','',NULL),(370,'32','update_by','更新者','varchar(64)','String','updateBy','0','0',NULL,'1','1',NULL,NULL,'EQ','input','',7,'admin','2020-06-13 13:29:33','',NULL),(371,'32','update_time','更新时间','datetime','Date','updateTime','0','0',NULL,'1','1',NULL,NULL,'EQ','datetime','',8,'admin','2020-06-13 13:29:33','',NULL),(372,'33','commission_id','id','int(11)','Long','commissionId','1','1',NULL,'1',NULL,NULL,NULL,'EQ','input','',1,'admin','2020-06-13 13:29:33','',NULL),(373,'33','sales_detail_id','关联销售单','int(11)','Long','salesDetailId','0','0',NULL,'1','1','1','1','EQ','input','',2,'admin','2020-06-13 13:29:33','',NULL),(374,'33','house_id','关联房号','int(11)','Long','houseId','0','0',NULL,'1','1','1','1','EQ','input','',3,'admin','2020-06-13 13:29:33','',NULL),(375,'33','post_id','角色','int(11)','Long','postId','0','0','1','1','1','1','1','EQ','input','',4,'admin','2020-06-13 13:29:33','',NULL),(376,'33','remind','提点','varchar(64)','String','remind','0','0','1','1','1','1','1','EQ','input','',5,'admin','2020-06-13 13:29:33','',NULL),(377,'33','user_id','对应人员','int(11)','Long','userId','0','0','1','1','1','1','1','EQ','input','',6,'admin','2020-06-13 13:29:33','',NULL),(378,'33','complete_prop','完成任务发放比例','varchar(64)','String','completeProp','0','0',NULL,'1','1','1','1','EQ','input','',7,'admin','2020-06-13 13:29:33','',NULL),(379,'33','dib_proportion','回款发放比例','varchar(64)','String','dibProportion','0','0',NULL,'1','1','1','1','EQ','input','',8,'admin','2020-06-13 13:29:33','',NULL),(380,'33','dib_time','回款提成发放时间','varchar(64)','String','dibTime','0','0',NULL,'1','1','1','1','EQ','input','',9,'admin','2020-06-13 13:29:33','',NULL),(381,'33','room_proportion','交房发放比例','varchar(64)','String','roomProportion','0','0','1','1','1','1','1','EQ','input','',10,'admin','2020-06-13 13:29:33','',NULL),(382,'33','room_prp_time','交房提成发放时间','varchar(64)','String','roomPrpTime','0','0',NULL,'1','1','1','1','EQ','input','',11,'admin','2020-06-13 13:29:33','',NULL),(383,'33','remark','备注说明','varchar(500)','String','remark','0','0',NULL,'1','1','1',NULL,'EQ','textarea','',12,'admin','2020-06-13 13:29:33','',NULL),(384,'33','create_by','创建者','varchar(64)','String','createBy','0','0',NULL,'1',NULL,NULL,NULL,'EQ','input','',13,'admin','2020-06-13 13:29:33','',NULL),(385,'33','create_time','创建时间','datetime','Date','createTime','0','0',NULL,'1',NULL,NULL,NULL,'EQ','datetime','',14,'admin','2020-06-13 13:29:33','',NULL),(386,'33','update_by','更新者','varchar(64)','String','updateBy','0','0',NULL,'1','1',NULL,NULL,'EQ','input','',15,'admin','2020-06-13 13:29:33','',NULL),(387,'33','update_time','更新时间','datetime','Date','updateTime','0','0',NULL,'1','1',NULL,NULL,'EQ','datetime','',16,'admin','2020-06-13 13:29:33','',NULL),(388,'34','config_id','参数主键','int(5)','Integer','configId','1','1',NULL,'1',NULL,NULL,NULL,'EQ','input','',1,'admin','2020-06-13 13:29:33','',NULL),(389,'34','config_name','参数名称','varchar(100)','String','configName','0','0',NULL,'1','1','1','1','LIKE','input','',2,'admin','2020-06-13 13:29:33','',NULL),(390,'34','config_key','参数键名','varchar(100)','String','configKey','0','0',NULL,'1','1','1','1','EQ','input','',3,'admin','2020-06-13 13:29:33','',NULL),(391,'34','config_value','参数键值','varchar(500)','String','configValue','0','0',NULL,'1','1','1','1','EQ','textarea','',4,'admin','2020-06-13 13:29:33','',NULL),(392,'34','config_type','系统内置（Y是 N否）','char(1)','String','configType','0','0',NULL,'1','1','1','1','EQ','select','',5,'admin','2020-06-13 13:29:33','',NULL),(393,'34','create_by','创建者','varchar(64)','String','createBy','0','0',NULL,'1',NULL,NULL,NULL,'EQ','input','',6,'admin','2020-06-13 13:29:33','',NULL),(394,'34','create_time','创建时间','datetime','Date','createTime','0','0',NULL,'1',NULL,NULL,NULL,'EQ','datetime','',7,'admin','2020-06-13 13:29:33','',NULL),(395,'34','update_by','更新者','varchar(64)','String','updateBy','0','0',NULL,'1','1',NULL,NULL,'EQ','input','',8,'admin','2020-06-13 13:29:33','',NULL),(396,'34','update_time','更新时间','datetime','Date','updateTime','0','0',NULL,'1','1',NULL,NULL,'EQ','datetime','',9,'admin','2020-06-13 13:29:33','',NULL),(397,'34','remark','备注','varchar(500)','String','remark','0','0',NULL,'1','1','1',NULL,'EQ','textarea','',10,'admin','2020-06-13 13:29:33','',NULL),(398,'35','customer_id','id','int(11)','Long','customerId','1','1',NULL,'1',NULL,NULL,NULL,'EQ','input','',1,'admin','2020-06-13 13:29:33','',NULL),(399,'35','c_name','客户姓名','varchar(100)','String','cName','0','0','1','1','1','1','1','LIKE','input','',2,'admin','2020-06-13 13:29:33','',NULL),(400,'35','c_sex','客户性别','varchar(10)','String','cSex','0','0',NULL,'1','1','1','1','EQ','select','',3,'admin','2020-06-13 13:29:33','',NULL),(401,'35','c_phone','客户电话','varchar(100)','String','cPhone','0','0',NULL,'1','1','1','1','EQ','input','',4,'admin','2020-06-13 13:29:33','',NULL),(402,'36','dict_code','字典编码','bigint(20)','Long','dictCode','1','1',NULL,'1',NULL,NULL,NULL,'EQ','input','',1,'admin','2020-06-13 13:29:33','',NULL),(403,'36','dict_sort','字典排序','int(4)','Integer','dictSort','0','0',NULL,'1','1','1','1','EQ','input','',2,'admin','2020-06-13 13:29:33','',NULL),(404,'36','dict_label','字典标签','varchar(100)','String','dictLabel','0','0',NULL,'1','1','1','1','EQ','input','',3,'admin','2020-06-13 13:29:33','',NULL),(405,'36','dict_value','字典键值','varchar(100)','String','dictValue','0','0',NULL,'1','1','1','1','EQ','input','',4,'admin','2020-06-13 13:29:33','',NULL),(406,'36','dict_type','字典类型','varchar(100)','String','dictType','0','0',NULL,'1','1','1','1','EQ','select','',5,'admin','2020-06-13 13:29:33','',NULL),(407,'36','css_class','样式属性（其他样式扩展）','varchar(100)','String','cssClass','0','0',NULL,'1','1','1','1','EQ','input','',6,'admin','2020-06-13 13:29:33','',NULL),(408,'36','list_class','表格回显样式','varchar(100)','String','listClass','0','0',NULL,'1','1','1','1','EQ','input','',7,'admin','2020-06-13 13:29:33','',NULL),(409,'36','is_default','是否默认（Y是 N否）','char(1)','String','isDefault','0','0',NULL,'1','1','1','1','EQ','input','',8,'admin','2020-06-13 13:29:33','',NULL),(410,'36','status','状态（0正常 1停用）','char(1)','String','status','0','0',NULL,'1','1','1','1','EQ','radio','',9,'admin','2020-06-13 13:29:33','',NULL),(411,'36','create_by','创建者','varchar(64)','String','createBy','0','0',NULL,'1',NULL,NULL,NULL,'EQ','input','',10,'admin','2020-06-13 13:29:33','',NULL),(412,'36','create_time','创建时间','datetime','Date','createTime','0','0',NULL,'1',NULL,NULL,NULL,'EQ','datetime','',11,'admin','2020-06-13 13:29:33','',NULL),(413,'36','update_by','更新者','varchar(64)','String','updateBy','0','0',NULL,'1','1',NULL,NULL,'EQ','input','',12,'admin','2020-06-13 13:29:33','',NULL),(414,'36','update_time','更新时间','datetime','Date','updateTime','0','0',NULL,'1','1',NULL,NULL,'EQ','datetime','',13,'admin','2020-06-13 13:29:33','',NULL),(415,'36','remark','备注','varchar(500)','String','remark','0','0',NULL,'1','1','1',NULL,'EQ','textarea','',14,'admin','2020-06-13 13:29:33','',NULL),(416,'37','dict_id','字典主键','bigint(20)','Long','dictId','1','1',NULL,'1',NULL,NULL,NULL,'EQ','input','',1,'admin','2020-06-13 13:29:33','',NULL),(417,'37','dict_name','字典名称','varchar(100)','String','dictName','0','0',NULL,'1','1','1','1','LIKE','input','',2,'admin','2020-06-13 13:29:33','',NULL),(418,'37','dict_type','字典类型','varchar(100)','String','dictType','0','0',NULL,'1','1','1','1','EQ','select','',3,'admin','2020-06-13 13:29:33','',NULL),(419,'37','status','状态（0正常 1停用）','char(1)','String','status','0','0',NULL,'1','1','1','1','EQ','radio','',4,'admin','2020-06-13 13:29:33','',NULL),(420,'37','create_by','创建者','varchar(64)','String','createBy','0','0',NULL,'1',NULL,NULL,NULL,'EQ','input','',5,'admin','2020-06-13 13:29:33','',NULL),(421,'37','create_time','创建时间','datetime','Date','createTime','0','0',NULL,'1',NULL,NULL,NULL,'EQ','datetime','',6,'admin','2020-06-13 13:29:33','',NULL),(422,'37','update_by','更新者','varchar(64)','String','updateBy','0','0',NULL,'1','1',NULL,NULL,'EQ','input','',7,'admin','2020-06-13 13:29:33','',NULL),(423,'37','update_time','更新时间','datetime','Date','updateTime','0','0',NULL,'1','1',NULL,NULL,'EQ','datetime','',8,'admin','2020-06-13 13:29:33','',NULL),(424,'37','remark','备注','varchar(500)','String','remark','0','0',NULL,'1','1','1',NULL,'EQ','textarea','',9,'admin','2020-06-13 13:29:33','',NULL),(425,'38','file_record_id','id','int(11)','Long','fileRecordId','1','1',NULL,'1',NULL,NULL,NULL,'EQ','input','',1,'admin','2020-06-13 13:29:33','',NULL),(426,'38','relevancy_type','关联表类型','varchar(30)','String','relevancyType','0','0','1','1','1','1','1','EQ','select','',2,'admin','2020-06-13 13:29:33','',NULL),(427,'38','sale_order_id','关联外键id','int(11)','Long','saleOrderId','0','0',NULL,'1','1','1','1','EQ','input','',3,'admin','2020-06-13 13:29:33','',NULL),(428,'38','record_person','领取人','varchar(100)','String','recordPerson','0','0',NULL,'1','1','1','1','EQ','input','',4,'admin','2020-06-13 13:29:33','',NULL),(429,'38','record_time','领取时间','datetime','Date','recordTime','0','0',NULL,'1','1','1','1','EQ','datetime','',5,'admin','2020-06-13 13:29:33','',NULL),(430,'38','record_file_name','领取文件名称','varchar(30)','String','recordFileName','0','0',NULL,'1','1','1','1','LIKE','input','',6,'admin','2020-06-13 13:29:33','',NULL),(431,'38','remark','说明','varchar(500)','String','remark','0','0',NULL,'1','1','1',NULL,'EQ','textarea','',7,'admin','2020-06-13 13:29:33','',NULL),(432,'38','unit_file','附件','varchar(100)','String','unitFile','0','0',NULL,'1','1','1','1','EQ','input','',8,'admin','2020-06-13 13:29:33','',NULL),(433,'38','create_by','创建者','varchar(64)','String','createBy','0','0',NULL,'1',NULL,NULL,NULL,'EQ','input','',9,'admin','2020-06-13 13:29:33','',NULL),(434,'38','create_time','创建时间','datetime','Date','createTime','0','0',NULL,'1',NULL,NULL,NULL,'EQ','datetime','',10,'admin','2020-06-13 13:29:33','',NULL),(435,'38','update_by','更新者','varchar(64)','String','updateBy','0','0',NULL,'1','1',NULL,NULL,'EQ','input','',11,'admin','2020-06-13 13:29:33','',NULL),(436,'38','update_time','更新时间','datetime','Date','updateTime','0','0',NULL,'1','1',NULL,NULL,'EQ','datetime','',12,'admin','2020-06-13 13:29:33','',NULL),(437,'39','file_util_id','id','int(11)','Long','fileUtilId','1','1',NULL,'1',NULL,NULL,NULL,'EQ','input','',1,'admin','2020-06-13 13:29:33','',NULL),(438,'39','file_util_code','每个实体对应的唯一标识','varchar(30)','String','fileUtilCode','0','0','1','1','1','1','1','EQ','input','',2,'admin','2020-06-13 13:29:33','',NULL),(439,'39','file_attachment_id','附件表ID','int(11)','Long','fileAttachmentId','0','0','1','1','1','1','1','EQ','input','',3,'admin','2020-06-13 13:29:33','',NULL),(440,'39','file_domain_id','实体表ID','int(11)','Long','fileDomainId','0','0',NULL,'1','1','1','1','EQ','input','',4,'admin','2020-06-13 13:29:33','',NULL),(441,'40','id','id','int(11)','Long','id','1','1',NULL,'1',NULL,NULL,NULL,'EQ','input','',1,'admin','2020-06-13 13:29:33','',NULL),(442,'40','applyUser','申请人','int(11)','Long','applyuser','0','0','1','1','1','1','1','EQ','input','',2,'admin','2020-06-13 13:29:33','',NULL),(443,'40','handlerUser','当前处理人','int(11)','Long','handleruser','0','0','1','1','1','1','1','EQ','input','',3,'admin','2020-06-13 13:29:33','',NULL),(444,'40','status','状态：0暂存未开始,1已审核,2未审核,3,本申请已经结束,','int(11)','Long','status','0','0','1','1','1','1','1','EQ','radio','',4,'admin','2020-06-13 13:29:33','',NULL),(445,'40','type','类别','varchar(30)','String','type','0','0','1','1','1','1','1','EQ','select','',5,'admin','2020-06-13 13:29:33','',NULL),(446,'40','type_id','关联业务单ID','int(11)','Long','typeId','0','0','1','1','1','1','1','EQ','input','',6,'admin','2020-06-13 13:29:33','',NULL),(447,'40','create_by','创建者','varchar(64)','String','createBy','0','0',NULL,'1',NULL,NULL,NULL,'EQ','input','',7,'admin','2020-06-13 13:29:33','',NULL),(448,'40','create_time','创建时间','datetime','Date','createTime','0','0',NULL,'1',NULL,NULL,NULL,'EQ','datetime','',8,'admin','2020-06-13 13:29:33','',NULL),(449,'40','update_by','更新者','varchar(64)','String','updateBy','0','0',NULL,'1','1',NULL,NULL,'EQ','input','',9,'admin','2020-06-13 13:29:33','',NULL),(450,'40','update_time','更新时间','datetime','Date','updateTime','0','0',NULL,'1','1',NULL,NULL,'EQ','datetime','',10,'admin','2020-06-13 13:29:33','',NULL),(451,'41','id','id','int(11)','Long','id','1','1',NULL,'1',NULL,NULL,NULL,'EQ','input','',1,'admin','2020-06-13 13:29:33','',NULL),(452,'41','flow_id','关联流程id','int(11)','Long','flowId','0','0',NULL,'1','1','1','1','EQ','input','',2,'admin','2020-06-13 13:29:33','',NULL),(453,'41','title','标题','varchar(300)','String','title','0','0',NULL,'1','1','1','1','EQ','input','',3,'admin','2020-06-13 13:29:33','',NULL),(454,'41','dealUser','处理人','int(11)','Long','dealuser','0','0','1','1','1','1','1','EQ','input','',4,'admin','2020-06-13 13:29:33','',NULL),(455,'41','dealTime','处理时间','datetime','Date','dealtime','0','0',NULL,'1','1','1','1','EQ','datetime','',5,'admin','2020-06-13 13:29:33','',NULL),(456,'41','opinion','处理意见，1，同意，2驳回','varchar(30)','String','opinion','0','0',NULL,'1','1','1','1','EQ','input','',6,'admin','2020-06-13 13:29:33','',NULL),(457,'41','remark','处理意见,说明','varchar(300)','String','remark','0','0',NULL,'1','1','1',NULL,'EQ','input','',7,'admin','2020-06-13 13:29:33','',NULL),(458,'41','status','处理状态,0.已处理，1.未处理','int(11)','Long','status','0','0',NULL,'1','1','1','1','EQ','radio','',8,'admin','2020-06-13 13:29:33','',NULL),(459,'41','create_by','创建者','varchar(64)','String','createBy','0','0',NULL,'1',NULL,NULL,NULL,'EQ','input','',9,'admin','2020-06-13 13:29:33','',NULL),(460,'41','create_time','创建时间','datetime','Date','createTime','0','0',NULL,'1',NULL,NULL,NULL,'EQ','datetime','',10,'admin','2020-06-13 13:29:33','',NULL),(461,'41','update_by','更新者','varchar(64)','String','updateBy','0','0',NULL,'1','1',NULL,NULL,'EQ','input','',11,'admin','2020-06-13 13:29:33','',NULL),(462,'41','update_time','更新时间','datetime','Date','updateTime','0','0',NULL,'1','1',NULL,NULL,'EQ','datetime','',12,'admin','2020-06-13 13:29:33','',NULL),(463,'42','house_id','id','bigint(20)','Long','houseId','1','1',NULL,'1',NULL,NULL,NULL,'EQ','input','',1,'admin','2020-06-13 13:29:33','',NULL),(464,'42','bulding_id','所在楼盘id','bigint(20)','Long','buldingId','0','0','1','1','1','1','1','EQ','input','',2,'admin','2020-06-13 13:29:33','',NULL),(465,'42','unit_id','所在单元id','bigint(20)','Long','unitId','0','0','1','1','1','1','1','EQ','input','',3,'admin','2020-06-13 13:29:33','',NULL),(466,'42','area','建筑面积','double','Long','area','0','0',NULL,'1','1','1','1','EQ','input','',4,'admin','2020-06-13 13:29:33','',NULL),(467,'42','inner_area','套内面积','double','Long','innerArea','0','0',NULL,'1','1','1','1','EQ','input','',5,'admin','2020-06-13 13:29:33','',NULL),(468,'42','real_area','实测面积','double','Long','realArea','0','0',NULL,'1','1','1','1','EQ','input','',6,'admin','2020-06-13 13:29:33','',NULL),(469,'42','house_number','房间号','varchar(30)','String','houseNumber','0','0','1','1','1','1','1','EQ','input','',7,'admin','2020-06-13 13:29:33','',NULL),(470,'42','building_type','类型','varchar(30)','String','buildingType','0','0','1','1','1','1','1','EQ','select','',8,'admin','2020-06-13 13:29:33','',NULL),(471,'42','floor','楼层','varchar(30)','String','floor','0','0',NULL,'1','1','1','1','EQ','input','',9,'admin','2020-06-13 13:29:33','',NULL),(472,'42','price','单价','double','Long','price','0','0',NULL,'1','1','1','1','EQ','input','',10,'admin','2020-06-13 13:29:33','',NULL),(473,'42','Property_rights','产权','varchar(30)','String','propertyRights','0','0',NULL,'1','1','1','1','EQ','input','',11,'admin','2020-06-13 13:29:33','',NULL),(474,'42','create_by','创建者','varchar(64)','String','createBy','0','0',NULL,'1',NULL,NULL,NULL,'EQ','input','',12,'admin','2020-06-13 13:29:33','',NULL),(475,'42','create_time','创建时间','datetime','Date','createTime','0','0',NULL,'1',NULL,NULL,NULL,'EQ','datetime','',13,'admin','2020-06-13 13:29:33','',NULL),(476,'42','update_by','更新者','varchar(64)','String','updateBy','0','0',NULL,'1','1',NULL,NULL,'EQ','input','',14,'admin','2020-06-13 13:29:33','',NULL),(477,'42','update_time','更新时间','datetime','Date','updateTime','0','0',NULL,'1','1',NULL,NULL,'EQ','datetime','',15,'admin','2020-06-13 13:29:33','',NULL),(478,'43','house_unit_id','id','bigint(20)','Long','houseUnitId','1','1',NULL,'1',NULL,NULL,NULL,'EQ','input','',1,'admin','2020-06-13 13:29:33','',NULL),(479,'43','unit_code','单元编号','varchar(30)','String','unitCode','0','0','1','1','1','1','1','EQ','input','',2,'admin','2020-06-13 13:29:33','',NULL),(480,'43','building_Id','所在楼盘ID','varchar(30)','String','buildingId','0','0','1','1','1','1','1','EQ','input','',3,'admin','2020-06-13 13:29:33','',NULL),(481,'43','house_unit_name','单元名称','varchar(30)','String','houseUnitName','0','0','1','1','1','1','1','LIKE','input','',4,'admin','2020-06-13 13:29:33','',NULL),(482,'43','create_by','创建者','varchar(64)','String','createBy','0','0',NULL,'1',NULL,NULL,NULL,'EQ','input','',5,'admin','2020-06-13 13:29:33','',NULL),(483,'43','create_time','创建时间','datetime','Date','createTime','0','0',NULL,'1',NULL,NULL,NULL,'EQ','datetime','',6,'admin','2020-06-13 13:29:33','',NULL),(484,'43','update_by','更新者','varchar(64)','String','updateBy','0','0',NULL,'1','1',NULL,NULL,'EQ','input','',7,'admin','2020-06-13 13:29:33','',NULL),(485,'43','update_time','更新时间','datetime','Date','updateTime','0','0',NULL,'1','1',NULL,NULL,'EQ','datetime','',8,'admin','2020-06-13 13:29:33','',NULL),(486,'44','job_id','任务ID','bigint(20)','Long','jobId','1','1',NULL,'1',NULL,NULL,NULL,'EQ','input','',1,'admin','2020-06-13 13:29:33','',NULL),(487,'44','job_name','任务名称','varchar(64)','String','jobName','1','0',NULL,'1',NULL,NULL,NULL,'LIKE','input','',2,'admin','2020-06-13 13:29:33','',NULL),(488,'44','job_group','任务组名','varchar(64)','String','jobGroup','1','0',NULL,'1',NULL,NULL,NULL,'EQ','input','',3,'admin','2020-06-13 13:29:33','',NULL),(489,'44','invoke_target','调用目标字符串','varchar(500)','String','invokeTarget','0','0','1','1','1','1','1','EQ','textarea','',4,'admin','2020-06-13 13:29:33','',NULL),(490,'44','cron_expression','cron执行表达式','varchar(255)','String','cronExpression','0','0',NULL,'1','1','1','1','EQ','input','',5,'admin','2020-06-13 13:29:33','',NULL),(491,'44','misfire_policy','计划执行错误策略（1立即执行 2执行一次 3放弃执行）','varchar(20)','String','misfirePolicy','0','0',NULL,'1','1','1','1','EQ','input','',6,'admin','2020-06-13 13:29:33','',NULL),(492,'44','concurrent','是否并发执行（0允许 1禁止）','char(1)','String','concurrent','0','0',NULL,'1','1','1','1','EQ','input','',7,'admin','2020-06-13 13:29:33','',NULL),(493,'44','status','状态（0正常 1暂停）','char(1)','String','status','0','0',NULL,'1','1','1','1','EQ','radio','',8,'admin','2020-06-13 13:29:33','',NULL),(494,'44','create_by','创建者','varchar(64)','String','createBy','0','0',NULL,'1',NULL,NULL,NULL,'EQ','input','',9,'admin','2020-06-13 13:29:33','',NULL),(495,'44','create_time','创建时间','datetime','Date','createTime','0','0',NULL,'1',NULL,NULL,NULL,'EQ','datetime','',10,'admin','2020-06-13 13:29:33','',NULL),(496,'44','update_by','更新者','varchar(64)','String','updateBy','0','0',NULL,'1','1',NULL,NULL,'EQ','input','',11,'admin','2020-06-13 13:29:33','',NULL),(497,'44','update_time','更新时间','datetime','Date','updateTime','0','0',NULL,'1','1',NULL,NULL,'EQ','datetime','',12,'admin','2020-06-13 13:29:33','',NULL),(498,'44','remark','备注信息','varchar(500)','String','remark','0','0',NULL,'1','1','1',NULL,'EQ','textarea','',13,'admin','2020-06-13 13:29:33','',NULL),(499,'45','job_log_id','任务日志ID','bigint(20)','Long','jobLogId','1','1',NULL,'1',NULL,NULL,NULL,'EQ','input','',1,'admin','2020-06-13 13:29:33','',NULL),(500,'45','job_name','任务名称','varchar(64)','String','jobName','0','0','1','1','1','1','1','LIKE','input','',2,'admin','2020-06-13 13:29:33','',NULL),(501,'45','job_group','任务组名','varchar(64)','String','jobGroup','0','0','1','1','1','1','1','EQ','input','',3,'admin','2020-06-13 13:29:33','',NULL),(502,'45','invoke_target','调用目标字符串','varchar(500)','String','invokeTarget','0','0','1','1','1','1','1','EQ','textarea','',4,'admin','2020-06-13 13:29:33','',NULL),(503,'45','job_message','日志信息','varchar(500)','String','jobMessage','0','0',NULL,'1','1','1','1','EQ','textarea','',5,'admin','2020-06-13 13:29:33','',NULL),(504,'45','status','执行状态（0正常 1失败）','char(1)','String','status','0','0',NULL,'1','1','1','1','EQ','radio','',6,'admin','2020-06-13 13:29:33','',NULL),(505,'45','exception_info','异常信息','varchar(2000)','String','exceptionInfo','0','0',NULL,'1','1','1','1','EQ','textarea','',7,'admin','2020-06-13 13:29:33','',NULL),(506,'45','create_time','创建时间','datetime','Date','createTime','0','0',NULL,'1',NULL,NULL,NULL,'EQ','datetime','',8,'admin','2020-06-13 13:29:33','',NULL),(507,'46','info_id','访问ID','bigint(20)','Long','infoId','1','1',NULL,'1',NULL,NULL,NULL,'EQ','input','',1,'admin','2020-06-13 13:29:33','',NULL),(508,'46','login_name','登录账号','varchar(50)','String','loginName','0','0',NULL,'1','1','1','1','LIKE','input','',2,'admin','2020-06-13 13:29:33','',NULL),(509,'46','ipaddr','登录IP地址','varchar(50)','String','ipaddr','0','0',NULL,'1','1','1','1','EQ','input','',3,'admin','2020-06-13 13:29:33','',NULL),(510,'46','login_location','登录地点','varchar(255)','String','loginLocation','0','0',NULL,'1','1','1','1','EQ','input','',4,'admin','2020-06-13 13:29:33','',NULL),(511,'46','browser','浏览器类型','varchar(50)','String','browser','0','0',NULL,'1','1','1','1','EQ','input','',5,'admin','2020-06-13 13:29:33','',NULL),(512,'46','os','操作系统','varchar(50)','String','os','0','0',NULL,'1','1','1','1','EQ','input','',6,'admin','2020-06-13 13:29:33','',NULL),(513,'46','status','登录状态（0成功 1失败）','char(1)','String','status','0','0',NULL,'1','1','1','1','EQ','radio','',7,'admin','2020-06-13 13:29:33','',NULL),(514,'46','msg','提示消息','varchar(255)','String','msg','0','0',NULL,'1','1','1','1','EQ','input','',8,'admin','2020-06-13 13:29:33','',NULL),(515,'46','login_time','访问时间','datetime','Date','loginTime','0','0',NULL,'1','1','1','1','EQ','datetime','',9,'admin','2020-06-13 13:29:33','',NULL),(516,'47','menu_id','菜单ID','bigint(20)','Long','menuId','1','1',NULL,'1',NULL,NULL,NULL,'EQ','input','',1,'admin','2020-06-13 13:29:33','',NULL),(517,'47','menu_name','菜单名称','varchar(50)','String','menuName','0','0','1','1','1','1','1','LIKE','input','',2,'admin','2020-06-13 13:29:33','',NULL),(518,'47','parent_id','父菜单ID','bigint(20)','Long','parentId','0','0',NULL,'1','1','1','1','EQ','input','',3,'admin','2020-06-13 13:29:33','',NULL),(519,'47','order_num','显示顺序','int(4)','Integer','orderNum','0','0',NULL,'1','1','1','1','EQ','input','',4,'admin','2020-06-13 13:29:33','',NULL),(520,'47','url','请求地址','varchar(200)','String','url','0','0',NULL,'1','1','1','1','EQ','input','',5,'admin','2020-06-13 13:29:33','',NULL),(521,'47','target','打开方式（menuItem页签 menuBlank新窗口）','varchar(20)','String','target','0','0',NULL,'1','1','1','1','EQ','input','',6,'admin','2020-06-13 13:29:33','',NULL),(522,'47','menu_type','菜单类型（M目录 C菜单 F按钮）','char(1)','String','menuType','0','0',NULL,'1','1','1','1','EQ','select','',7,'admin','2020-06-13 13:29:33','',NULL),(523,'47','visible','菜单状态（0显示 1隐藏）','char(1)','String','visible','0','0',NULL,'1','1','1','1','EQ','input','',8,'admin','2020-06-13 13:29:33','',NULL),(524,'47','perms','权限标识','varchar(100)','String','perms','0','0',NULL,'1','1','1','1','EQ','input','',9,'admin','2020-06-13 13:29:33','',NULL),(525,'47','icon','菜单图标','varchar(100)','String','icon','0','0',NULL,'1','1','1','1','EQ','input','',10,'admin','2020-06-13 13:29:33','',NULL),(526,'47','create_by','创建者','varchar(64)','String','createBy','0','0',NULL,'1',NULL,NULL,NULL,'EQ','input','',11,'admin','2020-06-13 13:29:33','',NULL),(527,'47','create_time','创建时间','datetime','Date','createTime','0','0',NULL,'1',NULL,NULL,NULL,'EQ','datetime','',12,'admin','2020-06-13 13:29:33','',NULL),(528,'47','update_by','更新者','varchar(64)','String','updateBy','0','0',NULL,'1','1',NULL,NULL,'EQ','input','',13,'admin','2020-06-13 13:29:33','',NULL),(529,'47','update_time','更新时间','datetime','Date','updateTime','0','0',NULL,'1','1',NULL,NULL,'EQ','datetime','',14,'admin','2020-06-13 13:29:33','',NULL),(530,'47','remark','备注','varchar(500)','String','remark','0','0',NULL,'1','1','1',NULL,'EQ','textarea','',15,'admin','2020-06-13 13:29:33','',NULL),(531,'48','notice_id','公告ID','int(4)','Integer','noticeId','1','1',NULL,'1',NULL,NULL,NULL,'EQ','input','',1,'admin','2020-06-13 13:29:33','',NULL),(532,'48','notice_title','公告标题','varchar(50)','String','noticeTitle','0','0','1','1','1','1','1','EQ','input','',2,'admin','2020-06-13 13:29:33','',NULL),(533,'48','notice_type','公告类型（1通知 2公告）','char(1)','String','noticeType','0','0','1','1','1','1','1','EQ','select','',3,'admin','2020-06-13 13:29:33','',NULL),(534,'48','notice_content','公告内容','varchar(2000)','String','noticeContent','0','0',NULL,'1','1','1','1','EQ','textarea','',4,'admin','2020-06-13 13:29:33','',NULL),(535,'48','status','公告状态（0正常 1关闭）','char(1)','String','status','0','0',NULL,'1','1','1','1','EQ','radio','',5,'admin','2020-06-13 13:29:33','',NULL),(536,'48','create_by','创建者','varchar(64)','String','createBy','0','0',NULL,'1',NULL,NULL,NULL,'EQ','input','',6,'admin','2020-06-13 13:29:33','',NULL),(537,'48','create_time','创建时间','datetime','Date','createTime','0','0',NULL,'1',NULL,NULL,NULL,'EQ','datetime','',7,'admin','2020-06-13 13:29:33','',NULL),(538,'48','update_by','更新者','varchar(64)','String','updateBy','0','0',NULL,'1','1',NULL,NULL,'EQ','input','',8,'admin','2020-06-13 13:29:33','',NULL),(539,'48','update_time','更新时间','datetime','Date','updateTime','0','0',NULL,'1','1',NULL,NULL,'EQ','datetime','',9,'admin','2020-06-13 13:29:33','',NULL),(540,'48','remark','备注','varchar(255)','String','remark','0','0',NULL,'1','1','1',NULL,'EQ','input','',10,'admin','2020-06-13 13:29:33','',NULL),(541,'49','oper_id','日志主键','bigint(20)','Long','operId','1','1',NULL,'1',NULL,NULL,NULL,'EQ','input','',1,'admin','2020-06-13 13:29:33','',NULL),(542,'49','title','模块标题','varchar(50)','String','title','0','0',NULL,'1','1','1','1','EQ','input','',2,'admin','2020-06-13 13:29:33','',NULL),(543,'49','business_type','业务类型（0其它 1新增 2修改 3删除）','int(2)','Integer','businessType','0','0',NULL,'1','1','1','1','EQ','select','',3,'admin','2020-06-13 13:29:33','',NULL),(544,'49','method','方法名称','varchar(100)','String','method','0','0',NULL,'1','1','1','1','EQ','input','',4,'admin','2020-06-13 13:29:33','',NULL),(545,'49','request_method','请求方式','varchar(10)','String','requestMethod','0','0',NULL,'1','1','1','1','EQ','input','',5,'admin','2020-06-13 13:29:33','',NULL),(546,'49','operator_type','操作类别（0其它 1后台用户 2手机端用户）','int(1)','Integer','operatorType','0','0',NULL,'1','1','1','1','EQ','select','',6,'admin','2020-06-13 13:29:33','',NULL),(547,'49','oper_name','操作人员','varchar(50)','String','operName','0','0',NULL,'1','1','1','1','LIKE','input','',7,'admin','2020-06-13 13:29:33','',NULL),(548,'49','dept_name','部门名称','varchar(50)','String','deptName','0','0',NULL,'1','1','1','1','LIKE','input','',8,'admin','2020-06-13 13:29:33','',NULL),(549,'49','oper_url','请求URL','varchar(255)','String','operUrl','0','0',NULL,'1','1','1','1','EQ','input','',9,'admin','2020-06-13 13:29:33','',NULL),(550,'49','oper_ip','主机地址','varchar(50)','String','operIp','0','0',NULL,'1','1','1','1','EQ','input','',10,'admin','2020-06-13 13:29:33','',NULL),(551,'49','oper_location','操作地点','varchar(255)','String','operLocation','0','0',NULL,'1','1','1','1','EQ','input','',11,'admin','2020-06-13 13:29:33','',NULL),(552,'49','oper_param','请求参数','varchar(2000)','String','operParam','0','0',NULL,'1','1','1','1','EQ','textarea','',12,'admin','2020-06-13 13:29:33','',NULL),(553,'49','json_result','返回参数','varchar(2000)','String','jsonResult','0','0',NULL,'1','1','1','1','EQ','textarea','',13,'admin','2020-06-13 13:29:33','',NULL),(554,'49','status','操作状态（0正常 1异常）','int(1)','Integer','status','0','0',NULL,'1','1','1','1','EQ','radio','',14,'admin','2020-06-13 13:29:33','',NULL),(555,'49','error_msg','错误消息','varchar(2000)','String','errorMsg','0','0',NULL,'1','1','1','1','EQ','textarea','',15,'admin','2020-06-13 13:29:33','',NULL),(556,'49','oper_time','操作时间','datetime','Date','operTime','0','0',NULL,'1','1','1','1','EQ','datetime','',16,'admin','2020-06-13 13:29:33','',NULL),(557,'50','Payment_id','id','int(11)','Long','paymentId','1','1',NULL,'1',NULL,NULL,NULL,'EQ','input','',1,'admin','2020-06-13 13:29:33','',NULL),(558,'50','Payment_type','收款类型','varchar(100)','String','paymentType','0','0','1','1','1','1','1','EQ','select','',2,'admin','2020-06-13 13:29:33','',NULL),(559,'50','amount','收款金额','double','Long','amount','0','0','1','1','1','1','1','EQ','input','',3,'admin','2020-06-13 13:29:33','',NULL),(560,'50','Payment_time','收款时间','datetime','Date','paymentTime','0','0','1','1','1','1','1','EQ','datetime','',4,'admin','2020-06-13 13:29:33','',NULL),(561,'50','remark','收款说明','varchar(300)','String','remark','0','0',NULL,'1','1','1',NULL,'EQ','input','',5,'admin','2020-06-13 13:29:33','',NULL),(562,'50','sales_detail_id','关联销售单','int(11)','Long','salesDetailId','0','0',NULL,'1','1','1','1','EQ','input','',6,'admin','2020-06-13 13:29:33','',NULL),(563,'51','role_id','角色ID','bigint(20)','Long','roleId','1','1',NULL,'1',NULL,NULL,NULL,'EQ','input','',1,'admin','2020-06-13 13:29:33','',NULL),(564,'51','role_name','角色名称','varchar(30)','String','roleName','0','0','1','1','1','1','1','LIKE','input','',2,'admin','2020-06-13 13:29:33','',NULL),(565,'51','role_key','角色权限字符串','varchar(100)','String','roleKey','0','0','1','1','1','1','1','EQ','input','',3,'admin','2020-06-13 13:29:33','',NULL),(566,'51','role_sort','显示顺序','int(4)','Integer','roleSort','0','0','1','1','1','1','1','EQ','input','',4,'admin','2020-06-13 13:29:33','',NULL),(567,'51','data_scope','数据范围（1：全部数据权限 2：自定数据权限 3：本部门数据权限 4：本部门及以下数据权限）','char(1)','String','dataScope','0','0',NULL,'1','1','1','1','EQ','input','',5,'admin','2020-06-13 13:29:33','',NULL),(568,'51','status','角色状态（0正常 1停用）','char(1)','String','status','0','0','1','1','1','1','1','EQ','radio','',6,'admin','2020-06-13 13:29:33','',NULL),(569,'51','del_flag','删除标志（0代表存在 2代表删除）','char(1)','String','delFlag','0','0',NULL,'1',NULL,NULL,NULL,'EQ','input','',7,'admin','2020-06-13 13:29:33','',NULL),(570,'51','create_by','创建者','varchar(64)','String','createBy','0','0',NULL,'1',NULL,NULL,NULL,'EQ','input','',8,'admin','2020-06-13 13:29:33','',NULL),(571,'51','create_time','创建时间','datetime','Date','createTime','0','0',NULL,'1',NULL,NULL,NULL,'EQ','datetime','',9,'admin','2020-06-13 13:29:33','',NULL),(572,'51','update_by','更新者','varchar(64)','String','updateBy','0','0',NULL,'1','1',NULL,NULL,'EQ','input','',10,'admin','2020-06-13 13:29:33','',NULL),(573,'51','update_time','更新时间','datetime','Date','updateTime','0','0',NULL,'1','1',NULL,NULL,'EQ','datetime','',11,'admin','2020-06-13 13:29:33','',NULL),(574,'51','remark','备注','varchar(500)','String','remark','0','0',NULL,'1','1','1',NULL,'EQ','textarea','',12,'admin','2020-06-13 13:29:33','',NULL),(575,'52','role_id','角色ID','bigint(20)','Long','roleId','1','0',NULL,'1',NULL,NULL,NULL,'EQ','input','',1,'admin','2020-06-13 13:29:33','',NULL),(576,'52','dept_id','部门ID','bigint(20)','Long','deptId','1','0',NULL,'1',NULL,NULL,NULL,'EQ','input','',2,'admin','2020-06-13 13:29:33','',NULL),(577,'53','role_id','角色ID','bigint(20)','Long','roleId','1','0',NULL,'1',NULL,NULL,NULL,'EQ','input','',1,'admin','2020-06-13 13:29:33','',NULL),(578,'53','menu_id','菜单ID','bigint(20)','Long','menuId','1','0',NULL,'1',NULL,NULL,NULL,'EQ','input','',2,'admin','2020-06-13 13:29:33','',NULL),(579,'54','sales_detail_id','id','int(11)','Long','salesDetailId','1','1',NULL,'1',NULL,NULL,NULL,'EQ','input','',1,'admin','2020-06-13 13:29:33','',NULL),(580,'54','buldingid','关联楼盘','int(11)','Long','buldingid','0','0','1','1','1','1','1','EQ','input','',2,'admin','2020-06-13 13:29:33','',NULL),(581,'54','houseid','关联房号','int(11)','Long','houseid','0','0','1','1','1','1','1','EQ','input','',3,'admin','2020-06-13 13:29:33','',NULL),(582,'54','salse_floor_price','销售底价','double','Long','salseFloorPrice','0','0',NULL,'1','1','1','1','EQ','input','',4,'admin','2020-06-13 13:29:33','',NULL),(583,'54','book_buyer','认购人','varchar(30)','String','bookBuyer','0','0','1','1','1','1','1','EQ','input','',5,'admin','2020-06-13 13:29:33','',NULL),(584,'54','buyerTime','认购时间','datetime','Date','buyertime','0','0',NULL,'1','1','1','1','EQ','datetime','',6,'admin','2020-06-13 13:29:33','',NULL),(585,'54','book_buyer_price','认购单价','double','Long','bookBuyerPrice','0','0',NULL,'1','1','1','1','EQ','input','',7,'admin','2020-06-13 13:29:33','',NULL),(586,'54','book_buyer_allPrice','认购总价','double','Long','bookBuyerAllprice','0','0',NULL,'1','1','1','1','EQ','input','',8,'admin','2020-06-13 13:29:33','',NULL),(587,'54','buyer_price','认购金金额','double','Long','buyerPrice','0','0',NULL,'1','1','1','1','EQ','input','',9,'admin','2020-06-13 13:29:33','',NULL),(588,'54','book_BuyerPhone','认购人联系方式','varchar(100)','String','bookBuyerphone','0','0',NULL,'1','1','1','1','EQ','input','',10,'admin','2020-06-13 13:29:33','',NULL),(589,'54','installment_price','首付金额','double','Long','installmentPrice','0','0',NULL,'1','1','1','1','EQ','input','',11,'admin','2020-06-13 13:29:33','',NULL),(590,'54','rd_installmentPrice','已收首付金额','double','Long','rdInstallmentprice','0','0',NULL,'1','1','1','1','EQ','input','',12,'admin','2020-06-13 13:29:33','',NULL),(591,'54','rmi_installmentPrice','剩余首付金额','double','Long','rmiInstallmentprice','0','0',NULL,'1','1','1','1','EQ','input','',13,'admin','2020-06-13 13:29:33','',NULL),(592,'54','rant_price','返租金额','double','Long','rantPrice','0','0',NULL,'1','1','1','1','EQ','input','',14,'admin','2020-06-13 13:29:33','',NULL),(593,'54','mortgage_price','按揭金额','double','Long','mortgagePrice','0','0',NULL,'1','1','1','1','EQ','input','',15,'admin','2020-06-13 13:29:33','',NULL),(594,'54','contract_time','签合同时间','datetime','Date','contractTime','0','0',NULL,'1','1','1','1','EQ','datetime','',16,'admin','2020-06-13 13:29:33','',NULL),(595,'54','final_buyer','签约人','varchar(30)','String','finalBuyer','0','0',NULL,'1','1','1','1','EQ','input','',17,'admin','2020-06-13 13:29:33','',NULL),(596,'54','final_buyer_phone','签约联系方式','varchar(100)','String','finalBuyerPhone','0','0',NULL,'1','1','1','1','EQ','input','',18,'admin','2020-06-13 13:29:33','',NULL),(597,'54','contract_price','合同单价','double','Long','contractPrice','0','0',NULL,'1','1','1','1','EQ','input','',19,'admin','2020-06-13 13:29:33','',NULL),(598,'54','contract_allPrice','合同总价','double','Long','contractAllprice','0','0',NULL,'1','1','1','1','EQ','input','',20,'admin','2020-06-13 13:29:33','',NULL),(599,'54','pay_method','付款方式','varchar(30)','String','payMethod','0','0',NULL,'1','1','1','1','EQ','input','',21,'admin','2020-06-13 13:29:33','',NULL),(600,'54','floor_price_sure','底价验证','varchar(30)','String','floorPriceSure','0','0',NULL,'1','1','1','1','EQ','input','',22,'admin','2020-06-13 13:29:33','',NULL),(601,'54','collection','已收款金额','double','Long','collection','0','0',NULL,'1','1','1','1','EQ','input','',23,'admin','2020-06-13 13:29:33','',NULL),(602,'54','surplus_price','剩余金额','double','Long','surplusPrice','0','0',NULL,'1','1','1','1','EQ','input','',24,'admin','2020-06-13 13:29:33','',NULL),(603,'54','commission_time','提成发放时间','datetime','Date','commissionTime','0','0',NULL,'1','1','1','1','EQ','datetime','',25,'admin','2020-06-13 13:29:33','',NULL),(604,'54','status','订单状态','varchar(30)','String','status','0','0',NULL,'1','1','1','1','EQ','radio','',26,'admin','2020-06-13 13:29:33','',NULL),(605,'54','remark','优惠说明','varchar(500)','String','remark','0','0',NULL,'1','1','1',NULL,'EQ','textarea','',27,'admin','2020-06-13 13:29:33','',NULL),(606,'54','create_by','创建者','varchar(64)','String','createBy','0','0',NULL,'1',NULL,NULL,NULL,'EQ','input','',28,'admin','2020-06-13 13:29:33','',NULL),(607,'54','create_time','创建时间','datetime','Date','createTime','0','0',NULL,'1',NULL,NULL,NULL,'EQ','datetime','',29,'admin','2020-06-13 13:29:33','',NULL),(608,'54','update_by','更新者','varchar(64)','String','updateBy','0','0',NULL,'1','1',NULL,NULL,'EQ','input','',30,'admin','2020-06-13 13:29:33','',NULL),(609,'54','update_time','更新时间','datetime','Date','updateTime','0','0',NULL,'1','1',NULL,NULL,'EQ','datetime','',31,'admin','2020-06-13 13:29:33','',NULL),(610,'54','sale_person','销售人员','varchar(30)','String','salePerson','0','0',NULL,'1','1','1','1','EQ','input','',32,'admin','2020-06-13 13:29:33','',NULL),(611,'54','price_end_time','房款结清时间','datetime','Date','priceEndTime','0','0',NULL,'1','1','1','1','EQ','datetime','',33,'admin','2020-06-13 13:29:33','',NULL),(612,'54','flow_id','流程中間表id','int(11)','Long','flowId','0','0',NULL,'1','1','1','1','EQ','input','',34,'admin','2020-06-13 13:29:33','',NULL),(613,'55','id','id','int(11)','Long','id','1','1',NULL,'1',NULL,NULL,NULL,'EQ','input','',1,'admin','2020-06-13 13:29:33','',NULL),(614,'55','team_name','小组名称','varchar(30)','String','teamName','0','0',NULL,'1','1','1','1','LIKE','input','',2,'admin','2020-06-13 13:29:33','',NULL),(615,'55','create_by','创建者','varchar(64)','String','createBy','0','0',NULL,'1',NULL,NULL,NULL,'EQ','input','',3,'admin','2020-06-13 13:29:33','',NULL),(616,'55','create_time','创建时间','datetime','Date','createTime','0','0',NULL,'1',NULL,NULL,NULL,'EQ','datetime','',4,'admin','2020-06-13 13:29:33','',NULL),(617,'55','update_by','更新者','varchar(64)','String','updateBy','0','0',NULL,'1','1',NULL,NULL,'EQ','input','',5,'admin','2020-06-13 13:29:33','',NULL),(618,'55','update_time','更新时间','datetime','Date','updateTime','0','0',NULL,'1','1',NULL,NULL,'EQ','datetime','',6,'admin','2020-06-13 13:29:33','',NULL),(619,'56','sales_id','id','int(11)','Long','salesId','1','1',NULL,'1',NULL,NULL,NULL,'EQ','input','',1,'admin','2020-06-13 13:29:33','',NULL),(620,'56','sales_Team_id','关联小组','int(11)','Long','salesTeamId','0','0','1','1','1','1','1','EQ','input','',2,'admin','2020-06-13 13:29:33','',NULL),(621,'56','user_id','关联用户','int(11)','Long','userId','0','0','1','1','1','1','1','EQ','input','',3,'admin','2020-06-13 13:29:33','',NULL),(622,'56','entry_time','进入时间','datetime','Date','entryTime','0','0','1','1','1','1','1','EQ','datetime','',4,'admin','2020-06-13 13:29:33','',NULL),(623,'56','end_time','退出时间','datetime','Date','endTime','0','0',NULL,'1','1','1','1','EQ','datetime','',5,'admin','2020-06-13 13:29:33','',NULL),(624,'56','create_by','创建者','varchar(64)','String','createBy','0','0',NULL,'1',NULL,NULL,NULL,'EQ','input','',6,'admin','2020-06-13 13:29:33','',NULL),(625,'56','create_time','创建时间','datetime','Date','createTime','0','0',NULL,'1',NULL,NULL,NULL,'EQ','datetime','',7,'admin','2020-06-13 13:29:33','',NULL),(626,'56','update_by','更新者','varchar(64)','String','updateBy','0','0',NULL,'1','1',NULL,NULL,'EQ','input','',8,'admin','2020-06-13 13:29:33','',NULL),(627,'56','update_time','更新时间','datetime','Date','updateTime','0','0',NULL,'1','1',NULL,NULL,'EQ','datetime','',9,'admin','2020-06-13 13:29:33','',NULL),(628,'57','sys_so_particulars_id','id','int(11)','Long','sysSoParticularsId','1','1',NULL,'1',NULL,NULL,NULL,'EQ','input','',1,'admin','2020-06-13 13:29:33','',NULL),(629,'57','orderStatus','当前状态','varchar(100)','String','orderstatus','0','0','1','1','1','1','1','EQ','radio','',2,'admin','2020-06-13 13:29:33','',NULL),(630,'57','completion_time','完成时间','datetime','Date','completionTime','0','0',NULL,'1','1','1','1','EQ','datetime','',3,'admin','2020-06-13 13:29:33','',NULL),(631,'57','remark','说明','varchar(1000)','String','remark','0','0',NULL,'1','1','1',NULL,'EQ','textarea','',4,'admin','2020-06-13 13:29:33','',NULL),(632,'57','salesDetailId','关联销售单','varchar(10)','String','salesdetailid','0','0',NULL,'1','1','1','1','EQ','input','',5,'admin','2020-06-13 13:29:33','',NULL),(633,'57','create_by','创建者','varchar(64)','String','createBy','0','0',NULL,'1',NULL,NULL,NULL,'EQ','input','',6,'admin','2020-06-13 13:29:33','',NULL),(634,'57','create_time','创建时间','datetime','Date','createTime','0','0',NULL,'1',NULL,NULL,NULL,'EQ','datetime','',7,'admin','2020-06-13 13:29:33','',NULL),(635,'57','update_by','更新者','varchar(64)','String','updateBy','0','0',NULL,'1','1',NULL,NULL,'EQ','input','',8,'admin','2020-06-13 13:29:33','',NULL),(636,'57','update_time','更新时间','datetime','Date','updateTime','0','0',NULL,'1','1',NULL,NULL,'EQ','datetime','',9,'admin','2020-06-13 13:29:33','',NULL),(637,'58','student_id','学生编号','int(11)','Long','studentId','1','1',NULL,'1',NULL,NULL,NULL,'EQ','input','',1,'admin','2020-06-13 13:29:33','',NULL),(638,'58','student_name','学生姓名','varchar(30)','String','studentName','0','0',NULL,'1','1','1','1','LIKE','input','',2,'admin','2020-06-13 13:29:33','',NULL),(639,'58','student_age','学生年龄','int(3)','Integer','studentAge','0','0',NULL,'1','1','1','1','EQ','input','',3,'admin','2020-06-13 13:29:33','',NULL),(640,'59','sessionId','用户会话id','varchar(50)','String','sessionid','1','0',NULL,'1',NULL,NULL,NULL,'EQ','input','',1,'admin','2020-06-13 13:29:33','',NULL),(641,'59','login_name','登录账号','varchar(50)','String','loginName','0','0',NULL,'1','1','1','1','LIKE','input','',2,'admin','2020-06-13 13:29:33','',NULL),(642,'59','dept_name','部门名称','varchar(50)','String','deptName','0','0',NULL,'1','1','1','1','LIKE','input','',3,'admin','2020-06-13 13:29:33','',NULL),(643,'59','ipaddr','登录IP地址','varchar(50)','String','ipaddr','0','0',NULL,'1','1','1','1','EQ','input','',4,'admin','2020-06-13 13:29:33','',NULL),(644,'59','login_location','登录地点','varchar(255)','String','loginLocation','0','0',NULL,'1','1','1','1','EQ','input','',5,'admin','2020-06-13 13:29:33','',NULL),(645,'59','browser','浏览器类型','varchar(50)','String','browser','0','0',NULL,'1','1','1','1','EQ','input','',6,'admin','2020-06-13 13:29:33','',NULL),(646,'59','os','操作系统','varchar(50)','String','os','0','0',NULL,'1','1','1','1','EQ','input','',7,'admin','2020-06-13 13:29:33','',NULL),(647,'59','status','在线状态on_line在线off_line离线','varchar(10)','String','status','0','0',NULL,'1','1','1','1','EQ','radio','',8,'admin','2020-06-13 13:29:33','',NULL),(648,'59','start_timestamp','session创建时间','datetime','Date','startTimestamp','0','0',NULL,'1','1','1','1','EQ','datetime','',9,'admin','2020-06-13 13:29:33','',NULL),(649,'59','last_access_time','session最后访问时间','datetime','Date','lastAccessTime','0','0',NULL,'1','1','1','1','EQ','datetime','',10,'admin','2020-06-13 13:29:33','',NULL),(650,'59','expire_time','超时时间，单位为分钟','int(5)','Integer','expireTime','0','0',NULL,'1','1','1','1','EQ','input','',11,'admin','2020-06-13 13:29:33','',NULL),(651,'60','user_id','用户ID','bigint(20)','Long','userId','1','0',NULL,'1',NULL,NULL,NULL,'EQ','input','',1,'admin','2020-06-13 13:29:33','',NULL),(652,'60','post_id','岗位ID','bigint(20)','Long','postId','1','0',NULL,'1',NULL,NULL,NULL,'EQ','input','',2,'admin','2020-06-13 13:29:33','',NULL),(653,'61','user_id','用户ID','bigint(20)','Long','userId','1','0',NULL,'1',NULL,NULL,NULL,'EQ','input','',1,'admin','2020-06-13 13:29:33','',NULL),(654,'61','role_id','角色ID','bigint(20)','Long','roleId','1','0',NULL,'1',NULL,NULL,NULL,'EQ','input','',2,'admin','2020-06-13 13:29:33','',NULL),(655,'62','ID_','角色权限字符串','varchar(100)','String','id','0','0','1','1','1','1','1','EQ','input','',1,'admin','2020-06-13 13:29:39','',NULL),(656,'62','REV_',NULL,'binary(0)',NULL,'rev','0','0',NULL,'1','1','1','1','EQ',NULL,'',2,'admin','2020-06-13 13:29:39','',NULL),(657,'62','NAME_','角色名称','varchar(30)','String','name','0','0','1','1','1','1','1','EQ','input','',3,'admin','2020-06-13 13:29:39','',NULL),(658,'62','TYPE_',NULL,'varchar(10)','String','type','0','0','1','1','1','1','1','EQ','input','',4,'admin','2020-06-13 13:29:39','',NULL),(659,'63','USER_ID_',NULL,'varchar(30)','String','userId','0','0',NULL,'1','1','1','1','EQ','input','',1,'admin','2020-06-13 13:29:39','',NULL),(660,'63','GROUP_ID_',NULL,'varchar(100)','String','groupId','0','0',NULL,'1','1','1','1','EQ','input','',2,'admin','2020-06-13 13:29:39','',NULL),(661,'64','ID_','登录账号','varchar(30)','String','id','0','0','1','1','1','1','1','EQ','input','',1,'admin','2020-06-13 13:29:39','',NULL),(662,'64','REV_',NULL,'int(1)','Integer','rev','0','0','1','1','1','1','1','EQ','input','',2,'admin','2020-06-13 13:29:39','',NULL),(663,'64','FIRST_','用户昵称','varchar(30)','String','first','0','0','1','1','1','1','1','EQ','input','',3,'admin','2020-06-13 13:29:39','',NULL),(664,'64','LAST_',NULL,'char(0)','String','last','0','0','1','1','1','1','1','EQ','input','',4,'admin','2020-06-13 13:29:39','',NULL),(665,'64','EMAIL_','用户邮箱','varchar(50)','String','email','0','0',NULL,'1','1','1','1','EQ','input','',5,'admin','2020-06-13 13:29:39','',NULL),(666,'64','PWD_','密码','varchar(50)','String','pwd','0','0',NULL,'1','1','1','1','EQ','input','',6,'admin','2020-06-13 13:29:39','',NULL),(667,'64','PICTURE_ID_',NULL,'char(0)','String','pictureId','0','0','1','1','1','1','1','EQ','input','',7,'admin','2020-06-13 13:29:39','',NULL),(668,'65','dept_id','部门id','bigint(20)','Long','deptId','1','1',NULL,'1',NULL,NULL,NULL,'EQ','input','',1,'admin','2020-06-13 13:29:39','',NULL),(669,'65','parent_id','父部门id','bigint(20)','Long','parentId','0','0',NULL,'1','1','1','1','EQ','input','',2,'admin','2020-06-13 13:29:39','',NULL),(670,'65','ancestors','祖级列表','varchar(50)','String','ancestors','0','0',NULL,'1','1','1','1','EQ','input','',3,'admin','2020-06-13 13:29:39','',NULL),(671,'65','dept_name','部门名称','varchar(30)','String','deptName','0','0',NULL,'1','1','1','1','LIKE','input','',4,'admin','2020-06-13 13:29:39','',NULL),(672,'65','order_num','显示顺序','int(4)','Integer','orderNum','0','0',NULL,'1','1','1','1','EQ','input','',5,'admin','2020-06-13 13:29:39','',NULL),(673,'65','leader','负责人','varchar(20)','String','leader','0','0',NULL,'1','1','1','1','EQ','input','',6,'admin','2020-06-13 13:29:39','',NULL),(674,'65','phone','联系电话','varchar(11)','String','phone','0','0',NULL,'1','1','1','1','EQ','input','',7,'admin','2020-06-13 13:29:39','',NULL),(675,'65','email','邮箱','varchar(50)','String','email','0','0',NULL,'1','1','1','1','EQ','input','',8,'admin','2020-06-13 13:29:39','',NULL),(676,'65','status','部门状态（0正常 1停用）','char(1)','String','status','0','0',NULL,'1','1','1','1','EQ','radio','',9,'admin','2020-06-13 13:29:39','',NULL),(677,'65','del_flag','删除标志（0代表存在 2代表删除）','char(1)','String','delFlag','0','0',NULL,'1',NULL,NULL,NULL,'EQ','input','',10,'admin','2020-06-13 13:29:39','',NULL),(678,'65','create_by','创建者','varchar(64)','String','createBy','0','0',NULL,'1',NULL,NULL,NULL,'EQ','input','',11,'admin','2020-06-13 13:29:39','',NULL),(679,'65','create_time','创建时间','datetime','Date','createTime','0','0',NULL,'1',NULL,NULL,NULL,'EQ','datetime','',12,'admin','2020-06-13 13:29:39','',NULL),(680,'65','update_by','更新者','varchar(64)','String','updateBy','0','0',NULL,'1','1',NULL,NULL,'EQ','input','',13,'admin','2020-06-13 13:29:39','',NULL),(681,'65','update_time','更新时间','datetime','Date','updateTime','0','0',NULL,'1','1',NULL,NULL,'EQ','datetime','',14,'admin','2020-06-13 13:29:39','',NULL),(682,'66','post_id','岗位ID','bigint(20)','Long','postId','1','1',NULL,'1',NULL,NULL,NULL,'EQ','input','',1,'admin','2020-06-13 13:29:39','',NULL),(683,'66','post_code','岗位编码','varchar(64)','String','postCode','0','0','1','1','1','1','1','EQ','input','',2,'admin','2020-06-13 13:29:39','',NULL),(684,'66','post_name','岗位名称','varchar(50)','String','postName','0','0','1','1','1','1','1','LIKE','input','',3,'admin','2020-06-13 13:29:39','',NULL),(685,'66','post_sort','显示顺序','int(4)','Integer','postSort','0','0','1','1','1','1','1','EQ','input','',4,'admin','2020-06-13 13:29:39','',NULL),(686,'66','status','状态（0正常 1停用）','char(1)','String','status','0','0','1','1','1','1','1','EQ','radio','',5,'admin','2020-06-13 13:29:39','',NULL),(687,'66','create_by','创建者','varchar(64)','String','createBy','0','0',NULL,'1',NULL,NULL,NULL,'EQ','input','',6,'admin','2020-06-13 13:29:39','',NULL),(688,'66','create_time','创建时间','datetime','Date','createTime','0','0',NULL,'1',NULL,NULL,NULL,'EQ','datetime','',7,'admin','2020-06-13 13:29:39','',NULL),(689,'66','update_by','更新者','varchar(64)','String','updateBy','0','0',NULL,'1','1',NULL,NULL,'EQ','input','',8,'admin','2020-06-13 13:29:39','',NULL),(690,'66','update_time','更新时间','datetime','Date','updateTime','0','0',NULL,'1','1',NULL,NULL,'EQ','datetime','',9,'admin','2020-06-13 13:29:39','',NULL),(691,'66','remark','备注','varchar(500)','String','remark','0','0',NULL,'1','1','1',NULL,'EQ','textarea','',10,'admin','2020-06-13 13:29:39','',NULL),(692,'67','user_id','用户ID','bigint(20)','Long','userId','1','1',NULL,'1',NULL,NULL,NULL,'EQ','input','',1,'admin','2020-06-13 13:29:39','',NULL),(693,'67','dept_id','部门ID','bigint(20)','Long','deptId','0','0',NULL,'1','1','1','1','EQ','input','',2,'admin','2020-06-13 13:29:39','',NULL),(694,'67','login_name','登录账号','varchar(30)','String','loginName','0','0','1','1','1','1','1','LIKE','input','',3,'admin','2020-06-13 13:29:39','',NULL),(695,'67','user_name','用户昵称','varchar(30)','String','userName','0','0','1','1','1','1','1','LIKE','input','',4,'admin','2020-06-13 13:29:39','',NULL),(696,'67','user_type','用户类型（00系统用户）','varchar(2)','String','userType','0','0',NULL,'1','1','1','1','EQ','select','',5,'admin','2020-06-13 13:29:39','',NULL),(697,'67','email','用户邮箱','varchar(50)','String','email','0','0',NULL,'1','1','1','1','EQ','input','',6,'admin','2020-06-13 13:29:39','',NULL),(698,'67','phonenumber','手机号码','varchar(11)','String','phonenumber','0','0',NULL,'1','1','1','1','EQ','input','',7,'admin','2020-06-13 13:29:39','',NULL),(699,'67','sex','用户性别（0男 1女 2未知）','char(1)','String','sex','0','0',NULL,'1','1','1','1','EQ','select','',8,'admin','2020-06-13 13:29:39','',NULL),(700,'67','avatar','头像路径','varchar(100)','String','avatar','0','0',NULL,'1','1','1','1','EQ','input','',9,'admin','2020-06-13 13:29:39','',NULL),(701,'67','password','密码','varchar(50)','String','password','0','0',NULL,'1','1','1','1','EQ','input','',10,'admin','2020-06-13 13:29:39','',NULL),(702,'67','salt','盐加密','varchar(20)','String','salt','0','0',NULL,'1','1','1','1','EQ','input','',11,'admin','2020-06-13 13:29:39','',NULL),(703,'67','status','帐号状态（0正常 1停用）','char(1)','String','status','0','0',NULL,'1','1','1','1','EQ','radio','',12,'admin','2020-06-13 13:29:39','',NULL),(704,'67','del_flag','删除标志（0代表存在 2代表删除）','char(1)','String','delFlag','0','0',NULL,'1',NULL,NULL,NULL,'EQ','input','',13,'admin','2020-06-13 13:29:39','',NULL),(705,'67','login_ip','最后登陆IP','varchar(50)','String','loginIp','0','0',NULL,'1','1','1','1','EQ','input','',14,'admin','2020-06-13 13:29:39','',NULL),(706,'67','login_date','最后登陆时间','datetime','Date','loginDate','0','0',NULL,'1','1','1','1','EQ','datetime','',15,'admin','2020-06-13 13:29:39','',NULL),(707,'67','create_by','创建者','varchar(64)','String','createBy','0','0',NULL,'1',NULL,NULL,NULL,'EQ','input','',16,'admin','2020-06-13 13:29:39','',NULL),(708,'67','create_time','创建时间','datetime','Date','createTime','0','0',NULL,'1',NULL,NULL,NULL,'EQ','datetime','',17,'admin','2020-06-13 13:29:39','',NULL),(709,'67','update_by','更新者','varchar(64)','String','updateBy','0','0',NULL,'1','1',NULL,NULL,'EQ','input','',18,'admin','2020-06-13 13:29:39','',NULL),(710,'67','update_time','更新时间','datetime','Date','updateTime','0','0',NULL,'1','1',NULL,NULL,'EQ','datetime','',19,'admin','2020-06-13 13:29:39','',NULL),(711,'67','remark','备注','varchar(500)','String','remark','0','0',NULL,'1','1','1',NULL,'EQ','textarea','',20,'admin','2020-06-13 13:29:39','',NULL);

/*Table structure for table `qrtz_blob_triggers` */

DROP TABLE IF EXISTS `qrtz_blob_triggers`;

CREATE TABLE `qrtz_blob_triggers` (
  `sched_name` varchar(120) NOT NULL,
  `trigger_name` varchar(200) NOT NULL,
  `trigger_group` varchar(200) NOT NULL,
  `blob_data` blob,
  PRIMARY KEY (`sched_name`,`trigger_name`,`trigger_group`),
  CONSTRAINT `qrtz_blob_triggers_ibfk_1` FOREIGN KEY (`sched_name`, `trigger_name`, `trigger_group`) REFERENCES `qrtz_triggers` (`sched_name`, `trigger_name`, `trigger_group`)
) ENGINE=InnoDB DEFAULT CHARSET=utf8;

/*Data for the table `qrtz_blob_triggers` */

/*Table structure for table `qrtz_calendars` */

DROP TABLE IF EXISTS `qrtz_calendars`;

CREATE TABLE `qrtz_calendars` (
  `sched_name` varchar(120) NOT NULL,
  `calendar_name` varchar(200) NOT NULL,
  `calendar` blob NOT NULL,
  PRIMARY KEY (`sched_name`,`calendar_name`)
) ENGINE=InnoDB DEFAULT CHARSET=utf8;

/*Data for the table `qrtz_calendars` */

/*Table structure for table `qrtz_cron_triggers` */

DROP TABLE IF EXISTS `qrtz_cron_triggers`;

CREATE TABLE `qrtz_cron_triggers` (
  `sched_name` varchar(120) NOT NULL,
  `trigger_name` varchar(200) NOT NULL,
  `trigger_group` varchar(200) NOT NULL,
  `cron_expression` varchar(200) NOT NULL,
  `time_zone_id` varchar(80) DEFAULT NULL,
  PRIMARY KEY (`sched_name`,`trigger_name`,`trigger_group`),
  CONSTRAINT `qrtz_cron_triggers_ibfk_1` FOREIGN KEY (`sched_name`, `trigger_name`, `trigger_group`) REFERENCES `qrtz_triggers` (`sched_name`, `trigger_name`, `trigger_group`)
) ENGINE=InnoDB DEFAULT CHARSET=utf8;

/*Data for the table `qrtz_cron_triggers` */

insert  into `qrtz_cron_triggers`(`sched_name`,`trigger_name`,`trigger_group`,`cron_expression`,`time_zone_id`) values ('RuoyiScheduler','TASK_CLASS_NAME1','DEFAULT','0/10 * * * * ?','Asia/Shanghai'),('RuoyiScheduler','TASK_CLASS_NAME2','DEFAULT','0/15 * * * * ?','Asia/Shanghai'),('RuoyiScheduler','TASK_CLASS_NAME3','DEFAULT','0/20 * * * * ?','Asia/Shanghai');

/*Table structure for table `qrtz_fired_triggers` */

DROP TABLE IF EXISTS `qrtz_fired_triggers`;

CREATE TABLE `qrtz_fired_triggers` (
  `sched_name` varchar(120) NOT NULL,
  `entry_id` varchar(95) NOT NULL,
  `trigger_name` varchar(200) NOT NULL,
  `trigger_group` varchar(200) NOT NULL,
  `instance_name` varchar(200) NOT NULL,
  `fired_time` bigint(13) NOT NULL,
  `sched_time` bigint(13) NOT NULL,
  `priority` int(11) NOT NULL,
  `state` varchar(16) NOT NULL,
  `job_name` varchar(200) DEFAULT NULL,
  `job_group` varchar(200) DEFAULT NULL,
  `is_nonconcurrent` varchar(1) DEFAULT NULL,
  `requests_recovery` varchar(1) DEFAULT NULL,
  PRIMARY KEY (`sched_name`,`entry_id`)
) ENGINE=InnoDB DEFAULT CHARSET=utf8;

/*Data for the table `qrtz_fired_triggers` */

/*Table structure for table `qrtz_job_details` */

DROP TABLE IF EXISTS `qrtz_job_details`;

CREATE TABLE `qrtz_job_details` (
  `sched_name` varchar(120) NOT NULL,
  `job_name` varchar(200) NOT NULL,
  `job_group` varchar(200) NOT NULL,
  `description` varchar(250) DEFAULT NULL,
  `job_class_name` varchar(250) NOT NULL,
  `is_durable` varchar(1) NOT NULL,
  `is_nonconcurrent` varchar(1) NOT NULL,
  `is_update_data` varchar(1) NOT NULL,
  `requests_recovery` varchar(1) NOT NULL,
  `job_data` blob,
  PRIMARY KEY (`sched_name`,`job_name`,`job_group`)
) ENGINE=InnoDB DEFAULT CHARSET=utf8;

/*Data for the table `qrtz_job_details` */

insert  into `qrtz_job_details`(`sched_name`,`job_name`,`job_group`,`description`,`job_class_name`,`is_durable`,`is_nonconcurrent`,`is_update_data`,`requests_recovery`,`job_data`) values ('RuoyiScheduler','TASK_CLASS_NAME1','DEFAULT',NULL,'com.ruoyi.quartz.util.QuartzDisallowConcurrentExecution','0','1','0','0','\0sr\0org.quartz.JobDataMap迩\0\0xr\0&org.quartz.utils.StringKeyDirtyFlagMap](\0Z\0allowsTransientDataxr\0org.quartz.utils.DirtyFlagMap.(v\n\0Z\0dirtyL\0mapt\0Ljava/util/Map;xpsr\0java.util.HashMap`\0F\0\nloadFactorI\0	thresholdxp?@\0\0\0\0\0w\0\0\0\0\0\0t\0TASK_PROPERTIESsr\0com.ruoyi.quartz.domain.SysJob\0\0\0\0\0\0\0\0L\0\nconcurrentt\0Ljava/lang/String;L\0cronExpressionq\0~\0	L\0invokeTargetq\0~\0	L\0jobGroupq\0~\0	L\0jobIdt\0Ljava/lang/Long;L\0jobNameq\0~\0	L\0\rmisfirePolicyq\0~\0	L\0statusq\0~\0	xr\0\'com.ruoyi.common.core.domain.BaseEntity\0\0\0\0\0\0\0\0L\0createByq\0~\0	L\0\ncreateTimet\0Ljava/util/Date;L\0paramsq\0~\0L\0remarkq\0~\0	L\0searchValueq\0~\0	L\0updateByq\0~\0	L\0\nupdateTimeq\0~\0xpt\0adminsr\0java.util.DatehjKYt\0\0xpw\0\0b,)xpt\0\0pppt\01t\00/10 * * * * ?t\0ryTask.ryNoParamst\0DEFAULTsr\0java.lang.Long;̏#\0J\0valuexr\0java.lang.Number\0\0xp\0\0\0\0\0\0\0t\0系统默认（无参）t\03t\01x\0'),('RuoyiScheduler','TASK_CLASS_NAME2','DEFAULT',NULL,'com.ruoyi.quartz.util.QuartzDisallowConcurrentExecution','0','1','0','0','\0sr\0org.quartz.JobDataMap迩\0\0xr\0&org.quartz.utils.StringKeyDirtyFlagMap](\0Z\0allowsTransientDataxr\0org.quartz.utils.DirtyFlagMap.(v\n\0Z\0dirtyL\0mapt\0Ljava/util/Map;xpsr\0java.util.HashMap`\0F\0\nloadFactorI\0	thresholdxp?@\0\0\0\0\0w\0\0\0\0\0\0t\0TASK_PROPERTIESsr\0com.ruoyi.quartz.domain.SysJob\0\0\0\0\0\0\0\0L\0\nconcurrentt\0Ljava/lang/String;L\0cronExpressionq\0~\0	L\0invokeTargetq\0~\0	L\0jobGroupq\0~\0	L\0jobIdt\0Ljava/lang/Long;L\0jobNameq\0~\0	L\0\rmisfirePolicyq\0~\0	L\0statusq\0~\0	xr\0\'com.ruoyi.common.core.domain.BaseEntity\0\0\0\0\0\0\0\0L\0createByq\0~\0	L\0\ncreateTimet\0Ljava/util/Date;L\0paramsq\0~\0L\0remarkq\0~\0	L\0searchValueq\0~\0	L\0updateByq\0~\0	L\0\nupdateTimeq\0~\0xpt\0adminsr\0java.util.DatehjKYt\0\0xpw\0\0b,)xpt\0\0pppt\01t\00/15 * * * * ?t\0ryTask.ryParams(\'ry\')t\0DEFAULTsr\0java.lang.Long;̏#\0J\0valuexr\0java.lang.Number\0\0xp\0\0\0\0\0\0\0t\0系统默认（有参）t\03t\01x\0'),('RuoyiScheduler','TASK_CLASS_NAME3','DEFAULT',NULL,'com.ruoyi.quartz.util.QuartzDisallowConcurrentExecution','0','1','0','0','\0sr\0org.quartz.JobDataMap迩\0\0xr\0&org.quartz.utils.StringKeyDirtyFlagMap](\0Z\0allowsTransientDataxr\0org.quartz.utils.DirtyFlagMap.(v\n\0Z\0dirtyL\0mapt\0Ljava/util/Map;xpsr\0java.util.HashMap`\0F\0\nloadFactorI\0	thresholdxp?@\0\0\0\0\0w\0\0\0\0\0\0t\0TASK_PROPERTIESsr\0com.ruoyi.quartz.domain.SysJob\0\0\0\0\0\0\0\0L\0\nconcurrentt\0Ljava/lang/String;L\0cronExpressionq\0~\0	L\0invokeTargetq\0~\0	L\0jobGroupq\0~\0	L\0jobIdt\0Ljava/lang/Long;L\0jobNameq\0~\0	L\0\rmisfirePolicyq\0~\0	L\0statusq\0~\0	xr\0\'com.ruoyi.common.core.domain.BaseEntity\0\0\0\0\0\0\0\0L\0createByq\0~\0	L\0\ncreateTimet\0Ljava/util/Date;L\0paramsq\0~\0L\0remarkq\0~\0	L\0searchValueq\0~\0	L\0updateByq\0~\0	L\0\nupdateTimeq\0~\0xpt\0adminsr\0java.util.DatehjKYt\0\0xpw\0\0b,)xpt\0\0pppt\01t\00/20 * * * * ?t\08ryTask.ryMultipleParams(\'ry\', true, 2000L, 316.50D, 100)t\0DEFAULTsr\0java.lang.Long;̏#\0J\0valuexr\0java.lang.Number\0\0xp\0\0\0\0\0\0\0t\0系统默认（多参）t\03t\01x\0');

/*Table structure for table `qrtz_locks` */

DROP TABLE IF EXISTS `qrtz_locks`;

CREATE TABLE `qrtz_locks` (
  `sched_name` varchar(120) NOT NULL,
  `lock_name` varchar(40) NOT NULL,
  PRIMARY KEY (`sched_name`,`lock_name`)
) ENGINE=InnoDB DEFAULT CHARSET=utf8;

/*Data for the table `qrtz_locks` */

insert  into `qrtz_locks`(`sched_name`,`lock_name`) values ('RuoyiScheduler','STATE_ACCESS'),('RuoyiScheduler','TRIGGER_ACCESS');

/*Table structure for table `qrtz_paused_trigger_grps` */

DROP TABLE IF EXISTS `qrtz_paused_trigger_grps`;

CREATE TABLE `qrtz_paused_trigger_grps` (
  `sched_name` varchar(120) NOT NULL,
  `trigger_group` varchar(200) NOT NULL,
  PRIMARY KEY (`sched_name`,`trigger_group`)
) ENGINE=InnoDB DEFAULT CHARSET=utf8;

/*Data for the table `qrtz_paused_trigger_grps` */

/*Table structure for table `qrtz_scheduler_state` */

DROP TABLE IF EXISTS `qrtz_scheduler_state`;

CREATE TABLE `qrtz_scheduler_state` (
  `sched_name` varchar(120) NOT NULL,
  `instance_name` varchar(200) NOT NULL,
  `last_checkin_time` bigint(13) NOT NULL,
  `checkin_interval` bigint(13) NOT NULL,
  PRIMARY KEY (`sched_name`,`instance_name`)
) ENGINE=InnoDB DEFAULT CHARSET=utf8;

/*Data for the table `qrtz_scheduler_state` */

insert  into `qrtz_scheduler_state`(`sched_name`,`instance_name`,`last_checkin_time`,`checkin_interval`) values ('RuoyiScheduler','DESKTOP-NHTGRUJ1592053132439',1592053381085,15000);

/*Table structure for table `qrtz_simple_triggers` */

DROP TABLE IF EXISTS `qrtz_simple_triggers`;

CREATE TABLE `qrtz_simple_triggers` (
  `sched_name` varchar(120) NOT NULL,
  `trigger_name` varchar(200) NOT NULL,
  `trigger_group` varchar(200) NOT NULL,
  `repeat_count` bigint(7) NOT NULL,
  `repeat_interval` bigint(12) NOT NULL,
  `times_triggered` bigint(10) NOT NULL,
  PRIMARY KEY (`sched_name`,`trigger_name`,`trigger_group`),
  CONSTRAINT `qrtz_simple_triggers_ibfk_1` FOREIGN KEY (`sched_name`, `trigger_name`, `trigger_group`) REFERENCES `qrtz_triggers` (`sched_name`, `trigger_name`, `trigger_group`)
) ENGINE=InnoDB DEFAULT CHARSET=utf8;

/*Data for the table `qrtz_simple_triggers` */

/*Table structure for table `qrtz_simprop_triggers` */

DROP TABLE IF EXISTS `qrtz_simprop_triggers`;

CREATE TABLE `qrtz_simprop_triggers` (
  `sched_name` varchar(120) NOT NULL,
  `trigger_name` varchar(200) NOT NULL,
  `trigger_group` varchar(200) NOT NULL,
  `str_prop_1` varchar(512) DEFAULT NULL,
  `str_prop_2` varchar(512) DEFAULT NULL,
  `str_prop_3` varchar(512) DEFAULT NULL,
  `int_prop_1` int(11) DEFAULT NULL,
  `int_prop_2` int(11) DEFAULT NULL,
  `long_prop_1` bigint(20) DEFAULT NULL,
  `long_prop_2` bigint(20) DEFAULT NULL,
  `dec_prop_1` decimal(13,4) DEFAULT NULL,
  `dec_prop_2` decimal(13,4) DEFAULT NULL,
  `bool_prop_1` varchar(1) DEFAULT NULL,
  `bool_prop_2` varchar(1) DEFAULT NULL,
  PRIMARY KEY (`sched_name`,`trigger_name`,`trigger_group`),
  CONSTRAINT `qrtz_simprop_triggers_ibfk_1` FOREIGN KEY (`sched_name`, `trigger_name`, `trigger_group`) REFERENCES `qrtz_triggers` (`sched_name`, `trigger_name`, `trigger_group`)
) ENGINE=InnoDB DEFAULT CHARSET=utf8;

/*Data for the table `qrtz_simprop_triggers` */

/*Table structure for table `qrtz_triggers` */

DROP TABLE IF EXISTS `qrtz_triggers`;

CREATE TABLE `qrtz_triggers` (
  `sched_name` varchar(120) NOT NULL,
  `trigger_name` varchar(200) NOT NULL,
  `trigger_group` varchar(200) NOT NULL,
  `job_name` varchar(200) NOT NULL,
  `job_group` varchar(200) NOT NULL,
  `description` varchar(250) DEFAULT NULL,
  `next_fire_time` bigint(13) DEFAULT NULL,
  `prev_fire_time` bigint(13) DEFAULT NULL,
  `priority` int(11) DEFAULT NULL,
  `trigger_state` varchar(16) NOT NULL,
  `trigger_type` varchar(8) NOT NULL,
  `start_time` bigint(13) NOT NULL,
  `end_time` bigint(13) DEFAULT NULL,
  `calendar_name` varchar(200) DEFAULT NULL,
  `misfire_instr` smallint(2) DEFAULT NULL,
  `job_data` blob,
  PRIMARY KEY (`sched_name`,`trigger_name`,`trigger_group`),
  KEY `sched_name` (`sched_name`,`job_name`,`job_group`),
  CONSTRAINT `qrtz_triggers_ibfk_1` FOREIGN KEY (`sched_name`, `job_name`, `job_group`) REFERENCES `qrtz_job_details` (`sched_name`, `job_name`, `job_group`)
) ENGINE=InnoDB DEFAULT CHARSET=utf8;

/*Data for the table `qrtz_triggers` */

insert  into `qrtz_triggers`(`sched_name`,`trigger_name`,`trigger_group`,`job_name`,`job_group`,`description`,`next_fire_time`,`prev_fire_time`,`priority`,`trigger_state`,`trigger_type`,`start_time`,`end_time`,`calendar_name`,`misfire_instr`,`job_data`) values ('RuoyiScheduler','TASK_CLASS_NAME1','DEFAULT','TASK_CLASS_NAME1','DEFAULT',NULL,1592053140000,-1,5,'PAUSED','CRON',1592053132000,0,NULL,2,''),('RuoyiScheduler','TASK_CLASS_NAME2','DEFAULT','TASK_CLASS_NAME2','DEFAULT',NULL,1592053140000,-1,5,'PAUSED','CRON',1592053132000,0,NULL,2,''),('RuoyiScheduler','TASK_CLASS_NAME3','DEFAULT','TASK_CLASS_NAME3','DEFAULT',NULL,1592053140000,-1,5,'PAUSED','CRON',1592053132000,0,NULL,2,'');

/*Table structure for table `sys_attachment` */

DROP TABLE IF EXISTS `sys_attachment`;

CREATE TABLE `sys_attachment` (
  `file_id` int(11) NOT NULL AUTO_INCREMENT COMMENT 'id',
  `file_path` varchar(300) NOT NULL COMMENT '文件路径',
  `file_name` varchar(300) DEFAULT NULL COMMENT '文件名称',
  `isImage` tinyint(1) DEFAULT NULL COMMENT '是否是图片',
  PRIMARY KEY (`file_id`)
) ENGINE=InnoDB AUTO_INCREMENT=2 DEFAULT CHARSET=utf8 COMMENT='附件表';

/*Data for the table `sys_attachment` */

insert  into `sys_attachment`(`file_id`,`file_path`,`file_name`,`isImage`) values (1,'/profile/upload/2020/06/06/7cefbdd453296358f5b6a62e3b17c8c6.jpg','主图-2.jpg',NULL);

/*Table structure for table `sys_building` */

DROP TABLE IF EXISTS `sys_building`;

CREATE TABLE `sys_building` (
  `building_id` int(11) NOT NULL AUTO_INCREMENT COMMENT '楼盘id',
  `building_code` varchar(30) NOT NULL COMMENT '楼盘编号',
  `building_name` varchar(300) NOT NULL COMMENT '楼盘名称',
  `building_type` varchar(30) NOT NULL COMMENT '楼盘类型',
  PRIMARY KEY (`building_id`)
) ENGINE=InnoDB AUTO_INCREMENT=56 DEFAULT CHARSET=utf8 COMMENT='楼盘基础信息表';

/*Data for the table `sys_building` */

insert  into `sys_building`(`building_id`,`building_code`,`building_name`,`building_type`) values (51,'BD202005261591088002085313','施州富苑','商住'),(53,'BD202005261695192629000500','玺悦','商住'),(54,'BD202005261691359543806581','公园里','商住'),(55,'BD202006011692902160735397','奥林花园','住宅');

/*Table structure for table `sys_code` */

DROP TABLE IF EXISTS `sys_code`;

CREATE TABLE `sys_code` (
  `code_id` int(11) NOT NULL AUTO_INCREMENT COMMENT 'id',
  `cede_type` int(11) DEFAULT NULL COMMENT '编码类型',
  `is_used` int(11) DEFAULT NULL COMMENT '是否被使用',
  `post_id` int(11) NOT NULL COMMENT '编码内容',
  `create_by` varchar(64) DEFAULT '' COMMENT '创建者',
  `create_time` datetime DEFAULT NULL COMMENT '创建时间',
  `update_by` varchar(64) DEFAULT '' COMMENT '更新者',
  `update_time` datetime DEFAULT NULL COMMENT '更新时间',
  PRIMARY KEY (`code_id`)
) ENGINE=InnoDB DEFAULT CHARSET=utf8 COMMENT='编码表';

/*Data for the table `sys_code` */

/*Table structure for table `sys_commission` */

DROP TABLE IF EXISTS `sys_commission`;

CREATE TABLE `sys_commission` (
  `commission_id` int(11) NOT NULL AUTO_INCREMENT COMMENT 'id',
  `sales_detail_id` int(11) DEFAULT NULL COMMENT '关联销售单',
  `house_id` int(11) DEFAULT NULL COMMENT '关联房号',
  `post_id` int(11) NOT NULL COMMENT '角色',
  `remind` varchar(64) NOT NULL COMMENT '提点',
  `user_id` int(11) NOT NULL COMMENT '对应人员',
  `complete_prop` varchar(64) DEFAULT '' COMMENT '完成任务发放比例',
  `dib_proportion` varchar(64) DEFAULT '' COMMENT '回款发放比例',
  `dib_time` varchar(64) DEFAULT '' COMMENT '回款提成发放时间',
  `room_proportion` varchar(64) NOT NULL COMMENT '交房发放比例',
  `room_prp_time` varchar(64) DEFAULT '' COMMENT '交房提成发放时间',
  `remark` varchar(500) DEFAULT '' COMMENT '备注说明',
  `create_by` varchar(64) DEFAULT '' COMMENT '创建者',
  `create_time` datetime DEFAULT NULL COMMENT '创建时间',
  `update_by` varchar(64) DEFAULT '' COMMENT '更新者',
  `update_time` datetime DEFAULT NULL COMMENT '更新时间',
  PRIMARY KEY (`commission_id`)
) ENGINE=InnoDB AUTO_INCREMENT=9 DEFAULT CHARSET=utf8 COMMENT='提成明细表';

/*Data for the table `sys_commission` */

insert  into `sys_commission`(`commission_id`,`sales_detail_id`,`house_id`,`post_id`,`remind`,`user_id`,`complete_prop`,`dib_proportion`,`dib_time`,`room_proportion`,`room_prp_time`,`remark`,`create_by`,`create_time`,`update_by`,`update_time`) values (1,1,NULL,2,'10',127,'','','','','','','admin','2020-06-08 12:38:54','',NULL),(2,1,NULL,2,'10',126,'10','10','2020-06-24','','','','admin','2020-06-08 12:39:16','',NULL),(3,NULL,NULL,2,'10',127,'','','NaN','','NaN','','admin','2020-06-08 12:40:26','',NULL),(4,NULL,NULL,3,'10',126,'10','10','1592179200000','','NaN','','admin','2020-06-08 12:40:39','',NULL),(5,NULL,NULL,1,'10',127,'','','NaN','','NaN','','admin','2020-06-08 13:02:10','',NULL),(7,7,NULL,2,'20',126,'20','20','2020-06-11','20','','','admin','2020-06-10 16:37:02','',NULL),(8,47,NULL,1,'20',127,'','','','','','','admin','2020-06-10 16:52:15','',NULL);

/*Table structure for table `sys_config` */

DROP TABLE IF EXISTS `sys_config`;

CREATE TABLE `sys_config` (
  `config_id` int(5) NOT NULL AUTO_INCREMENT COMMENT '参数主键',
  `config_name` varchar(100) DEFAULT '' COMMENT '参数名称',
  `config_key` varchar(100) DEFAULT '' COMMENT '参数键名',
  `config_value` varchar(500) DEFAULT '' COMMENT '参数键值',
  `config_type` char(1) DEFAULT 'N' COMMENT '系统内置（Y是 N否）',
  `create_by` varchar(64) DEFAULT '' COMMENT '创建者',
  `create_time` datetime DEFAULT NULL COMMENT '创建时间',
  `update_by` varchar(64) DEFAULT '' COMMENT '更新者',
  `update_time` datetime DEFAULT NULL COMMENT '更新时间',
  `remark` varchar(500) DEFAULT NULL COMMENT '备注',
  PRIMARY KEY (`config_id`)
) ENGINE=InnoDB AUTO_INCREMENT=4 DEFAULT CHARSET=utf8 COMMENT='参数配置表';

/*Data for the table `sys_config` */

insert  into `sys_config`(`config_id`,`config_name`,`config_key`,`config_value`,`config_type`,`create_by`,`create_time`,`update_by`,`update_time`,`remark`) values (1,'主框架页-默认皮肤样式名称','sys.index.skinName','skin-blue','Y','admin','2018-03-16 11:33:00','ry','2018-03-16 11:33:00','蓝色 skin-blue、绿色 skin-green、紫色 skin-purple、红色 skin-red、黄色 skin-yellow'),(2,'用户管理-账号初始密码','sys.user.initPassword','123456','Y','admin','2018-03-16 11:33:00','ry','2018-03-16 11:33:00','初始化密码 123456'),(3,'主框架页-侧边栏主题','sys.index.sideTheme','theme-dark','Y','admin','2018-03-16 11:33:00','ry','2018-03-16 11:33:00','深黑主题theme-dark，浅色主题theme-light，深蓝主题theme-blue');

/*Table structure for table `sys_customer` */

DROP TABLE IF EXISTS `sys_customer`;

CREATE TABLE `sys_customer` (
  `customer_id` int(11) NOT NULL AUTO_INCREMENT COMMENT 'id',
  `c_name` varchar(100) NOT NULL COMMENT '客户姓名',
  `c_sex` varchar(10) DEFAULT '' COMMENT '客户性别',
  `c_phone` varchar(100) DEFAULT '' COMMENT '客户电话',
  PRIMARY KEY (`customer_id`)
) ENGINE=InnoDB AUTO_INCREMENT=2 DEFAULT CHARSET=utf8 COMMENT='客户信息表';

/*Data for the table `sys_customer` */

insert  into `sys_customer`(`customer_id`,`c_name`,`c_sex`,`c_phone`) values (1,'张三','女','115549473623');

/*Table structure for table `sys_dept` */

DROP TABLE IF EXISTS `sys_dept`;

CREATE TABLE `sys_dept` (
  `dept_id` bigint(20) NOT NULL AUTO_INCREMENT COMMENT '部门id',
  `parent_id` bigint(20) DEFAULT '0' COMMENT '父部门id',
  `ancestors` varchar(50) DEFAULT '' COMMENT '祖级列表',
  `dept_name` varchar(30) DEFAULT '' COMMENT '部门名称',
  `order_num` int(4) DEFAULT '0' COMMENT '显示顺序',
  `leader` varchar(20) DEFAULT NULL COMMENT '负责人',
  `phone` varchar(11) DEFAULT NULL COMMENT '联系电话',
  `email` varchar(50) DEFAULT NULL COMMENT '邮箱',
  `status` char(1) DEFAULT '0' COMMENT '部门状态（0正常 1停用）',
  `del_flag` char(1) DEFAULT '0' COMMENT '删除标志（0代表存在 2代表删除）',
  `create_by` varchar(64) DEFAULT '' COMMENT '创建者',
  `create_time` datetime DEFAULT NULL COMMENT '创建时间',
  `update_by` varchar(64) DEFAULT '' COMMENT '更新者',
  `update_time` datetime DEFAULT NULL COMMENT '更新时间',
  PRIMARY KEY (`dept_id`)
) ENGINE=InnoDB AUTO_INCREMENT=110 DEFAULT CHARSET=utf8 COMMENT='部门表';

/*Data for the table `sys_dept` */

insert  into `sys_dept`(`dept_id`,`parent_id`,`ancestors`,`dept_name`,`order_num`,`leader`,`phone`,`email`,`status`,`del_flag`,`create_by`,`create_time`,`update_by`,`update_time`) values (100,0,'0','若依科技',0,'若依','15888888888','ry@qq.com','0','0','admin','2018-03-16 11:33:00','ry','2018-03-16 11:33:00'),(101,100,'0,100','深圳总公司',1,'若依','15888888888','ry@qq.com','0','0','admin','2018-03-16 11:33:00','ry','2018-03-16 11:33:00'),(102,100,'0,100','长沙分公司',2,'若依','15888888888','ry@qq.com','0','0','admin','2018-03-16 11:33:00','ry','2018-03-16 11:33:00'),(103,101,'0,100,101','研发部门',1,'若依','15888888888','ry@qq.com','0','0','admin','2018-03-16 11:33:00','ry','2018-03-16 11:33:00'),(104,101,'0,100,101','市场部门',2,'若依','15888888888','ry@qq.com','0','0','admin','2018-03-16 11:33:00','ry','2018-03-16 11:33:00'),(105,101,'0,100,101','测试部门',3,'若依','15888888888','ry@qq.com','0','0','admin','2018-03-16 11:33:00','ry','2018-03-16 11:33:00'),(106,101,'0,100,101','财务部门',4,'若依','15888888888','ry@qq.com','0','0','admin','2018-03-16 11:33:00','ry','2018-03-16 11:33:00'),(107,101,'0,100,101','运维部门',5,'若依','15888888888','ry@qq.com','0','0','admin','2018-03-16 11:33:00','ry','2018-03-16 11:33:00'),(108,102,'0,100,102','市场部门',1,'若依','15888888888','ry@qq.com','0','0','admin','2018-03-16 11:33:00','ry','2018-03-16 11:33:00'),(109,102,'0,100,102','财务部门',2,'若依','15888888888','ry@qq.com','0','0','admin','2018-03-16 11:33:00','ry','2018-03-16 11:33:00');

/*Table structure for table `sys_dict_data` */

DROP TABLE IF EXISTS `sys_dict_data`;

CREATE TABLE `sys_dict_data` (
  `dict_code` bigint(20) NOT NULL AUTO_INCREMENT COMMENT '字典编码',
  `dict_sort` int(4) DEFAULT '0' COMMENT '字典排序',
  `dict_label` varchar(100) DEFAULT '' COMMENT '字典标签',
  `dict_value` varchar(100) DEFAULT '' COMMENT '字典键值',
  `dict_type` varchar(100) DEFAULT '' COMMENT '字典类型',
  `css_class` varchar(100) DEFAULT NULL COMMENT '样式属性（其他样式扩展）',
  `list_class` varchar(100) DEFAULT NULL COMMENT '表格回显样式',
  `is_default` char(1) DEFAULT 'N' COMMENT '是否默认（Y是 N否）',
  `status` char(1) DEFAULT '0' COMMENT '状态（0正常 1停用）',
  `create_by` varchar(64) DEFAULT '' COMMENT '创建者',
  `create_time` datetime DEFAULT NULL COMMENT '创建时间',
  `update_by` varchar(64) DEFAULT '' COMMENT '更新者',
  `update_time` datetime DEFAULT NULL COMMENT '更新时间',
  `remark` varchar(500) DEFAULT NULL COMMENT '备注',
  PRIMARY KEY (`dict_code`)
) ENGINE=InnoDB AUTO_INCREMENT=102 DEFAULT CHARSET=utf8 COMMENT='字典数据表';

/*Data for the table `sys_dict_data` */

insert  into `sys_dict_data`(`dict_code`,`dict_sort`,`dict_label`,`dict_value`,`dict_type`,`css_class`,`list_class`,`is_default`,`status`,`create_by`,`create_time`,`update_by`,`update_time`,`remark`) values (1,1,'男','0','sys_user_sex','','','Y','0','admin','2018-03-16 11:33:00','ry','2018-03-16 11:33:00','性别男'),(2,2,'女','1','sys_user_sex','','','N','0','admin','2018-03-16 11:33:00','ry','2018-03-16 11:33:00','性别女'),(3,3,'未知','2','sys_user_sex','','','N','0','admin','2018-03-16 11:33:00','ry','2018-03-16 11:33:00','性别未知'),(4,1,'显示','0','sys_show_hide','','primary','Y','0','admin','2018-03-16 11:33:00','ry','2018-03-16 11:33:00','显示菜单'),(5,2,'隐藏','1','sys_show_hide','','danger','N','0','admin','2018-03-16 11:33:00','ry','2018-03-16 11:33:00','隐藏菜单'),(6,1,'正常','0','sys_normal_disable','','primary','Y','0','admin','2018-03-16 11:33:00','ry','2018-03-16 11:33:00','正常状态'),(7,2,'停用','1','sys_normal_disable','','danger','N','0','admin','2018-03-16 11:33:00','ry','2018-03-16 11:33:00','停用状态'),(8,1,'正常','0','sys_job_status','','primary','Y','0','admin','2018-03-16 11:33:00','ry','2018-03-16 11:33:00','正常状态'),(9,2,'暂停','1','sys_job_status','','danger','N','0','admin','2018-03-16 11:33:00','ry','2018-03-16 11:33:00','停用状态'),(10,1,'默认','DEFAULT','sys_job_group','','','Y','0','admin','2018-03-16 11:33:00','ry','2018-03-16 11:33:00','默认分组'),(11,2,'系统','SYSTEM','sys_job_group','','','N','0','admin','2018-03-16 11:33:00','ry','2018-03-16 11:33:00','系统分组'),(12,1,'是','Y','sys_yes_no','','primary','Y','0','admin','2018-03-16 11:33:00','ry','2018-03-16 11:33:00','系统默认是'),(13,2,'否','N','sys_yes_no','','danger','N','0','admin','2018-03-16 11:33:00','ry','2018-03-16 11:33:00','系统默认否'),(14,1,'通知','1','sys_notice_type','','warning','Y','0','admin','2018-03-16 11:33:00','ry','2018-03-16 11:33:00','通知'),(15,2,'公告','2','sys_notice_type','','success','N','0','admin','2018-03-16 11:33:00','ry','2018-03-16 11:33:00','公告'),(16,1,'正常','0','sys_notice_status','','primary','Y','0','admin','2018-03-16 11:33:00','ry','2018-03-16 11:33:00','正常状态'),(17,2,'关闭','1','sys_notice_status','','danger','N','0','admin','2018-03-16 11:33:00','ry','2018-03-16 11:33:00','关闭状态'),(18,1,'新增','1','sys_oper_type','','info','N','0','admin','2018-03-16 11:33:00','ry','2018-03-16 11:33:00','新增操作'),(19,2,'修改','2','sys_oper_type','','info','N','0','admin','2018-03-16 11:33:00','ry','2018-03-16 11:33:00','修改操作'),(20,3,'删除','3','sys_oper_type','','danger','N','0','admin','2018-03-16 11:33:00','ry','2018-03-16 11:33:00','删除操作'),(21,4,'授权','4','sys_oper_type','','primary','N','0','admin','2018-03-16 11:33:00','ry','2018-03-16 11:33:00','授权操作'),(22,5,'导出','5','sys_oper_type','','warning','N','0','admin','2018-03-16 11:33:00','ry','2018-03-16 11:33:00','导出操作'),(23,6,'导入','6','sys_oper_type','','warning','N','0','admin','2018-03-16 11:33:00','ry','2018-03-16 11:33:00','导入操作'),(24,7,'强退','7','sys_oper_type','','danger','N','0','admin','2018-03-16 11:33:00','ry','2018-03-16 11:33:00','强退操作'),(25,8,'生成代码','8','sys_oper_type','','warning','N','0','admin','2018-03-16 11:33:00','ry','2018-03-16 11:33:00','生成操作'),(26,9,'清空数据','9','sys_oper_type','','danger','N','0','admin','2018-03-16 11:33:00','ry','2018-03-16 11:33:00','清空操作'),(27,1,'成功','0','sys_common_status','','primary','N','0','admin','2018-03-16 11:33:00','ry','2018-03-16 11:33:00','正常状态'),(28,2,'失败','1','sys_common_status','','danger','N','0','admin','2018-03-16 11:33:00','ry','2018-03-16 11:33:00','停用状态'),(100,1,'普通','leave','biz_leave_type','','success','Y','0','admin','2020-02-28 21:27:30','admin','2020-03-27 22:38:19',''),(101,2,'会签','leaveCounterSign','biz_leave_type','','warning','Y','0','admin','2020-02-28 21:27:58','admin','2020-03-27 22:38:10','');

/*Table structure for table `sys_dict_type` */

DROP TABLE IF EXISTS `sys_dict_type`;

CREATE TABLE `sys_dict_type` (
  `dict_id` bigint(20) NOT NULL AUTO_INCREMENT COMMENT '字典主键',
  `dict_name` varchar(100) DEFAULT '' COMMENT '字典名称',
  `dict_type` varchar(100) DEFAULT '' COMMENT '字典类型',
  `status` char(1) DEFAULT '0' COMMENT '状态（0正常 1停用）',
  `create_by` varchar(64) DEFAULT '' COMMENT '创建者',
  `create_time` datetime DEFAULT NULL COMMENT '创建时间',
  `update_by` varchar(64) DEFAULT '' COMMENT '更新者',
  `update_time` datetime DEFAULT NULL COMMENT '更新时间',
  `remark` varchar(500) DEFAULT NULL COMMENT '备注',
  PRIMARY KEY (`dict_id`),
  UNIQUE KEY `dict_type` (`dict_type`)
) ENGINE=InnoDB AUTO_INCREMENT=101 DEFAULT CHARSET=utf8 COMMENT='字典类型表';

/*Data for the table `sys_dict_type` */

insert  into `sys_dict_type`(`dict_id`,`dict_name`,`dict_type`,`status`,`create_by`,`create_time`,`update_by`,`update_time`,`remark`) values (1,'用户性别','sys_user_sex','0','admin','2018-03-16 11:33:00','ry','2018-03-16 11:33:00','用户性别列表'),(2,'菜单状态','sys_show_hide','0','admin','2018-03-16 11:33:00','ry','2018-03-16 11:33:00','菜单状态列表'),(3,'系统开关','sys_normal_disable','0','admin','2018-03-16 11:33:00','ry','2018-03-16 11:33:00','系统开关列表'),(4,'任务状态','sys_job_status','0','admin','2018-03-16 11:33:00','ry','2018-03-16 11:33:00','任务状态列表'),(5,'任务分组','sys_job_group','0','admin','2018-03-16 11:33:00','ry','2018-03-16 11:33:00','任务分组列表'),(6,'系统是否','sys_yes_no','0','admin','2018-03-16 11:33:00','ry','2018-03-16 11:33:00','系统是否列表'),(7,'通知类型','sys_notice_type','0','admin','2018-03-16 11:33:00','ry','2018-03-16 11:33:00','通知类型列表'),(8,'通知状态','sys_notice_status','0','admin','2018-03-16 11:33:00','ry','2018-03-16 11:33:00','通知状态列表'),(9,'操作类型','sys_oper_type','0','admin','2018-03-16 11:33:00','ry','2018-03-16 11:33:00','操作类型列表'),(10,'系统状态','sys_common_status','0','admin','2018-03-16 11:33:00','ry','2018-03-16 11:33:00','登录状态列表'),(100,'请假类型','biz_leave_type','0','admin','2020-02-28 21:25:16','',NULL,NULL);

/*Table structure for table `sys_file_record` */

DROP TABLE IF EXISTS `sys_file_record`;

CREATE TABLE `sys_file_record` (
  `file_record_id` int(11) NOT NULL AUTO_INCREMENT COMMENT 'id',
  `relevancy_type` varchar(30) NOT NULL COMMENT '关联表类型',
  `sale_order_id` int(11) DEFAULT NULL COMMENT '关联外键id',
  `record_person` varchar(100) DEFAULT '' COMMENT '领取人',
  `record_time` datetime DEFAULT NULL COMMENT '领取时间',
  `record_file_name` varchar(30) DEFAULT '' COMMENT '领取文件名称',
  `remark` varchar(500) DEFAULT '' COMMENT '说明',
  `unit_file` varchar(100) DEFAULT '' COMMENT '附件',
  `create_by` varchar(64) DEFAULT '' COMMENT '创建者',
  `create_time` datetime DEFAULT NULL COMMENT '创建时间',
  `update_by` varchar(64) DEFAULT '' COMMENT '更新者',
  `update_time` datetime DEFAULT NULL COMMENT '更新时间',
  PRIMARY KEY (`file_record_id`)
) ENGINE=InnoDB AUTO_INCREMENT=19 DEFAULT CHARSET=utf8 COMMENT='资料领取记录表';

/*Data for the table `sys_file_record` */

insert  into `sys_file_record`(`file_record_id`,`relevancy_type`,`sale_order_id`,`record_person`,`record_time`,`record_file_name`,`remark`,`unit_file`,`create_by`,`create_time`,`update_by`,`update_time`) values (1,'SALEFILERECORD',NULL,'11','2020-06-09 00:00:00','11','','','admin','2020-06-08 14:09:41','',NULL),(2,'SALEFILERECORD',NULL,'222','2020-06-17 00:00:00','1122','','','admin','2020-06-08 14:09:55','',NULL),(3,'SALEFILERECORD',NULL,'11','2020-06-24 00:00:00','11','','','admin','2020-06-08 14:11:09','',NULL),(4,'SALEFILERECORD',NULL,'22','2020-06-25 00:00:00','22','','','admin','2020-06-08 14:11:15','',NULL),(7,'SALEFILERECORD',NULL,'111','2020-06-23 00:00:00','11','11','','admin','2020-06-08 14:14:37','',NULL),(10,'SALEFILERECORD',NULL,'55','2020-06-25 00:00:00','55','','','admin','2020-06-08 14:15:21','',NULL),(13,'SALEFILERECORD',NULL,'44','2020-06-10 00:00:00','44','','','admin','2020-06-08 14:36:08','',NULL),(15,'SALEFILERECORD',2,'55','2020-06-25 00:00:00','55','','','admin','2020-06-08 14:46:07','',NULL),(18,'SALEFILERECORD',7,'777','2020-06-10 00:00:00','777','','','admin','2020-06-10 16:43:37','',NULL);

/*Table structure for table `sys_file_util` */

DROP TABLE IF EXISTS `sys_file_util`;

CREATE TABLE `sys_file_util` (
  `file_util_id` int(11) NOT NULL AUTO_INCREMENT COMMENT 'id',
  `file_util_code` varchar(30) NOT NULL COMMENT '每个实体对应的唯一标识',
  `file_attachment_id` int(11) NOT NULL COMMENT '附件表ID',
  `file_domain_id` int(11) DEFAULT NULL COMMENT '实体表ID',
  PRIMARY KEY (`file_util_id`)
) ENGINE=InnoDB AUTO_INCREMENT=359 DEFAULT CHARSET=utf8 COMMENT='附件表';

/*Data for the table `sys_file_util` */

insert  into `sys_file_util`(`file_util_id`,`file_util_code`,`file_attachment_id`,`file_domain_id`) values (1,'OEDERENTITY',63,NULL),(2,'OEDERENTITY',64,NULL),(3,'OEDERENTITY',65,NULL),(4,'OEDERENTITY',66,NULL),(5,'OEDERENTITY',67,NULL),(6,'OEDERENTITY',68,NULL),(7,'OEDERENTITY',69,NULL),(8,'OEDERENTITY',70,NULL),(9,'OEDERENTITY',71,NULL),(10,'OEDERENTITY',72,NULL),(11,'OEDERENTITY',73,NULL),(12,'OEDERENTITY',74,NULL),(13,'OEDERENTITY',75,NULL),(14,'OEDERENTITY',76,NULL),(15,'OEDERENTITY',77,NULL),(16,'OEDERENTITY',78,NULL),(17,'OEDERENTITY',79,NULL),(18,'OEDERENTITY',80,NULL),(19,'OEDERENTITY',81,NULL),(20,'OEDERENTITY',82,NULL),(21,'OEDERENTITY',83,NULL),(22,'OEDERENTITY',84,NULL),(23,'OEDERENTITY',85,NULL),(24,'OEDERENTITY',86,NULL),(25,'OEDERENTITY',87,NULL),(26,'OEDERENTITY',88,NULL),(27,'OEDERENTITY',89,NULL),(28,'OEDERENTITY',90,NULL),(29,'OEDERENTITY',91,NULL),(30,'OEDERENTITY',92,NULL),(31,'OEDERENTITY',93,NULL),(32,'OEDERENTITY',94,NULL),(33,'OEDERENTITY',95,NULL),(34,'OEDERENTITY',96,NULL),(35,'OEDERENTITY',97,NULL),(36,'OEDERENTITY',99,NULL),(37,'OEDERENTITY',98,NULL),(38,'OEDERENTITY',100,NULL),(39,'OEDERENTITY',101,NULL),(40,'OEDERENTITY',102,NULL),(41,'OEDERENTITY',103,NULL),(42,'OEDERENTITY',104,NULL),(43,'OEDERENTITY',105,NULL),(44,'OEDERENTITY',106,NULL),(45,'OEDERENTITY',107,NULL),(46,'OEDERENTITY',108,NULL),(47,'OEDERENTITY',109,NULL),(48,'OEDERENTITY',110,NULL),(49,'OEDERENTITY',111,NULL),(50,'OEDERENTITY',112,NULL),(51,'OEDERENTITY',113,NULL),(52,'OEDERENTITY',114,NULL),(53,'OEDERENTITY',115,NULL),(54,'OEDERENTITY',116,NULL),(55,'OEDERENTITY',117,NULL),(56,'OEDERENTITY',118,NULL),(57,'OEDERENTITY',119,NULL),(58,'OEDERENTITY',120,NULL),(59,'OEDERENTITY',121,NULL),(60,'OEDERENTITY',122,NULL),(61,'OEDERENTITY',124,NULL),(62,'OEDERENTITY',123,NULL),(63,'OEDERENTITY',125,NULL),(64,'OEDERENTITY',126,NULL),(65,'OEDERENTITY',127,NULL),(66,'OEDERENTITY',128,NULL),(67,'OEDERENTITY',129,NULL),(68,'OEDERENTITY',132,NULL),(69,'OEDERENTITY',131,NULL),(70,'OEDERENTITY',130,NULL),(71,'OEDERENTITY',133,NULL),(72,'OEDERENTITY',134,NULL),(73,'OEDERENTITY',135,NULL),(74,'OEDERENTITY',136,NULL),(75,'OEDERENTITY',137,NULL),(76,'OEDERENTITY',138,NULL),(77,'OEDERENTITY',139,NULL),(78,'OEDERENTITY',140,NULL),(79,'OEDERENTITY',141,NULL),(80,'OEDERENTITY',142,NULL),(81,'OEDERENTITY',143,NULL),(82,'OEDERENTITY',144,NULL),(83,'OEDERENTITY',145,NULL),(84,'OEDERENTITY',146,NULL),(85,'OEDERENTITY',147,NULL),(86,'OEDERENTITY',148,NULL),(87,'OEDERENTITY',149,NULL),(88,'OEDERENTITY',151,NULL),(89,'OEDERENTITY',150,NULL),(90,'OEDERENTITY',152,NULL),(91,'OEDERENTITY',153,NULL),(92,'OEDERENTITY',154,NULL),(93,'OEDERENTITY',155,NULL),(94,'OEDERENTITY',156,NULL),(95,'OEDERENTITY',157,NULL),(96,'OEDERENTITY',158,NULL),(97,'OEDERENTITY',159,NULL),(98,'OEDERENTITY',160,NULL),(99,'OEDERENTITY',161,NULL),(100,'OEDERENTITY',162,NULL),(101,'OEDERENTITY',163,NULL),(102,'OEDERENTITY',164,NULL),(103,'OEDERENTITY',165,NULL),(104,'OEDERENTITY',166,NULL),(105,'OEDERENTITY',167,NULL),(106,'OEDERENTITY',168,NULL),(107,'OEDERENTITY',169,NULL),(108,'OEDERENTITY',170,NULL),(109,'OEDERENTITY',171,NULL),(110,'OEDERENTITY',172,NULL),(111,'OEDERENTITY',173,NULL),(112,'OEDERENTITY',174,NULL),(113,'OEDERENTITY',175,NULL),(114,'OEDERENTITY',176,NULL),(115,'OEDERENTITY',177,NULL),(116,'OEDERENTITY',178,NULL),(117,'OEDERENTITY',179,NULL),(118,'OEDERENTITY',188,NULL),(119,'OEDERENTITY',189,NULL),(120,'OEDERENTITY',190,NULL),(121,'OEDERENTITY',191,NULL),(122,'OEDERENTITY',192,NULL),(123,'OEDERENTITY',194,NULL),(124,'OEDERENTITY',193,NULL),(125,'OEDERENTITY',195,NULL),(126,'OEDERENTITY',196,NULL),(127,'OEDERENTITY',197,NULL),(128,'OEDERENTITY',198,NULL),(129,'OEDERENTITY',199,NULL),(130,'OEDERENTITY',200,NULL),(131,'OEDERENTITY',201,NULL),(132,'OEDERENTITY',202,NULL),(133,'OEDERENTITY',203,NULL),(134,'OEDERENTITY',204,NULL),(135,'OEDERENTITY',205,NULL),(136,'OEDERENTITY',206,NULL),(137,'OEDERENTITY',207,NULL),(138,'OEDERENTITY',208,NULL),(139,'OEDERENTITY',209,NULL),(140,'OEDERENTITY',210,NULL),(141,'OEDERENTITY',211,NULL),(142,'OEDERENTITY',212,NULL),(143,'OEDERENTITY',213,NULL),(144,'OEDERENTITY',215,NULL),(145,'OEDERENTITY',214,NULL),(146,'OEDERENTITY',216,NULL),(147,'OEDERENTITY',217,NULL),(148,'OEDERENTITY',218,NULL),(149,'OEDERENTITY',219,NULL),(150,'OEDERENTITY',220,NULL),(151,'OEDERENTITY',221,NULL),(152,'OEDERENTITY',222,NULL),(153,'OEDERENTITY',223,NULL),(154,'OEDERENTITY',224,NULL),(155,'OEDERENTITY',225,NULL),(156,'OEDERENTITY',226,NULL),(157,'OEDERENTITY',227,NULL),(158,'OEDERENTITY',228,NULL),(159,'OEDERENTITY',229,NULL),(160,'OEDERENTITY',232,NULL),(161,'OEDERENTITY',230,NULL),(162,'OEDERENTITY',231,NULL),(163,'OEDERENTITY',233,NULL),(164,'OEDERENTITY',235,NULL),(165,'OEDERENTITY',236,NULL),(166,'OEDERENTITY',234,NULL),(167,'OEDERENTITY',237,NULL),(168,'OEDERENTITY',238,NULL),(169,'OEDERENTITY',239,NULL),(170,'OEDERENTITY',240,NULL),(171,'OEDERENTITY',241,NULL),(172,'OEDERENTITY',242,NULL),(173,'OEDERENTITY',243,NULL),(174,'OEDERENTITY',244,NULL),(175,'OEDERENTITY',245,NULL),(176,'OEDERENTITY',246,NULL),(177,'OEDERENTITY',247,NULL),(178,'OEDERENTITY',248,NULL),(179,'OEDERENTITY',249,NULL),(180,'OEDERENTITY',250,NULL),(181,'OEDERENTITY',251,NULL),(182,'OEDERENTITY',252,NULL),(183,'OEDERENTITY',253,NULL),(184,'OEDERENTITY',254,NULL),(185,'OEDERENTITY',255,NULL),(186,'OEDERENTITY',256,NULL),(187,'OEDERENTITY',257,NULL),(188,'OEDERENTITY',258,NULL),(189,'OEDERENTITY',259,NULL),(190,'OEDERENTITY',260,NULL),(191,'OEDERENTITY',261,NULL),(192,'OEDERENTITY',262,NULL),(193,'OEDERENTITY',263,NULL),(194,'OEDERENTITY',264,NULL),(195,'OEDERENTITY',265,NULL),(196,'OEDERENTITY',266,NULL),(197,'OEDERENTITY',267,NULL),(198,'OEDERENTITY',268,NULL),(199,'OEDERENTITY',269,NULL),(200,'OEDERENTITY',270,NULL),(201,'OEDERENTITY',271,NULL),(202,'OEDERENTITY',272,NULL),(203,'OEDERENTITY',273,NULL),(204,'OEDERENTITY',274,NULL),(205,'OEDERENTITY',275,NULL),(206,'OEDERENTITY',276,NULL),(207,'OEDERENTITY',277,NULL),(208,'OEDERENTITY',278,NULL),(209,'OEDERENTITY',279,NULL),(210,'OEDERENTITY',280,NULL),(211,'OEDERENTITY',281,NULL),(212,'OEDERENTITY',282,NULL),(213,'OEDERENTITY',283,NULL),(214,'OEDERENTITY',284,NULL),(215,'OEDERENTITY',286,5),(216,'OEDERENTITY',285,5),(217,'OEDERENTITY',288,5),(218,'OEDERENTITY',287,5),(219,'OEDERENTITY',289,5),(220,'OEDERENTITY',290,5),(221,'OEDERENTITY',291,3),(222,'OEDERENTITY',293,3),(223,'OEDERENTITY',294,3),(224,'OEDERENTITY',292,3),(225,'OEDERENTITY',295,3),(226,'OEDERENTITY',296,3),(227,'OEDERENTITY',297,3),(228,'OEDERENTITY',298,3),(229,'OEDERENTITY',299,3),(230,'OEDERENTITY',301,NULL),(231,'OEDERENTITY',300,NULL),(232,'OEDERENTITY',302,NULL),(233,'OEDERENTITY',303,NULL),(234,'OEDERENTITY',304,NULL),(235,'OEDERENTITY',305,NULL),(236,'OEDERENTITY',306,NULL),(237,'OEDERENTITY',307,NULL),(238,'OEDERENTITY',308,6),(266,'OEDERENTITY',336,NULL),(267,'OEDERENTITY',337,NULL),(268,'OEDERENTITY',338,NULL),(269,'OEDERENTITY',339,NULL),(270,'OEDERENTITY',340,NULL),(271,'OEDERENTITY',341,NULL),(272,'OEDERENTITY',342,NULL),(273,'OEDERENTITY',343,NULL),(274,'OEDERENTITY',344,NULL),(275,'OEDERENTITY',345,NULL),(276,'OEDERENTITY',346,NULL),(277,'OEDERENTITY',347,NULL),(278,'OEDERENTITY',348,NULL),(279,'OEDERENTITY',349,NULL),(280,'OEDERENTITY',350,NULL),(281,'OEDERENTITY',351,NULL),(282,'OEDERENTITY',352,NULL),(283,'OEDERENTITY',353,NULL),(284,'OEDERENTITY',354,NULL),(285,'OEDERENTITY',355,NULL),(286,'OEDERENTITY',356,NULL),(288,'OEDERENTITY',358,NULL),(289,'OEDERENTITY',359,NULL),(290,'OEDERENTITY',360,NULL),(291,'OEDERENTITY',361,NULL),(292,'OEDERENTITY',362,NULL),(293,'OEDERENTITY',363,NULL),(295,'OEDERENTITY',364,NULL),(296,'OEDERENTITY',366,NULL),(297,'OEDERENTITY',367,NULL),(298,'OEDERENTITY',368,NULL),(299,'OEDERENTITY',370,NULL),(300,'OEDERENTITY',369,NULL),(301,'OEDERENTITY',371,NULL),(302,'OEDERENTITY',372,NULL),(303,'OEDERENTITY',373,NULL),(310,'OEDERENTITY',380,NULL),(311,'OEDERENTITY',381,NULL),(316,'OEDERENTITY',385,NULL),(319,'OEDERENTITY',389,NULL),(325,'OEDERENTITY',395,NULL),(326,'OEDERENTITY',397,NULL),(327,'OEDERENTITY',393,NULL),(328,'OEDERENTITY',398,NULL),(329,'OEDERENTITY',399,NULL),(330,'OEDERENTITY',400,NULL),(336,'OEDERENTITY',406,15),(337,'OEDERENTITY',408,15),(338,'OEDERENTITY',407,15),(339,'OEDERENTITY',409,15),(340,'OEDERENTITY',410,15),(342,'OEDERENTITY',412,15),(343,'OEDERENTITY',413,NULL),(344,'OEDERENTITY',414,NULL),(345,'OEDERENTITY',415,NULL),(347,'OEDERENTITY',417,NULL),(348,'OEDERENTITY',418,NULL),(349,'OEDERENTITY',419,NULL),(351,'OEDERENTITY',421,NULL),(352,'OEDERENTITY',422,NULL),(353,'OEDERENTITY',423,NULL),(354,'OEDERENTITY',424,NULL),(355,'OEDERENTITY',425,NULL),(357,'OEDERENTITY',427,15),(358,'OEDERENTITY',1,15);

/*Table structure for table `sys_flow` */

DROP TABLE IF EXISTS `sys_flow`;

CREATE TABLE `sys_flow` (
  `id` int(11) NOT NULL AUTO_INCREMENT COMMENT 'id',
  `applyUser` int(11) NOT NULL COMMENT '申请人',
  `handlerUser` int(11) NOT NULL COMMENT '当前处理人',
  `status` int(11) NOT NULL COMMENT '状态：0暂存未开始,1已审核,2未审核,3,本申请已经结束,',
  `type` varchar(30) NOT NULL COMMENT '类别',
  `type_id` int(11) NOT NULL COMMENT '关联业务单ID',
  `create_by` varchar(64) DEFAULT '' COMMENT '创建者',
  `create_time` datetime DEFAULT NULL COMMENT '创建时间',
  `update_by` varchar(64) DEFAULT '' COMMENT '更新者',
  `update_time` datetime DEFAULT NULL COMMENT '更新时间',
  PRIMARY KEY (`id`)
) ENGINE=InnoDB AUTO_INCREMENT=2 DEFAULT CHARSET=utf8 COMMENT='流程流转信息表';

/*Data for the table `sys_flow` */

insert  into `sys_flow`(`id`,`applyUser`,`handlerUser`,`status`,`type`,`type_id`,`create_by`,`create_time`,`update_by`,`update_time`) values (1,1,127,1,'SALESORDER',79,'admin','2020-06-11 15:40:19','admin','2020-06-11 15:55:04');

/*Table structure for table `sys_flowinfo_moving` */

DROP TABLE IF EXISTS `sys_flowinfo_moving`;

CREATE TABLE `sys_flowinfo_moving` (
  `id` int(11) NOT NULL AUTO_INCREMENT COMMENT 'id',
  `flow_id` int(11) DEFAULT NULL COMMENT '关联流程id',
  `title` varchar(300) DEFAULT NULL COMMENT '标题',
  `dealUser` int(11) NOT NULL COMMENT '处理人',
  `dealTime` datetime DEFAULT NULL COMMENT '处理时间',
  `opinion` varchar(30) DEFAULT NULL COMMENT '处理意见，1，同意，2驳回',
  `remark` varchar(300) DEFAULT NULL COMMENT '处理意见,说明',
  `status` int(11) DEFAULT NULL COMMENT '处理状态,0.已处理，1.未处理',
  `create_by` varchar(64) DEFAULT '' COMMENT '创建者',
  `create_time` datetime DEFAULT NULL COMMENT '创建时间',
  `update_by` varchar(64) DEFAULT '' COMMENT '更新者',
  `update_time` datetime DEFAULT NULL COMMENT '更新时间',
  PRIMARY KEY (`id`)
) ENGINE=InnoDB AUTO_INCREMENT=3 DEFAULT CHARSET=utf8 COMMENT='流程流转处理意见记录表';

/*Data for the table `sys_flowinfo_moving` */

insert  into `sys_flowinfo_moving`(`id`,`flow_id`,`title`,`dealUser`,`dealTime`,`opinion`,`remark`,`status`,`create_by`,`create_time`,`update_by`,`update_time`) values (1,1,'若依新建审批单！',1,'2020-06-11 15:41:04','新建','新建审批单',0,'admin','2020-06-11 15:40:19','','2020-06-11 15:41:03'),(2,1,'请审批若依提交的审批单！',127,NULL,NULL,NULL,1,'','2020-06-11 15:41:03','',NULL);

/*Table structure for table `sys_house` */

DROP TABLE IF EXISTS `sys_house`;

CREATE TABLE `sys_house` (
  `house_id` bigint(20) NOT NULL AUTO_INCREMENT COMMENT 'id',
  `bulding_id` bigint(20) NOT NULL COMMENT '所在楼盘id',
  `unit_id` bigint(20) NOT NULL COMMENT '所在单元id',
  `area` double DEFAULT '0' COMMENT '建筑面积',
  `inner_area` double DEFAULT '0' COMMENT '套内面积',
  `real_area` double DEFAULT '0' COMMENT '实测面积',
  `house_number` varchar(30) NOT NULL COMMENT '房间号',
  `building_type` varchar(30) NOT NULL COMMENT '类型',
  `floor` varchar(30) DEFAULT '' COMMENT '楼层',
  `price` double DEFAULT '0' COMMENT '单价',
  `Property_rights` varchar(30) DEFAULT '' COMMENT '产权',
  `create_by` varchar(64) DEFAULT '' COMMENT '创建者',
  `create_time` datetime DEFAULT NULL COMMENT '创建时间',
  `update_by` varchar(64) DEFAULT '' COMMENT '更新者',
  `update_time` datetime DEFAULT NULL COMMENT '更新时间',
  PRIMARY KEY (`house_id`)
) ENGINE=InnoDB AUTO_INCREMENT=1026 DEFAULT CHARSET=utf8 COMMENT='楼房基础信息表';

/*Data for the table `sys_house` */

insert  into `sys_house`(`house_id`,`bulding_id`,`unit_id`,`area`,`inner_area`,`real_area`,`house_number`,`building_type`,`floor`,`price`,`Property_rights`,`create_by`,`create_time`,`update_by`,`update_time`) values (668,53,66,87.33,68.9,0,'1-103','住宅','0',0,'','admin','2020-06-07 20:16:00','',NULL),(669,53,66,128.38,101.28,0,'1-104','住宅','0',0,'','admin','2020-06-07 20:16:00','',NULL),(670,53,66,125.93,99.35,0,'1-201','住宅','0',0,'','admin','2020-06-07 20:16:00','',NULL),(671,53,66,113.72,89.72,0,'1-202','住宅','0',0,'','admin','2020-06-07 20:16:01','',NULL),(672,53,66,113.72,89.72,0,'1-203','住宅','0',0,'','admin','2020-06-07 20:16:01','',NULL),(673,53,66,128.38,101.28,0,'1-204','住宅','0',0,'','admin','2020-06-07 20:16:01','',NULL),(674,53,66,125.93,99.35,0,'1-301','住宅','0',0,'','admin','2020-06-07 20:16:01','',NULL),(675,53,66,113.72,89.72,0,'1-302','住宅','0',0,'','admin','2020-06-07 20:16:01','',NULL),(676,53,66,113.72,89.72,0,'1-303','住宅','0',0,'','admin','2020-06-07 20:16:01','',NULL),(677,53,66,128.38,101.28,0,'1-304','住宅','0',0,'','admin','2020-06-07 20:16:01','',NULL),(678,53,66,125.93,99.35,0,'1-401','住宅','0',0,'','admin','2020-06-07 20:16:01','',NULL),(679,53,66,113.72,89.72,0,'1-402','住宅','0',0,'','admin','2020-06-07 20:16:01','',NULL),(680,53,66,113.72,89.72,0,'1-403','住宅','0',0,'','admin','2020-06-07 20:16:01','',NULL),(681,53,66,128.38,101.28,0,'1-404','住宅','0',0,'','admin','2020-06-07 20:16:01','',NULL),(682,53,66,125.93,99.35,0,'1-501','住宅','0',0,'','admin','2020-06-07 20:16:01','',NULL),(683,53,66,113.72,89.72,0,'1-502','住宅','0',0,'','admin','2020-06-07 20:16:01','',NULL),(684,53,66,113.72,89.72,0,'1-503','住宅','0',0,'','admin','2020-06-07 20:16:01','',NULL),(685,53,66,128.38,101.28,0,'1-504','住宅','0',0,'','admin','2020-06-07 20:16:01','',NULL),(686,53,66,125.93,99.35,0,'1-601','住宅','0',0,'','admin','2020-06-07 20:16:01','',NULL),(687,53,66,113.72,89.72,0,'1-602','住宅','0',0,'','admin','2020-06-07 20:16:01','',NULL),(688,53,66,113.72,89.72,0,'1-603','住宅','0',0,'','admin','2020-06-07 20:16:01','',NULL),(689,53,66,128.38,101.28,0,'1-604','住宅','0',0,'','admin','2020-06-07 20:16:01','',NULL),(690,53,66,125.93,99.35,0,'1-701','住宅','0',0,'','admin','2020-06-07 20:16:01','',NULL),(691,53,66,113.72,89.72,0,'1-702','住宅','0',0,'','admin','2020-06-07 20:16:01','',NULL),(692,53,66,113.72,89.72,0,'1-703','住宅','0',0,'','admin','2020-06-07 20:16:01','',NULL),(693,53,66,128.38,101.28,0,'1-704','住宅','0',0,'','admin','2020-06-07 20:16:01','',NULL),(694,53,66,125.93,99.35,0,'1-801','住宅','0',0,'','admin','2020-06-07 20:16:01','',NULL),(695,53,66,113.72,89.72,0,'1-802','住宅','0',0,'','admin','2020-06-07 20:16:01','',NULL),(696,53,66,113.72,89.72,0,'1-803','住宅','0',0,'','admin','2020-06-07 20:16:01','',NULL),(697,53,66,128.38,101.28,0,'1-804','住宅','0',0,'','admin','2020-06-07 20:16:01','',NULL),(698,53,66,125.93,99.35,0,'1-901','住宅','0',0,'','admin','2020-06-07 20:16:01','',NULL),(699,53,66,113.72,89.72,0,'1-902','住宅','0',0,'','admin','2020-06-07 20:16:01','',NULL),(700,53,66,113.72,89.72,0,'1-903','住宅','0',0,'','admin','2020-06-07 20:16:01','',NULL),(701,53,66,128.38,101.28,0,'1-904','住宅','0',0,'','admin','2020-06-07 20:16:01','',NULL),(702,53,66,125.93,99.35,0,'1-1001','住宅','0',0,'','admin','2020-06-07 20:16:01','',NULL),(703,53,66,113.72,89.72,0,'1-1002','住宅','0',0,'','admin','2020-06-07 20:16:01','',NULL),(704,53,66,113.72,89.72,0,'1-1003','住宅','0',0,'','admin','2020-06-07 20:16:01','',NULL),(705,53,66,128.38,101.28,0,'1-1004','住宅','0',0,'','admin','2020-06-07 20:16:01','',NULL),(706,53,66,125.93,99.35,0,'1-1101','住宅','0',0,'','admin','2020-06-07 20:16:01','',NULL),(707,53,66,113.72,89.72,0,'1-1102','住宅','0',0,'','admin','2020-06-07 20:16:01','',NULL),(708,53,66,113.72,89.72,0,'1-1103','住宅','0',0,'','admin','2020-06-07 20:16:01','',NULL),(709,53,66,128.38,101.28,0,'1-1104','住宅','0',0,'','admin','2020-06-07 20:16:01','',NULL),(710,53,66,125.93,99.35,0,'1-1201','住宅','0',0,'','admin','2020-06-07 20:16:01','',NULL),(711,53,66,113.72,89.72,0,'1-1202','住宅','0',0,'','admin','2020-06-07 20:16:01','',NULL),(712,53,66,113.72,89.72,0,'1-1203','住宅','0',0,'','admin','2020-06-07 20:16:01','',NULL),(713,53,66,128.38,101.28,0,'1-1204','住宅','0',0,'','admin','2020-06-07 20:16:01','',NULL),(714,53,66,125.93,99.35,0,'1-1301','住宅','0',0,'','admin','2020-06-07 20:16:01','',NULL),(715,53,66,113.72,89.72,0,'1-1302','住宅','0',0,'','admin','2020-06-07 20:16:01','',NULL),(716,53,66,113.72,89.72,0,'1-1303','住宅','0',0,'','admin','2020-06-07 20:16:01','',NULL),(717,53,66,128.38,101.28,0,'1-1304','住宅','0',0,'','admin','2020-06-07 20:16:01','',NULL),(718,53,66,125.93,99.35,0,'1-1401','住宅','0',0,'','admin','2020-06-07 20:16:01','',NULL),(719,53,66,113.72,89.72,0,'1-1402','住宅','0',0,'','admin','2020-06-07 20:16:01','',NULL),(720,53,66,113.72,89.72,0,'1-1403','住宅','0',0,'','admin','2020-06-07 20:16:01','',NULL),(721,53,66,128.38,101.28,0,'1-1404','住宅','0',0,'','admin','2020-06-07 20:16:01','',NULL),(722,53,66,125.93,99.35,0,'1-1501','住宅','0',0,'','admin','2020-06-07 20:16:01','',NULL),(723,53,66,113.72,89.72,0,'1-1502','住宅','0',0,'','admin','2020-06-07 20:16:01','',NULL),(724,53,66,113.72,89.72,0,'1-1503','住宅','0',0,'','admin','2020-06-07 20:16:01','',NULL),(725,53,66,128.38,101.28,0,'1-1504','住宅','0',0,'','admin','2020-06-07 20:16:01','',NULL),(726,53,66,125.93,99.35,0,'1-1601','住宅','0',0,'','admin','2020-06-07 20:16:01','',NULL),(727,53,66,113.72,89.72,0,'1-1602','住宅','0',0,'','admin','2020-06-07 20:16:01','',NULL),(728,53,66,113.72,89.72,0,'1-1603','住宅','0',0,'','admin','2020-06-07 20:16:01','',NULL),(729,53,66,128.38,101.28,0,'1-1604','住宅','0',0,'','admin','2020-06-07 20:16:01','',NULL),(730,53,66,125.93,99.35,0,'1-1701','住宅','0',0,'','admin','2020-06-07 20:16:01','',NULL),(731,53,66,113.72,89.72,0,'1-1702','住宅','0',0,'','admin','2020-06-07 20:16:01','',NULL),(732,53,66,113.72,89.72,0,'1-1703','住宅','0',0,'','admin','2020-06-07 20:16:01','',NULL),(733,53,66,128.38,101.28,0,'1-1704','住宅','0',0,'','admin','2020-06-07 20:16:01','',NULL),(734,53,66,125.93,99.35,0,'1-1801','住宅','0',0,'','admin','2020-06-07 20:16:01','',NULL),(735,53,66,113.72,89.72,0,'1-1802','住宅','0',0,'','admin','2020-06-07 20:16:01','',NULL),(736,53,66,113.72,89.72,0,'1-1803','住宅','0',0,'','admin','2020-06-07 20:16:01','',NULL),(737,53,66,128.38,101.28,0,'1-1804','住宅','0',0,'','admin','2020-06-07 20:16:01','',NULL),(738,53,66,125.93,99.35,0,'1-1901','住宅','0',0,'','admin','2020-06-07 20:16:01','',NULL),(739,53,66,113.72,89.72,0,'1-1902','住宅','0',0,'','admin','2020-06-07 20:16:01','',NULL),(740,53,66,113.72,89.72,0,'1-1903','住宅','0',0,'','admin','2020-06-07 20:16:01','',NULL),(741,53,66,128.38,101.28,0,'1-1904','住宅','0',0,'','admin','2020-06-07 20:16:01','',NULL),(742,53,66,125.93,99.35,0,'1-2001','住宅','0',0,'','admin','2020-06-07 20:16:01','',NULL),(743,53,66,113.72,89.72,0,'1-2002','住宅','0',0,'','admin','2020-06-07 20:16:01','',NULL),(744,53,66,113.72,89.72,0,'1-2003','住宅','0',0,'','admin','2020-06-07 20:16:01','',NULL),(745,53,66,128.38,101.28,0,'1-2004','住宅','0',0,'','admin','2020-06-07 20:16:01','',NULL),(746,53,66,125.93,99.35,0,'1-2101','住宅','0',0,'','admin','2020-06-07 20:16:01','',NULL),(747,53,66,113.72,89.72,0,'1-2102','住宅','0',0,'','admin','2020-06-07 20:16:01','',NULL),(748,53,66,113.72,89.72,0,'1-2103','住宅','0',0,'','admin','2020-06-07 20:16:01','',NULL),(749,53,66,128.38,101.28,0,'1-2104','住宅','0',0,'','admin','2020-06-07 20:16:01','',NULL),(750,53,66,125.93,99.35,0,'1-2201','住宅','0',0,'','admin','2020-06-07 20:16:01','',NULL),(751,53,66,113.72,89.72,0,'1-2202','住宅','0',0,'','admin','2020-06-07 20:16:01','',NULL),(752,53,66,113.72,89.72,0,'1-2203','住宅','0',0,'','admin','2020-06-07 20:16:01','',NULL),(753,53,66,128.38,101.28,0,'1-2204','住宅','0',0,'','admin','2020-06-07 20:16:01','',NULL),(754,53,66,125.93,99.35,0,'1-2301','住宅','0',0,'','admin','2020-06-07 20:16:01','',NULL),(755,53,66,113.72,89.72,0,'1-2302','住宅','0',0,'','admin','2020-06-07 20:16:01','',NULL),(756,53,66,113.72,89.72,0,'1-2303','住宅','0',0,'','admin','2020-06-07 20:16:01','',NULL),(757,53,66,128.38,101.28,0,'1-2304','住宅','0',0,'','admin','2020-06-07 20:16:01','',NULL),(758,53,66,125.93,99.35,0,'1-2401','住宅','0',0,'','admin','2020-06-07 20:16:01','',NULL),(759,53,66,113.72,89.72,0,'1-2402','住宅','0',0,'','admin','2020-06-07 20:16:01','',NULL),(760,53,66,113.72,89.72,0,'1-2403','住宅','0',0,'','admin','2020-06-07 20:16:01','',NULL),(761,53,66,128.38,101.28,0,'1-2404','住宅','0',0,'','admin','2020-06-07 20:16:01','',NULL),(762,53,66,125.93,99.35,0,'1-2501','住宅','0',0,'','admin','2020-06-07 20:16:01','',NULL),(763,53,66,113.72,89.72,0,'1-2502','住宅','0',0,'','admin','2020-06-07 20:16:01','',NULL),(764,53,66,113.72,89.72,0,'1-2503','住宅','0',0,'','admin','2020-06-07 20:16:01','',NULL),(765,53,66,128.38,101.28,0,'1-2504','住宅','0',0,'','admin','2020-06-07 20:16:01','',NULL),(766,53,76,127.99,101.28,0,'2-101','住宅','0',0,'','admin','2020-06-07 20:16:01','',NULL),(767,53,76,87.21,69.01,0,'2-102','住宅','0',0,'','admin','2020-06-07 20:16:01','',NULL),(768,53,76,87.21,69.01,0,'2-103','住宅','0',0,'','admin','2020-06-07 20:16:01','',NULL),(769,53,76,125.55,99.35,0,'2-104','住宅','0',0,'','admin','2020-06-07 20:16:01','',NULL),(770,53,76,127.99,101.28,0,'2-201','住宅','0',0,'','admin','2020-06-07 20:16:01','',NULL),(771,53,76,113.38,89.72,0,'2-202','住宅','0',0,'','admin','2020-06-07 20:16:01','',NULL),(772,53,76,113.38,89.72,0,'2-203','住宅','0',0,'','admin','2020-06-07 20:16:01','',NULL),(773,53,76,125.55,99.35,0,'2-204','住宅','0',0,'','admin','2020-06-07 20:16:01','',NULL),(774,53,76,127.99,101.28,0,'2-301','住宅','0',0,'','admin','2020-06-07 20:16:01','',NULL),(775,53,76,113.38,89.72,0,'2-302','住宅','0',0,'','admin','2020-06-07 20:16:01','',NULL),(776,53,76,113.38,89.72,0,'2-303','住宅','0',0,'','admin','2020-06-07 20:16:01','',NULL),(777,53,76,125.55,99.35,0,'2-304','住宅','0',0,'','admin','2020-06-07 20:16:01','',NULL),(778,53,76,127.99,101.28,0,'2-401','住宅','0',0,'','admin','2020-06-07 20:16:01','',NULL),(779,53,76,113.38,89.72,0,'2-402','住宅','0',0,'','admin','2020-06-07 20:16:01','',NULL),(780,53,76,113.38,89.72,0,'2-403','住宅','0',0,'','admin','2020-06-07 20:16:01','',NULL),(781,53,76,125.55,99.35,0,'2-404','住宅','0',0,'','admin','2020-06-07 20:16:01','',NULL),(782,53,76,127.99,101.28,0,'2-501','住宅','0',0,'','admin','2020-06-07 20:16:01','',NULL),(783,53,76,113.38,89.72,0,'2-502','住宅','0',0,'','admin','2020-06-07 20:16:01','',NULL),(784,53,76,113.38,89.72,0,'2-503','住宅','0',0,'','admin','2020-06-07 20:16:01','',NULL),(785,53,76,125.55,99.35,0,'2-504','住宅','0',0,'','admin','2020-06-07 20:16:01','',NULL),(786,53,76,127.99,101.28,0,'2-601','住宅','0',0,'','admin','2020-06-07 20:16:01','',NULL),(787,53,76,113.38,89.72,0,'2-602','住宅','0',0,'','admin','2020-06-07 20:16:01','',NULL),(788,53,76,113.38,89.72,0,'2-603','住宅','0',0,'','admin','2020-06-07 20:16:01','',NULL),(789,53,76,125.55,99.35,0,'2-604','住宅','0',0,'','admin','2020-06-07 20:16:01','',NULL),(790,53,76,127.99,101.28,0,'2-701','住宅','0',0,'','admin','2020-06-07 20:16:01','',NULL),(791,53,76,113.38,89.72,0,'2-702','住宅','0',0,'','admin','2020-06-07 20:16:01','',NULL),(792,53,76,113.38,89.72,0,'2-703','住宅','0',0,'','admin','2020-06-07 20:16:01','',NULL),(793,53,76,125.55,99.35,0,'2-704','住宅','0',0,'','admin','2020-06-07 20:16:01','',NULL),(794,53,76,127.99,101.28,0,'2-801','住宅','0',0,'','admin','2020-06-07 20:16:01','',NULL),(795,53,76,113.38,89.72,0,'2-802','住宅','0',0,'','admin','2020-06-07 20:16:01','',NULL),(796,53,76,113.38,89.72,0,'2-803','住宅','0',0,'','admin','2020-06-07 20:16:01','',NULL),(797,53,76,125.55,99.35,0,'2-804','住宅','0',0,'','admin','2020-06-07 20:16:01','',NULL),(798,53,76,127.99,101.28,0,'2-901','住宅','0',0,'','admin','2020-06-07 20:16:01','',NULL),(799,53,76,113.38,89.72,0,'2-902','住宅','0',0,'','admin','2020-06-07 20:16:01','',NULL),(800,53,76,113.38,89.72,0,'2-903','住宅','0',0,'','admin','2020-06-07 20:16:01','',NULL),(801,53,76,125.55,99.35,0,'2-904','住宅','0',0,'','admin','2020-06-07 20:16:01','',NULL),(802,53,76,127.99,101.28,0,'2-1001','住宅','0',0,'','admin','2020-06-07 20:16:01','',NULL),(803,53,76,113.38,89.72,0,'2-1002','住宅','0',0,'','admin','2020-06-07 20:16:01','',NULL),(804,53,76,113.38,89.72,0,'2-1003','住宅','0',0,'','admin','2020-06-07 20:16:01','',NULL),(805,53,76,125.55,99.35,0,'2-1004','住宅','0',0,'','admin','2020-06-07 20:16:01','',NULL),(806,53,76,127.99,101.28,0,'2-1101','住宅','0',0,'','admin','2020-06-07 20:16:01','',NULL),(807,53,76,113.38,89.72,0,'2-1102','住宅','0',0,'','admin','2020-06-07 20:16:01','',NULL),(808,53,76,113.38,89.72,0,'2-1103','住宅','0',0,'','admin','2020-06-07 20:16:01','',NULL),(809,53,76,125.55,99.35,0,'2-1104','住宅','0',0,'','admin','2020-06-07 20:16:01','',NULL),(810,53,76,127.99,101.28,0,'2-1201','住宅','0',0,'','admin','2020-06-07 20:16:01','',NULL),(811,53,76,113.38,89.72,0,'2-1202','住宅','0',0,'','admin','2020-06-07 20:16:01','',NULL),(812,53,76,113.38,89.72,0,'2-1203','住宅','0',0,'','admin','2020-06-07 20:16:01','',NULL),(813,53,76,125.55,99.35,0,'2-1204','住宅','0',0,'','admin','2020-06-07 20:16:01','',NULL),(814,53,76,127.99,101.28,0,'2-1301','住宅','0',0,'','admin','2020-06-07 20:16:01','',NULL),(815,53,76,113.38,89.72,0,'2-1302','住宅','0',0,'','admin','2020-06-07 20:16:01','',NULL),(816,53,76,113.38,89.72,0,'2-1303','住宅','0',0,'','admin','2020-06-07 20:16:01','',NULL),(817,53,76,125.55,99.35,0,'2-1304','住宅','0',0,'','admin','2020-06-07 20:16:01','',NULL),(818,53,76,127.99,101.28,0,'2-1401','住宅','0',0,'','admin','2020-06-07 20:16:01','',NULL),(819,53,76,113.38,89.72,0,'2-1402','住宅','0',0,'','admin','2020-06-07 20:16:01','',NULL),(820,53,76,113.38,89.72,0,'2-1403','住宅','0',0,'','admin','2020-06-07 20:16:01','',NULL),(821,53,76,125.55,99.35,0,'2-1404','住宅','0',0,'','admin','2020-06-07 20:16:01','',NULL),(822,53,76,127.99,101.28,0,'2-1501','住宅','0',0,'','admin','2020-06-07 20:16:01','',NULL),(823,53,76,113.38,89.72,0,'2-1502','住宅','0',0,'','admin','2020-06-07 20:16:01','',NULL),(824,53,76,113.38,89.72,0,'2-1503','住宅','0',0,'','admin','2020-06-07 20:16:01','',NULL),(825,53,76,125.55,99.35,0,'2-1504','住宅','0',0,'','admin','2020-06-07 20:16:01','',NULL),(826,53,76,127.99,101.28,0,'2-1601','住宅','0',0,'','admin','2020-06-07 20:16:01','',NULL),(827,53,76,113.38,89.72,0,'2-1602','住宅','0',0,'','admin','2020-06-07 20:16:01','',NULL),(828,53,76,113.38,89.72,0,'2-1603','住宅','0',0,'','admin','2020-06-07 20:16:01','',NULL),(829,53,76,125.55,99.35,0,'2-1604','住宅','0',0,'','admin','2020-06-07 20:16:01','',NULL),(830,53,76,127.99,101.28,0,'2-1701','住宅','0',0,'','admin','2020-06-07 20:16:01','',NULL),(831,53,76,113.38,89.72,0,'2-1702','住宅','0',0,'','admin','2020-06-07 20:16:01','',NULL),(832,53,76,113.38,89.72,0,'2-1703','住宅','0',0,'','admin','2020-06-07 20:16:01','',NULL),(833,53,76,125.55,99.35,0,'2-1704','住宅','0',0,'','admin','2020-06-07 20:16:01','',NULL),(834,53,76,127.99,101.28,0,'2-1801','住宅','0',0,'','admin','2020-06-07 20:16:01','',NULL),(835,53,76,113.38,89.72,0,'2-1802','住宅','0',0,'','admin','2020-06-07 20:16:01','',NULL),(836,53,76,113.38,89.72,0,'2-1803','住宅','0',0,'','admin','2020-06-07 20:16:01','',NULL),(837,53,76,125.55,99.35,0,'2-1804','住宅','0',0,'','admin','2020-06-07 20:16:02','',NULL),(838,53,76,127.99,101.28,0,'2-1901','住宅','0',0,'','admin','2020-06-07 20:16:02','',NULL),(839,53,76,113.38,89.72,0,'2-1902','住宅','0',0,'','admin','2020-06-07 20:16:02','',NULL),(840,53,76,113.38,89.72,0,'2-1903','住宅','0',0,'','admin','2020-06-07 20:16:02','',NULL),(841,53,76,125.55,99.35,0,'2-1904','住宅','0',0,'','admin','2020-06-07 20:16:02','',NULL),(842,53,76,127.99,101.28,0,'2-2001','住宅','0',0,'','admin','2020-06-07 20:16:02','',NULL),(843,53,76,113.38,89.72,0,'2-2002','住宅','0',0,'','admin','2020-06-07 20:16:02','',NULL),(844,53,76,113.38,89.72,0,'2-2003','住宅','0',0,'','admin','2020-06-07 20:16:02','',NULL),(845,53,76,125.55,99.35,0,'2-2004','住宅','0',0,'','admin','2020-06-07 20:16:02','',NULL),(846,53,76,127.99,101.28,0,'2-2101','住宅','0',0,'','admin','2020-06-07 20:16:02','',NULL),(847,53,76,113.38,89.72,0,'2-2102','住宅','0',0,'','admin','2020-06-07 20:16:02','',NULL),(848,53,76,113.38,89.72,0,'2-2103','住宅','0',0,'','admin','2020-06-07 20:16:02','',NULL),(849,53,76,125.55,99.35,0,'2-2104','住宅','0',0,'','admin','2020-06-07 20:16:02','',NULL),(850,53,76,127.99,101.28,0,'2-2201','住宅','0',0,'','admin','2020-06-07 20:16:02','',NULL),(851,53,76,113.38,89.72,0,'2-2202','住宅','0',0,'','admin','2020-06-07 20:16:02','',NULL),(852,53,76,113.38,89.72,0,'2-2203','住宅','0',0,'','admin','2020-06-07 20:16:02','',NULL),(853,53,76,125.55,99.35,0,'2-2204','住宅','0',0,'','admin','2020-06-07 20:16:02','',NULL),(854,53,76,127.99,101.28,0,'2-2301','住宅','0',0,'','admin','2020-06-07 20:16:02','',NULL),(855,53,76,113.38,89.72,0,'2-2302','住宅','0',0,'','admin','2020-06-07 20:16:02','',NULL),(856,53,76,113.38,89.72,0,'2-2303','住宅','0',0,'','admin','2020-06-07 20:16:02','',NULL),(857,53,76,125.55,99.35,0,'2-2304','住宅','0',0,'','admin','2020-06-07 20:16:02','',NULL),(858,53,76,127.99,101.28,0,'2-2401','住宅','0',0,'','admin','2020-06-07 20:16:02','',NULL),(859,53,76,113.38,89.72,0,'2-2402','住宅','0',0,'','admin','2020-06-07 20:16:02','',NULL),(860,53,76,113.38,89.72,0,'2-2403','住宅','0',0,'','admin','2020-06-07 20:16:02','',NULL),(861,53,76,125.55,99.35,0,'2-2404','住宅','0',0,'','admin','2020-06-07 20:16:02','',NULL),(862,53,76,127.99,101.28,0,'2-2501','住宅','0',0,'','admin','2020-06-07 20:16:02','',NULL),(863,53,76,113.38,89.72,0,'2-2502','住宅','0',0,'','admin','2020-06-07 20:16:02','',NULL),(864,53,76,113.38,89.72,0,'2-2503','住宅','0',0,'','admin','2020-06-07 20:16:02','',NULL),(865,53,76,125.55,99.35,0,'2-2504','住宅','0',0,'','admin','2020-06-07 20:16:02','',NULL),(866,53,67,88.49,71.37,0,'103','住宅','0',0,'','admin','2020-06-07 20:16:02','',NULL),(867,53,67,125.69,101.38,0,'104','住宅','0',0,'','admin','2020-06-07 20:16:02','',NULL),(868,53,67,149.17,120.32,0,'105','住宅','0',0,'','admin','2020-06-07 20:16:02','',NULL),(869,53,67,125.62,101.32,0,'202','住宅','0',0,'','admin','2020-06-07 20:16:02','',NULL),(870,53,67,88.49,71.37,0,'203','住宅','0',0,'','admin','2020-06-07 20:16:02','',NULL),(871,53,67,125.69,101.38,0,'204','住宅','0',0,'','admin','2020-06-07 20:16:02','',NULL),(872,53,67,149.17,120.32,0,'205','住宅','0',0,'','admin','2020-06-07 20:16:02','',NULL),(873,53,67,149.17,120.32,0,'301','住宅','0',0,'','admin','2020-06-07 20:16:02','',NULL),(874,53,67,125.69,101.32,0,'302','住宅','0',0,'','admin','2020-06-07 20:16:02','',NULL),(875,53,67,88.49,71.37,0,'303','住宅','0',0,'','admin','2020-06-07 20:16:02','',NULL),(876,53,67,125.69,101.38,0,'304','住宅','0',0,'','admin','2020-06-07 20:16:02','',NULL),(877,53,67,149.17,120.32,0,'305','住宅','0',0,'','admin','2020-06-07 20:16:02','',NULL),(878,53,67,149.17,120.32,0,'401','住宅','0',0,'','admin','2020-06-07 20:16:02','',NULL),(879,53,67,125.69,101.38,0,'402','住宅','0',0,'','admin','2020-06-07 20:16:02','',NULL),(880,53,67,88.49,71.37,0,'403','住宅','0',0,'','admin','2020-06-07 20:16:02','',NULL),(881,53,67,125.69,101.38,0,'404','住宅','0',0,'','admin','2020-06-07 20:16:02','',NULL),(882,53,67,149.17,120.32,0,'405','住宅','0',0,'','admin','2020-06-07 20:16:02','',NULL),(883,53,67,149.17,120.32,0,'501','住宅','0',0,'','admin','2020-06-07 20:16:02','',NULL),(884,53,67,125.69,101.38,0,'502','住宅','0',0,'','admin','2020-06-07 20:16:02','',NULL),(885,53,67,88.49,71.37,0,'503','住宅','0',0,'','admin','2020-06-07 20:16:02','',NULL),(886,53,67,125.69,101.38,0,'504','住宅','0',0,'','admin','2020-06-07 20:16:02','',NULL),(887,53,67,149.17,120.32,0,'505','住宅','0',0,'','admin','2020-06-07 20:16:02','',NULL),(888,53,67,149.17,120.32,0,'601','住宅','0',0,'','admin','2020-06-07 20:16:02','',NULL),(889,53,67,125.69,101.38,0,'602','住宅','0',0,'','admin','2020-06-07 20:16:02','',NULL),(890,53,67,88.49,71.37,0,'603','住宅','0',0,'','admin','2020-06-07 20:16:02','',NULL),(891,53,67,125.69,101.38,0,'604','住宅','0',0,'','admin','2020-06-07 20:16:02','',NULL),(892,53,67,149.17,120.32,0,'605','住宅','0',0,'','admin','2020-06-07 20:16:02','',NULL),(893,53,67,149.17,120.32,0,'701','住宅','0',0,'','admin','2020-06-07 20:16:02','',NULL),(894,53,67,125.69,101.38,0,'702','住宅','0',0,'','admin','2020-06-07 20:16:02','',NULL),(895,53,67,88.49,71.37,0,'703','住宅','0',0,'','admin','2020-06-07 20:16:02','',NULL),(896,53,67,125.69,101.38,0,'704','住宅','0',0,'','admin','2020-06-07 20:16:02','',NULL),(897,53,67,149.17,120.32,0,'705','住宅','0',0,'','admin','2020-06-07 20:16:02','',NULL),(898,53,67,149.17,120.32,0,'801','住宅','0',0,'','admin','2020-06-07 20:16:02','',NULL),(899,53,67,125.69,101.38,0,'802','住宅','0',0,'','admin','2020-06-07 20:16:02','',NULL),(900,53,67,88.49,71.37,0,'803','住宅','0',0,'','admin','2020-06-07 20:16:02','',NULL),(901,53,67,125.69,101.38,0,'804','住宅','0',0,'','admin','2020-06-07 20:16:02','',NULL),(902,53,67,149.17,120.32,0,'805','住宅','0',0,'','admin','2020-06-07 20:16:02','',NULL),(903,53,67,149.17,120.32,0,'901','住宅','0',0,'','admin','2020-06-07 20:16:02','',NULL),(904,53,67,125.69,101.38,0,'902','住宅','0',0,'','admin','2020-06-07 20:16:02','',NULL),(905,53,67,88.49,71.37,0,'903','住宅','0',0,'','admin','2020-06-07 20:16:02','',NULL),(906,53,67,125.69,101.38,0,'904','住宅','0',0,'','admin','2020-06-07 20:16:02','',NULL),(907,53,67,149.17,120.32,0,'905','住宅','0',0,'','admin','2020-06-07 20:16:02','',NULL),(908,53,67,149.17,120.32,0,'1001','住宅','0',0,'','admin','2020-06-07 20:16:02','',NULL),(909,53,67,125.69,101.38,0,'1002','住宅','0',0,'','admin','2020-06-07 20:16:02','',NULL),(910,53,67,88.49,71.37,0,'1003','住宅','0',0,'','admin','2020-06-07 20:16:02','',NULL),(911,53,67,125.69,101.38,0,'1004','住宅','0',0,'','admin','2020-06-07 20:16:02','',NULL),(912,53,67,149.17,120.32,0,'1005','住宅','0',0,'','admin','2020-06-07 20:16:02','',NULL),(913,53,67,149.17,120.32,0,'1101','住宅','0',0,'','admin','2020-06-07 20:16:02','',NULL),(914,53,67,125.69,101.38,0,'1102','住宅','0',0,'','admin','2020-06-07 20:16:02','',NULL),(915,53,67,88.49,71.37,0,'1103','住宅','0',0,'','admin','2020-06-07 20:16:02','',NULL),(916,53,67,125.69,101.38,0,'1104','住宅','0',0,'','admin','2020-06-07 20:16:02','',NULL),(917,53,67,149.17,120.32,0,'1105','住宅','0',0,'','admin','2020-06-07 20:16:02','',NULL),(918,53,67,149.17,120.32,0,'1201','住宅','0',0,'','admin','2020-06-07 20:16:02','',NULL),(919,53,67,125.69,101.38,0,'1202','住宅','0',0,'','admin','2020-06-07 20:16:02','',NULL),(920,53,67,88.49,71.37,0,'1203','住宅','0',0,'','admin','2020-06-07 20:16:02','',NULL),(921,53,67,125.69,101.38,0,'1204','住宅','0',0,'','admin','2020-06-07 20:16:02','',NULL),(922,53,67,149.17,120.32,0,'1205','住宅','0',0,'','admin','2020-06-07 20:16:02','',NULL),(923,53,67,149.17,120.32,0,'1301','住宅','0',0,'','admin','2020-06-07 20:16:02','',NULL),(924,53,67,125.69,101.38,0,'1302','住宅','0',0,'','admin','2020-06-07 20:16:02','',NULL),(925,53,67,88.49,71.37,0,'1303','住宅','0',0,'','admin','2020-06-07 20:16:02','',NULL),(926,53,67,125.69,101.38,0,'1304','住宅','0',0,'','admin','2020-06-07 20:16:02','',NULL),(927,53,67,149.17,120.32,0,'1305','住宅','0',0,'','admin','2020-06-07 20:16:02','',NULL),(928,53,67,149.17,120.32,0,'1401','住宅','0',0,'','admin','2020-06-07 20:16:02','',NULL),(929,53,67,125.69,101.38,0,'1402','住宅','0',0,'','admin','2020-06-07 20:16:02','',NULL),(930,53,67,88.49,71.37,0,'1403','住宅','0',0,'','admin','2020-06-07 20:16:02','',NULL),(931,53,67,125.69,101.38,0,'1404','住宅','0',0,'','admin','2020-06-07 20:16:02','',NULL),(932,53,67,149.17,120.32,0,'1405','住宅','0',0,'','admin','2020-06-07 20:16:02','',NULL),(933,53,67,149.17,120.32,0,'1501','住宅','0',0,'','admin','2020-06-07 20:16:02','',NULL),(934,53,67,125.69,101.38,0,'1502','住宅','0',0,'','admin','2020-06-07 20:16:02','',NULL),(935,53,67,88.49,71.37,0,'1503','住宅','0',0,'','admin','2020-06-07 20:16:02','',NULL),(936,53,67,125.69,101.38,0,'1504','住宅','0',0,'','admin','2020-06-07 20:16:02','',NULL),(937,53,67,149.17,120.32,0,'1505','住宅','0',0,'','admin','2020-06-07 20:16:02','',NULL),(938,53,67,149.17,120.32,0,'1601','住宅','0',0,'','admin','2020-06-07 20:16:02','',NULL),(939,53,67,125.69,101.38,0,'1602','住宅','0',0,'','admin','2020-06-07 20:16:02','',NULL),(940,53,67,88.49,71.37,0,'1603','住宅','0',0,'','admin','2020-06-07 20:16:02','',NULL),(941,53,67,125.69,101.38,0,'1604','住宅','0',0,'','admin','2020-06-07 20:16:02','',NULL),(942,53,67,149.17,120.32,0,'1605','住宅','0',0,'','admin','2020-06-07 20:16:02','',NULL),(943,53,67,149.17,120.32,0,'1701','住宅','0',0,'','admin','2020-06-07 20:16:02','',NULL),(944,53,67,125.69,101.38,0,'1702','住宅','0',0,'','admin','2020-06-07 20:16:02','',NULL),(945,53,67,88.49,71.37,0,'1703','住宅','0',0,'','admin','2020-06-07 20:16:02','',NULL),(946,53,67,125.69,101.38,0,'1704','住宅','0',0,'','admin','2020-06-07 20:16:02','',NULL),(947,53,67,149.17,120.32,0,'1705','住宅','0',0,'','admin','2020-06-07 20:16:02','',NULL),(948,53,67,149.17,120.32,0,'1801','住宅','0',0,'','admin','2020-06-07 20:16:02','',NULL),(949,53,67,125.69,101.38,0,'1802','住宅','0',0,'','admin','2020-06-07 20:16:02','',NULL),(950,53,67,88.49,71.37,0,'1803','住宅','0',0,'','admin','2020-06-07 20:16:02','',NULL),(951,53,67,125.69,101.38,0,'1804','住宅','0',0,'','admin','2020-06-07 20:16:02','',NULL),(952,53,67,149.17,120.32,0,'1805','住宅','0',0,'','admin','2020-06-07 20:16:02','',NULL),(953,53,67,149.17,120.32,0,'1901','住宅','0',0,'','admin','2020-06-07 20:16:02','',NULL),(954,53,67,125.69,101.38,0,'1902','住宅','0',0,'','admin','2020-06-07 20:16:02','',NULL),(955,53,67,88.49,71.37,0,'1903','住宅','0',0,'','admin','2020-06-07 20:16:02','',NULL),(956,53,67,125.69,101.38,0,'1904','住宅','0',0,'','admin','2020-06-07 20:16:02','',NULL),(957,53,67,149.17,120.32,0,'1905','住宅','0',0,'','admin','2020-06-07 20:16:02','',NULL),(958,53,67,149.17,120.32,0,'2001','住宅','0',0,'','admin','2020-06-07 20:16:02','',NULL),(959,53,67,125.69,101.38,0,'2002','住宅','0',0,'','admin','2020-06-07 20:16:02','',NULL),(960,53,67,88.49,71.37,0,'2003','住宅','0',0,'','admin','2020-06-07 20:16:02','',NULL),(961,53,67,125.69,101.38,0,'2004','住宅','0',0,'','admin','2020-06-07 20:16:02','',NULL),(962,53,67,149.17,120.32,0,'2005','住宅','0',0,'','admin','2020-06-07 20:16:02','',NULL),(963,53,67,149.17,120.32,0,'2101','住宅','0',0,'','admin','2020-06-07 20:16:02','',NULL),(964,53,67,125.69,101.38,0,'2102','住宅','0',0,'','admin','2020-06-07 20:16:02','',NULL),(965,53,67,88.49,71.37,0,'2103','住宅','0',0,'','admin','2020-06-07 20:16:02','',NULL),(966,53,67,125.69,101.38,0,'2104','住宅','0',0,'','admin','2020-06-07 20:16:02','',NULL),(967,53,67,149.17,120.32,0,'2105','住宅','0',0,'','admin','2020-06-07 20:16:02','',NULL),(968,53,67,149.17,120.32,0,'2201','住宅','0',0,'','admin','2020-06-07 20:16:02','',NULL),(969,53,67,125.69,101.38,0,'2202','住宅','0',0,'','admin','2020-06-07 20:16:02','',NULL),(970,53,67,88.49,71.37,0,'2203','住宅','0',0,'','admin','2020-06-07 20:16:02','',NULL),(971,53,67,125.69,101.38,0,'2204','住宅','0',0,'','admin','2020-06-07 20:16:02','',NULL),(972,53,67,149.17,120.32,0,'2205','住宅','0',0,'','admin','2020-06-07 20:16:02','',NULL),(973,53,67,149.17,120.32,0,'2301','住宅','0',0,'','admin','2020-06-07 20:16:02','',NULL),(974,53,67,125.69,101.38,0,'2302','住宅','0',0,'','admin','2020-06-07 20:16:02','',NULL),(975,53,67,88.49,71.37,0,'2303','住宅','0',0,'','admin','2020-06-07 20:16:02','',NULL),(976,53,67,125.69,101.38,0,'2304','住宅','0',0,'','admin','2020-06-07 20:16:02','',NULL),(977,53,67,149.17,120.32,0,'2305','住宅','0',0,'','admin','2020-06-07 20:16:02','',NULL),(978,53,67,149.17,120.32,0,'2401','住宅','0',0,'','admin','2020-06-07 20:16:02','',NULL),(979,53,67,125.69,101.38,0,'2402','住宅','0',0,'','admin','2020-06-07 20:16:02','',NULL),(980,53,67,88.49,71.37,0,'2403','住宅','0',0,'','admin','2020-06-07 20:16:02','',NULL),(981,53,67,125.69,101.38,0,'2404','住宅','0',0,'','admin','2020-06-07 20:16:02','',NULL),(982,53,67,149.17,120.32,0,'2405','住宅','0',0,'','admin','2020-06-07 20:16:02','',NULL),(983,53,67,149.17,120.32,0,'2501','住宅','0',0,'','admin','2020-06-07 20:16:02','',NULL),(984,53,67,125.69,101.38,0,'2502','住宅','0',0,'','admin','2020-06-07 20:16:02','',NULL),(985,53,67,88.49,71.37,0,'2503','住宅','0',0,'','admin','2020-06-07 20:16:02','',NULL),(986,53,67,125.69,101.38,0,'2504','住宅','0',0,'','admin','2020-06-07 20:16:02','',NULL),(987,53,67,149.17,120.32,0,'2505','住宅','0',0,'','admin','2020-06-07 20:16:02','',NULL),(988,51,58,0,0,0,'101','公寓','11',0,'','admin','2020-06-07 22:14:51','',NULL),(1020,55,75,NULL,NULL,NULL,'102','商住','',NULL,NULL,'admin','2020-06-08 16:52:04','admin','2020-06-08 17:09:37'),(1021,55,75,NULL,NULL,NULL,'103','商住','',NULL,NULL,'admin','2020-06-08 16:52:05','admin','2020-06-08 17:09:37'),(1022,55,75,NULL,NULL,NULL,'104','商住','',NULL,NULL,'admin','2020-06-08 16:52:06','admin','2020-06-08 17:09:37'),(1023,55,75,NULL,NULL,NULL,'105','商住','',NULL,NULL,'admin','2020-06-08 16:52:06','admin','2020-06-08 17:09:37'),(1024,55,75,NULL,NULL,NULL,'106','商住','',NULL,NULL,'admin','2020-06-08 16:52:06','admin','2020-06-08 17:09:37'),(1025,55,75,NULL,NULL,NULL,'101','商住','',NULL,NULL,'admin','2020-06-08 16:55:32','admin','2020-06-08 17:09:37');

/*Table structure for table `sys_house_unit` */

DROP TABLE IF EXISTS `sys_house_unit`;

CREATE TABLE `sys_house_unit` (
  `house_unit_id` bigint(20) NOT NULL AUTO_INCREMENT COMMENT 'id',
  `unit_code` varchar(30) NOT NULL COMMENT '单元编号',
  `building_Id` varchar(30) NOT NULL COMMENT '所在楼盘ID',
  `house_unit_name` varchar(30) NOT NULL COMMENT '单元名称',
  `create_by` varchar(64) DEFAULT '' COMMENT '创建者',
  `create_time` datetime DEFAULT NULL COMMENT '创建时间',
  `update_by` varchar(64) DEFAULT '' COMMENT '更新者',
  `update_time` datetime DEFAULT NULL COMMENT '更新时间',
  PRIMARY KEY (`house_unit_id`)
) ENGINE=InnoDB AUTO_INCREMENT=77 DEFAULT CHARSET=utf8 COMMENT='楼盘单元楼号中间表';

/*Data for the table `sys_house_unit` */

insert  into `sys_house_unit`(`house_unit_id`,`unit_code`,`building_Id`,`house_unit_name`,`create_by`,`create_time`,`update_by`,`update_time`) values (22,'BU202005212198555490412931','54','3栋-1单元','admin','2020-05-21 21:17:23','','2020-05-26 16:12:49'),(23,'BU202005212196500489284866','54','3栋2单元','admin','2020-05-21 21:18:19','','2020-05-26 16:12:52'),(24,'BU202005212193674527689173','54','1栋1单元','admin','2020-05-21 21:18:31','','2020-05-26 16:12:57'),(58,'BU202005261692494864600708','51','1栋1单元','admin','2020-05-26 16:54:59','admin','2020-05-26 16:55:38'),(59,'BU202005261696196740364686','51','1栋2单元','admin','2020-05-26 16:54:59','admin','2020-05-26 16:55:38'),(66,'BU202005261695436273935989','53','1号楼1单元','admin','2020-05-26 16:54:59','admin','2020-06-07 19:35:20'),(67,'BU202005261692190654787068','53','2号楼','admin','2020-05-26 16:54:59','admin','2020-06-07 19:31:42'),(74,'BU202006011692926314937628','55','29栋4单元','admin','2020-06-01 16:04:49','','2020-06-01 16:05:28'),(75,'BU202006011694573306256985','55','29栋5单元','admin','2020-06-01 16:04:58','','2020-06-01 16:05:35'),(76,'BU202006071993058429476999','53','1号楼2单元','admin','2020-06-07 19:35:41','',NULL);

/*Table structure for table `sys_job` */

DROP TABLE IF EXISTS `sys_job`;

CREATE TABLE `sys_job` (
  `job_id` bigint(20) NOT NULL AUTO_INCREMENT COMMENT '任务ID',
  `job_name` varchar(64) NOT NULL DEFAULT '' COMMENT '任务名称',
  `job_group` varchar(64) NOT NULL DEFAULT 'DEFAULT' COMMENT '任务组名',
  `invoke_target` varchar(500) NOT NULL COMMENT '调用目标字符串',
  `cron_expression` varchar(255) DEFAULT '' COMMENT 'cron执行表达式',
  `misfire_policy` varchar(20) DEFAULT '3' COMMENT '计划执行错误策略（1立即执行 2执行一次 3放弃执行）',
  `concurrent` char(1) DEFAULT '1' COMMENT '是否并发执行（0允许 1禁止）',
  `status` char(1) DEFAULT '0' COMMENT '状态（0正常 1暂停）',
  `create_by` varchar(64) DEFAULT '' COMMENT '创建者',
  `create_time` datetime DEFAULT NULL COMMENT '创建时间',
  `update_by` varchar(64) DEFAULT '' COMMENT '更新者',
  `update_time` datetime DEFAULT NULL COMMENT '更新时间',
  `remark` varchar(500) DEFAULT '' COMMENT '备注信息',
  PRIMARY KEY (`job_id`,`job_name`,`job_group`)
) ENGINE=InnoDB AUTO_INCREMENT=4 DEFAULT CHARSET=utf8 COMMENT='定时任务调度表';

/*Data for the table `sys_job` */

insert  into `sys_job`(`job_id`,`job_name`,`job_group`,`invoke_target`,`cron_expression`,`misfire_policy`,`concurrent`,`status`,`create_by`,`create_time`,`update_by`,`update_time`,`remark`) values (1,'系统默认（无参）','DEFAULT','ryTask.ryNoParams','0/10 * * * * ?','3','1','1','admin','2018-03-16 11:33:00','ry','2018-03-16 11:33:00',''),(2,'系统默认（有参）','DEFAULT','ryTask.ryParams(\'ry\')','0/15 * * * * ?','3','1','1','admin','2018-03-16 11:33:00','ry','2018-03-16 11:33:00',''),(3,'系统默认（多参）','DEFAULT','ryTask.ryMultipleParams(\'ry\', true, 2000L, 316.50D, 100)','0/20 * * * * ?','3','1','1','admin','2018-03-16 11:33:00','ry','2018-03-16 11:33:00','');

/*Table structure for table `sys_job_log` */

DROP TABLE IF EXISTS `sys_job_log`;

CREATE TABLE `sys_job_log` (
  `job_log_id` bigint(20) NOT NULL AUTO_INCREMENT COMMENT '任务日志ID',
  `job_name` varchar(64) NOT NULL COMMENT '任务名称',
  `job_group` varchar(64) NOT NULL COMMENT '任务组名',
  `invoke_target` varchar(500) NOT NULL COMMENT '调用目标字符串',
  `job_message` varchar(500) DEFAULT NULL COMMENT '日志信息',
  `status` char(1) DEFAULT '0' COMMENT '执行状态（0正常 1失败）',
  `exception_info` varchar(2000) DEFAULT '' COMMENT '异常信息',
  `create_time` datetime DEFAULT NULL COMMENT '创建时间',
  PRIMARY KEY (`job_log_id`)
) ENGINE=InnoDB DEFAULT CHARSET=utf8 COMMENT='定时任务调度日志表';

/*Data for the table `sys_job_log` */

/*Table structure for table `sys_logininfor` */

DROP TABLE IF EXISTS `sys_logininfor`;

CREATE TABLE `sys_logininfor` (
  `info_id` bigint(20) NOT NULL AUTO_INCREMENT COMMENT '访问ID',
  `login_name` varchar(50) DEFAULT '' COMMENT '登录账号',
  `ipaddr` varchar(50) DEFAULT '' COMMENT '登录IP地址',
  `login_location` varchar(255) DEFAULT '' COMMENT '登录地点',
  `browser` varchar(50) DEFAULT '' COMMENT '浏览器类型',
  `os` varchar(50) DEFAULT '' COMMENT '操作系统',
  `status` char(1) DEFAULT '0' COMMENT '登录状态（0成功 1失败）',
  `msg` varchar(255) DEFAULT '' COMMENT '提示消息',
  `login_time` datetime DEFAULT NULL COMMENT '访问时间',
  PRIMARY KEY (`info_id`)
) ENGINE=InnoDB AUTO_INCREMENT=699 DEFAULT CHARSET=utf8 COMMENT='系统访问记录';

/*Data for the table `sys_logininfor` */

insert  into `sys_logininfor`(`info_id`,`login_name`,`ipaddr`,`login_location`,`browser`,`os`,`status`,`msg`,`login_time`) values (100,'admin','127.0.0.1','内网IP','Chrome 8','Windows 10','0','登录成功','2020-02-24 21:08:59'),(101,'admin','127.0.0.1','内网IP','Chrome 8','Windows 10','0','登录成功','2020-02-25 20:56:36'),(102,'admin','127.0.0.1','内网IP','Chrome 8','Windows 10','0','登录成功','2020-02-25 21:31:33'),(103,'admin','127.0.0.1','内网IP','Chrome 8','Windows 10','1','验证码错误','2020-02-25 21:40:02'),(104,'admin','127.0.0.1','内网IP','Chrome 8','Windows 10','0','登录成功','2020-02-25 21:40:05'),(105,'admin','127.0.0.1','内网IP','Chrome 8','Windows 10','0','登录成功','2020-02-25 21:45:47'),(106,'admin','127.0.0.1','内网IP','Chrome 8','Windows 10','1','验证码错误','2020-02-25 22:03:12'),(107,'admin','127.0.0.1','内网IP','Chrome 8','Windows 10','0','登录成功','2020-02-25 22:03:16'),(108,'admin','127.0.0.1','内网IP','Chrome 8','Windows 10','0','登录成功','2020-02-25 22:05:48'),(109,'admin','127.0.0.1','内网IP','Chrome 8','Windows 10','0','登录成功','2020-02-25 23:35:01'),(110,'admin','127.0.0.1','内网IP','Internet Explorer 11','Windows 10','0','登录成功','2020-02-25 23:35:27'),(111,'admin','127.0.0.1','内网IP','Chrome 8','Windows 10','0','登录成功','2020-02-26 19:53:17'),(112,'admin','127.0.0.1','内网IP','Chrome 8','Windows 10','0','登录成功','2020-02-27 19:34:13'),(113,'admin','127.0.0.1','内网IP','Chrome 8','Windows 10','1','验证码错误','2020-02-27 20:17:30'),(114,'admin','127.0.0.1','内网IP','Chrome 8','Windows 10','0','登录成功','2020-02-27 20:17:35'),(115,'admin','127.0.0.1','内网IP','Chrome 8','Windows 10','0','登录成功','2020-02-27 21:15:10'),(116,'admin','127.0.0.1','内网IP','Chrome 8','Windows 10','0','登录成功','2020-02-28 20:31:57'),(117,'admin','127.0.0.1','内网IP','Chrome 8','Windows 10','0','退出成功','2020-02-28 21:06:42'),(118,'admin','127.0.0.1','内网IP','Chrome 8','Windows 10','0','登录成功','2020-02-28 21:06:45'),(119,'admin','127.0.0.1','内网IP','Chrome 8','Windows 10','0','退出成功','2020-02-28 21:32:41'),(120,'chengxy','127.0.0.1','内网IP','Chrome 8','Windows 10','0','登录成功','2020-02-28 21:32:53'),(121,'chengxy','127.0.0.1','内网IP','Chrome 8','Windows 10','0','退出成功','2020-02-28 21:47:59'),(122,'axianlu','127.0.0.1','内网IP','Chrome 8','Windows 10','0','登录成功','2020-02-28 21:48:13'),(123,'axianlu','127.0.0.1','内网IP','Chrome 8','Windows 10','0','退出成功','2020-02-28 21:50:27'),(124,'admin','127.0.0.1','内网IP','Chrome 8','Windows 10','0','登录成功','2020-02-28 21:50:32'),(125,'admin','127.0.0.1','内网IP','Chrome 8','Windows 10','0','退出成功','2020-02-28 21:51:58'),(126,'axianlu','127.0.0.1','内网IP','Chrome 8','Windows 10','0','登录成功','2020-02-28 21:52:05'),(127,'axianlu','127.0.0.1','内网IP','Chrome 8','Windows 10','0','退出成功','2020-02-28 22:28:12'),(128,'chengxy','127.0.0.1','内网IP','Chrome 8','Windows 10','0','登录成功','2020-02-28 22:28:25'),(129,'chengxy','127.0.0.1','内网IP','Chrome 8','Windows 10','0','退出成功','2020-02-28 22:34:47'),(130,'rensm','127.0.0.1','内网IP','Chrome 8','Windows 10','1','验证码错误','2020-02-28 22:34:54'),(131,'rensm','127.0.0.1','内网IP','Chrome 8','Windows 10','0','登录成功','2020-02-28 22:34:58'),(132,'admin','127.0.0.1','内网IP','Chrome 8','Windows 10','0','登录成功','2020-02-29 19:24:41'),(133,'admin','127.0.0.1','内网IP','Chrome 8','Windows 10','0','退出成功','2020-02-29 20:02:25'),(134,'rensm','127.0.0.1','内网IP','Chrome 8','Windows 10','0','登录成功','2020-02-29 20:02:33'),(135,'rensm','127.0.0.1','内网IP','Chrome 8','Windows 10','0','退出成功','2020-02-29 20:04:24'),(136,'chengxy','127.0.0.1','内网IP','Chrome 8','Windows 10','0','登录成功','2020-02-29 20:04:35'),(137,'chengxy','127.0.0.1','内网IP','Chrome 8','Windows 10','0','退出成功','2020-02-29 20:09:21'),(138,'admin','127.0.0.1','内网IP','Chrome 8','Windows 10','0','登录成功','2020-02-29 20:09:26'),(139,'admin','127.0.0.1','内网IP','Chrome 8','Windows 10','0','退出成功','2020-02-29 20:12:05'),(140,'chengxy','127.0.0.1','内网IP','Chrome 8','Windows 10','0','登录成功','2020-02-29 20:12:14'),(141,'chengxy','127.0.0.1','内网IP','Chrome 8','Windows 10','0','退出成功','2020-02-29 20:17:08'),(142,'admin','127.0.0.1','内网IP','Chrome 8','Windows 10','0','登录成功','2020-02-29 20:17:12'),(143,'admin','127.0.0.1','内网IP','Chrome 8','Windows 10','0','退出成功','2020-02-29 20:20:18'),(144,'admin','127.0.0.1','内网IP','Chrome 8','Windows 10','0','登录成功','2020-02-29 20:20:21'),(145,'admin','127.0.0.1','内网IP','Chrome 8','Windows 10','0','退出成功','2020-02-29 20:22:40'),(146,'admin','127.0.0.1','内网IP','Chrome 8','Windows 10','0','登录成功','2020-02-29 20:23:06'),(147,'admin','127.0.0.1','内网IP','Chrome 8','Windows 10','0','退出成功','2020-02-29 20:24:12'),(148,'chengxy','127.0.0.1','内网IP','Chrome 8','Windows 10','0','登录成功','2020-02-29 20:24:21'),(149,'chengxy','127.0.0.1','内网IP','Chrome 8','Windows 10','0','退出成功','2020-02-29 20:24:56'),(150,'axianlu','127.0.0.1','内网IP','Chrome 8','Windows 10','0','登录成功','2020-02-29 20:25:07'),(151,'axianlu','127.0.0.1','内网IP','Chrome 8','Windows 10','0','退出成功','2020-02-29 20:25:31'),(152,'chengxy','127.0.0.1','内网IP','Chrome 8','Windows 10','0','登录成功','2020-02-29 20:25:39'),(153,'chengxy','127.0.0.1','内网IP','Chrome 8','Windows 10','0','退出成功','2020-02-29 20:26:13'),(154,'axianlu','127.0.0.1','内网IP','Chrome 8','Windows 10','0','登录成功','2020-02-29 20:26:23'),(155,'axianlu','127.0.0.1','内网IP','Chrome 8','Windows 10','0','退出成功','2020-02-29 20:26:39'),(156,'rensm','127.0.0.1','内网IP','Chrome 8','Windows 10','0','登录成功','2020-02-29 20:26:48'),(157,'rensm','127.0.0.1','内网IP','Chrome 8','Windows 10','0','退出成功','2020-02-29 20:27:12'),(158,'admin','127.0.0.1','内网IP','Chrome 8','Windows 10','0','登录成功','2020-02-29 20:27:16'),(159,'admin','127.0.0.1','内网IP','Chrome 8','Windows 10','0','退出成功','2020-02-29 20:27:19'),(160,'rensm','127.0.0.1','内网IP','Chrome 8','Windows 10','1','验证码错误','2020-02-29 20:27:24'),(161,'rensm','127.0.0.1','内网IP','Chrome 8','Windows 10','0','登录成功','2020-02-29 20:27:30'),(162,'rensm','127.0.0.1','内网IP','Chrome 8','Windows 10','0','退出成功','2020-02-29 20:27:48'),(163,'chengxy','127.0.0.1','内网IP','Chrome 8','Windows 10','0','登录成功','2020-02-29 20:27:57'),(164,'axianlu','127.0.0.1','内网IP','Internet Explorer 11','Windows 10','0','登录成功','2020-02-29 20:34:08'),(165,'axianlu','127.0.0.1','内网IP','Internet Explorer 11','Windows 10','0','退出成功','2020-02-29 20:34:29'),(166,'rensm','127.0.0.1','内网IP','Internet Explorer 11','Windows 10','0','登录成功','2020-02-29 20:34:41'),(167,'admin','127.0.0.1','内网IP','Chrome 8','Windows 10','1','验证码错误','2020-03-19 08:28:13'),(168,'admin','127.0.0.1','内网IP','Chrome 8','Windows 10','0','登录成功','2020-03-19 08:28:19'),(169,'admin','127.0.0.1','内网IP','Chrome 8','Windows 10','0','退出成功','2020-03-19 08:28:47'),(170,'admin','127.0.0.1','内网IP','Chrome 8','Windows 10','0','登录成功','2020-03-19 08:28:53'),(171,'admin','127.0.0.1','内网IP','Chrome 8','Windows 10','0','退出成功','2020-03-19 08:28:56'),(172,'chengxy','127.0.0.1','内网IP','Chrome 8','Windows 10','0','登录成功','2020-03-19 08:29:08'),(173,'chengxy','127.0.0.1','内网IP','Chrome 8','Windows 10','0','退出成功','2020-03-19 08:39:04'),(174,'axianlu','127.0.0.1','内网IP','Chrome 8','Windows 10','0','登录成功','2020-03-19 08:39:18'),(175,'chengxy','127.0.0.1','内网IP','Chrome 8','Windows 10','0','登录成功','2020-03-19 22:20:33'),(176,'admin','127.0.0.1','内网IP','Microsoft Edge','Windows 10','0','登录成功','2020-03-19 22:24:11'),(177,'admin','127.0.0.1','内网IP','Chrome 8','Windows 10','0','登录成功','2020-03-20 10:08:45'),(178,'admin','127.0.0.1','内网IP','Chrome 8','Windows 10','0','登录成功','2020-03-20 21:28:23'),(179,'admin','127.0.0.1','内网IP','Chrome 8','Windows 10','0','登录成功','2020-03-21 15:35:26'),(180,'admin','127.0.0.1','内网IP','Chrome 8','Windows 10','0','退出成功','2020-03-21 17:10:45'),(181,'admin','127.0.0.1','内网IP','Chrome 8','Windows 10','0','登录成功','2020-03-21 17:13:33'),(182,'admin','127.0.0.1','内网IP','Chrome 8','Windows 10','0','登录成功','2020-03-21 19:08:22'),(183,'admin','127.0.0.1','内网IP','Chrome 8','Windows 10','0','退出成功','2020-03-21 19:35:54'),(184,'chengxy','127.0.0.1','内网IP','Chrome 8','Windows 10','0','登录成功','2020-03-21 19:36:07'),(185,'chengxy','127.0.0.1','内网IP','Chrome 8','Windows 10','0','退出成功','2020-03-21 19:37:20'),(186,'axianlu','127.0.0.1','内网IP','Chrome 8','Windows 10','0','登录成功','2020-03-21 19:37:27'),(187,'admin','127.0.0.1','内网IP','Chrome 8','Windows 10','0','登录成功','2020-03-21 19:50:35'),(188,'admin','127.0.0.1','内网IP','Chrome 8','Windows 10','0','登录成功','2020-03-21 22:58:38'),(189,'admin','127.0.0.1','内网IP','Chrome 8','Windows 10','0','退出成功','2020-03-21 23:05:33'),(190,'chengxy','127.0.0.1','内网IP','Chrome 8','Windows 10','1','验证码错误','2020-03-21 23:05:38'),(191,'chengxy','127.0.0.1','内网IP','Chrome 8','Windows 10','0','登录成功','2020-03-21 23:05:42'),(192,'admin','127.0.0.1','内网IP','Chrome 8','Windows 10','0','登录成功','2020-03-21 23:10:26'),(193,'chengxy','127.0.0.1','内网IP','Chrome 8','Windows 10','0','退出成功','2020-03-21 23:24:30'),(194,'chengxy','127.0.0.1','内网IP','Chrome 8','Windows 10','1','验证码错误','2020-03-21 23:24:36'),(195,'chengxy','127.0.0.1','内网IP','Chrome 8','Windows 10','0','登录成功','2020-03-21 23:24:39'),(196,'chengxy','127.0.0.1','内网IP','Chrome 8','Windows 10','0','退出成功','2020-03-21 23:24:53'),(197,'axianlu','127.0.0.1','内网IP','Chrome 8','Windows 10','0','登录成功','2020-03-21 23:25:03'),(198,'axianlu','127.0.0.1','内网IP','Chrome 8','Windows 10','0','退出成功','2020-03-22 00:05:58'),(199,'rensm','127.0.0.1','内网IP','Chrome 8','Windows 10','0','登录成功','2020-03-22 00:06:07'),(200,'rensm','127.0.0.1','内网IP','Chrome 8','Windows 10','0','退出成功','2020-03-22 01:17:36'),(201,'chengxy','127.0.0.1','内网IP','Chrome 8','Windows 10','1','验证码错误','2020-03-22 01:17:45'),(202,'chengxy','127.0.0.1','内网IP','Chrome 8','Windows 10','0','登录成功','2020-03-22 01:17:47'),(203,'chengxy','127.0.0.1','内网IP','Chrome 8','Windows 10','0','退出成功','2020-03-22 01:32:28'),(204,'axianlu','127.0.0.1','内网IP','Chrome 8','Windows 10','1','验证码错误','2020-03-22 01:32:36'),(205,'axianlu','127.0.0.1','内网IP','Chrome 8','Windows 10','0','登录成功','2020-03-22 01:32:40'),(206,'axianlu','127.0.0.1','内网IP','Chrome 8','Windows 10','0','退出成功','2020-03-22 01:48:56'),(207,'rensm','127.0.0.1','内网IP','Chrome 8','Windows 10','0','登录成功','2020-03-22 01:49:05'),(208,'rensm','127.0.0.1','内网IP','Chrome 8','Windows 10','0','登录成功','2020-03-22 01:54:23'),(209,'rensm','127.0.0.1','内网IP','Chrome 8','Windows 10','0','退出成功','2020-03-22 02:10:29'),(210,'admin','127.0.0.1','内网IP','Chrome 8','Windows 10','0','登录成功','2020-03-22 02:10:34'),(211,'admin','127.0.0.1','内网IP','Chrome 8','Windows 10','0','退出成功','2020-03-22 02:11:12'),(212,'rensm','127.0.0.1','内网IP','Chrome 8','Windows 10','1','验证码错误','2020-03-22 02:11:22'),(213,'rensm','127.0.0.1','内网IP','Chrome 8','Windows 10','0','登录成功','2020-03-22 02:11:25'),(214,'admin','127.0.0.1','内网IP','Chrome 8','Windows 10','0','登录成功','2020-03-22 02:20:20'),(215,'admin','127.0.0.1','内网IP','Chrome 8','Windows 10','0','登录成功','2020-03-23 19:00:05'),(216,'admin','127.0.0.1','内网IP','Chrome 8','Windows 10','0','退出成功','2020-03-23 19:05:40'),(217,'rensm','127.0.0.1','内网IP','Chrome 8','Windows 10','0','登录成功','2020-03-23 19:05:46'),(218,'rensm','127.0.0.1','内网IP','Chrome 8','Windows 10','0','退出成功','2020-03-23 19:49:50'),(219,'admin','127.0.0.1','内网IP','Chrome 8','Windows 10','0','登录成功','2020-03-23 19:49:54'),(220,'admin','127.0.0.1','内网IP','Chrome 8','Windows 10','0','退出成功','2020-03-23 20:01:33'),(221,'admin','127.0.0.1','内网IP','Chrome 8','Windows 10','0','登录成功','2020-03-23 20:01:37'),(222,'admin','127.0.0.1','内网IP','Chrome 8','Windows 10','0','退出成功','2020-03-23 20:01:47'),(223,'chengxy','127.0.0.1','内网IP','Chrome 8','Windows 10','0','登录成功','2020-03-23 20:01:55'),(224,'chengxy','127.0.0.1','内网IP','Chrome 8','Windows 10','0','退出成功','2020-03-23 20:02:24'),(225,'axianlu','127.0.0.1','内网IP','Chrome 8','Windows 10','1','验证码错误','2020-03-23 20:02:29'),(226,'axianlu','127.0.0.1','内网IP','Chrome 8','Windows 10','0','登录成功','2020-03-23 20:02:33'),(227,'axianlu','127.0.0.1','内网IP','Chrome 8','Windows 10','0','退出成功','2020-03-23 20:03:01'),(228,'rensm','127.0.0.1','内网IP','Chrome 8','Windows 10','0','登录成功','2020-03-23 20:03:11'),(229,'rensm','127.0.0.1','内网IP','Chrome 8','Windows 10','0','退出成功','2020-03-23 20:03:28'),(230,'admin','127.0.0.1','内网IP','Chrome 8','Windows 10','0','登录成功','2020-03-23 20:03:31'),(231,'admin','127.0.0.1','内网IP','Chrome 8','Windows 10','0','退出成功','2020-03-23 20:05:30'),(232,'chengxy','127.0.0.1','内网IP','Chrome 8','Windows 10','0','登录成功','2020-03-23 20:05:39'),(233,'chengxy','127.0.0.1','内网IP','Chrome 8','Windows 10','0','退出成功','2020-03-23 20:05:51'),(234,'axianlu','127.0.0.1','内网IP','Chrome 8','Windows 10','0','登录成功','2020-03-23 20:06:04'),(235,'axianlu','127.0.0.1','内网IP','Chrome 8','Windows 10','0','退出成功','2020-03-23 20:06:25'),(236,'rensm','127.0.0.1','内网IP','Chrome 8','Windows 10','1','密码输入错误1次','2020-03-23 20:06:32'),(237,'rensm','127.0.0.1','内网IP','Chrome 8','Windows 10','0','登录成功','2020-03-23 20:06:39'),(238,'rensm','127.0.0.1','内网IP','Chrome 8','Windows 10','0','退出成功','2020-03-23 20:07:17'),(239,'admin','127.0.0.1','内网IP','Chrome 8','Windows 10','0','登录成功','2020-03-23 20:07:22'),(240,'admin','127.0.0.1','内网IP','Chrome 8','Windows 10','0','退出成功','2020-03-23 20:07:24'),(241,'admin','127.0.0.1','内网IP','Chrome 8','Windows 10','0','登录成功','2020-03-23 20:07:28'),(242,'admin','127.0.0.1','内网IP','Chrome 8','Windows 10','0','退出成功','2020-03-23 20:08:00'),(243,'chengxy','127.0.0.1','内网IP','Chrome 8','Windows 10','0','登录成功','2020-03-23 20:08:20'),(244,'chengxy','127.0.0.1','内网IP','Chrome 8','Windows 10','0','退出成功','2020-03-23 20:19:53'),(245,'axianlu','127.0.0.1','内网IP','Chrome 8','Windows 10','1','验证码错误','2020-03-23 20:20:02'),(246,'axianlu','127.0.0.1','内网IP','Chrome 8','Windows 10','0','登录成功','2020-03-23 20:20:07'),(247,'axianlu','127.0.0.1','内网IP','Chrome 8','Windows 10','0','退出成功','2020-03-23 20:21:36'),(248,'chengxy','127.0.0.1','内网IP','Chrome 8','Windows 10','0','登录成功','2020-03-23 20:21:46'),(249,'axianlu','127.0.0.1','内网IP','Chrome 8','Windows 10','1','验证码错误','2020-03-23 20:22:18'),(250,'axianlu','127.0.0.1','内网IP','Chrome 8','Windows 10','0','登录成功','2020-03-23 20:22:21'),(251,'chengxy','127.0.0.1','内网IP','Chrome 8','Windows 10','0','退出成功','2020-03-23 20:23:28'),(252,'rensm','127.0.0.1','内网IP','Chrome 8','Windows 10','0','登录成功','2020-03-23 20:23:37'),(253,'rensm','127.0.0.1','内网IP','Chrome 8','Windows 10','0','退出成功','2020-03-23 20:23:45'),(254,'axianlu','127.0.0.1','内网IP','Chrome 8','Windows 10','0','登录成功','2020-03-23 20:23:52'),(255,'axianlu','127.0.0.1','内网IP','Chrome 8','Windows 10','0','退出成功','2020-03-23 21:17:17'),(256,'admin','127.0.0.1','内网IP','Chrome 8','Windows 10','0','登录成功','2020-03-23 21:17:21'),(257,'admin','127.0.0.1','内网IP','Chrome 8','Windows 10','0','退出成功','2020-03-23 21:19:08'),(258,'admin','127.0.0.1','内网IP','Chrome 8','Windows 10','0','登录成功','2020-03-24 19:05:46'),(259,'admin','127.0.0.1','内网IP','Chrome 8','Windows 10','0','退出成功','2020-03-24 19:09:06'),(260,'axianlu','127.0.0.1','内网IP','Chrome 8','Windows 10','0','登录成功','2020-03-24 19:09:15'),(261,'admin','127.0.0.1','内网IP','Chrome 8','Windows 10','0','登录成功','2020-03-24 19:47:04'),(262,'admin','127.0.0.1','内网IP','Chrome 8','Windows 10','0','退出成功','2020-03-24 19:48:00'),(263,'chengxy','127.0.0.1','内网IP','Chrome 8','Windows 10','0','登录成功','2020-03-24 19:48:20'),(264,'admin','127.0.0.1','内网IP','Chrome 8','Windows 10','0','登录成功','2020-03-24 19:56:04'),(265,'admin','127.0.0.1','内网IP','Chrome 8','Windows 10','0','退出成功','2020-03-24 20:03:12'),(266,'axianlu','127.0.0.1','内网IP','Chrome 8','Windows 10','0','登录成功','2020-03-24 20:03:20'),(267,'axianlu','127.0.0.1','内网IP','Chrome 8','Windows 10','0','退出成功','2020-03-24 20:03:35'),(268,'rensm','127.0.0.1','内网IP','Chrome 8','Windows 10','0','登录成功','2020-03-24 20:03:43'),(269,'rensm','127.0.0.1','内网IP','Chrome 8','Windows 10','0','退出成功','2020-03-24 20:07:28'),(270,'axianlu','127.0.0.1','内网IP','Chrome 8','Windows 10','0','登录成功','2020-03-24 20:07:37'),(271,'axianlu','127.0.0.1','内网IP','Chrome 8','Windows 10','0','退出成功','2020-03-24 20:25:29'),(272,'rensm','127.0.0.1','内网IP','Chrome 8','Windows 10','1','验证码错误','2020-03-24 20:25:38'),(273,'rensm','127.0.0.1','内网IP','Chrome 8','Windows 10','0','登录成功','2020-03-24 20:25:41'),(274,'chengxy','127.0.0.1','内网IP','Chrome 8','Windows 10','0','退出成功','2020-03-24 21:06:26'),(275,'admin','127.0.0.1','内网IP','Chrome 8','Windows 10','0','登录成功','2020-03-24 21:06:35'),(276,'admin','127.0.0.1','内网IP','Chrome 8','Windows 10','0','退出成功','2020-03-24 21:10:47'),(277,'chengxy','127.0.0.1','内网IP','Chrome 8','Windows 10','0','登录成功','2020-03-24 21:10:59'),(278,'rensm','127.0.0.1','内网IP','Chrome 8','Windows 10','0','退出成功','2020-03-24 21:11:18'),(279,'axianlu','127.0.0.1','内网IP','Chrome 8','Windows 10','0','登录成功','2020-03-24 21:11:27'),(280,'admin','127.0.0.1','内网IP','Chrome 8','Windows 10','0','登录成功','2020-03-25 19:32:11'),(281,'admin','127.0.0.1','内网IP','Chrome 8','Windows 10','0','退出成功','2020-03-25 19:35:52'),(282,'chengxy','127.0.0.1','内网IP','Chrome 8','Windows 10','0','登录成功','2020-03-25 19:36:02'),(283,'chengxy','127.0.0.1','内网IP','Chrome 8','Windows 10','0','退出成功','2020-03-25 19:37:19'),(284,'admin','127.0.0.1','内网IP','Chrome 8','Windows 10','0','登录成功','2020-03-25 19:37:23'),(285,'admin','127.0.0.1','内网IP','Chrome 8','Windows 10','0','退出成功','2020-03-25 20:23:23'),(286,'chengxy','127.0.0.1','内网IP','Chrome 8','Windows 10','0','登录成功','2020-03-25 20:23:31'),(287,'chengxy','127.0.0.1','内网IP','Chrome 8','Windows 10','0','退出成功','2020-03-25 20:23:38'),(288,'admin','127.0.0.1','内网IP','Chrome 8','Windows 10','0','登录成功','2020-03-25 20:23:41'),(289,'admin','127.0.0.1','内网IP','Chrome 8','Windows 10','0','退出成功','2020-03-25 20:23:55'),(290,'chengxy','127.0.0.1','内网IP','Chrome 8','Windows 10','0','登录成功','2020-03-25 20:24:02'),(291,'axianlu','127.0.0.1','内网IP','Chrome 8','Windows 10','0','登录成功','2020-03-25 20:24:39'),(292,'axianlu','127.0.0.1','内网IP','Chrome 8','Windows 10','0','退出成功','2020-03-25 20:33:43'),(293,'chengxy','127.0.0.1','内网IP','Chrome 8','Windows 10','0','退出成功','2020-03-25 20:34:06'),(294,'axianlu','127.0.0.1','内网IP','Chrome 8','Windows 10','0','登录成功','2020-03-25 20:34:17'),(295,'admin','127.0.0.1','内网IP','Chrome 8','Windows 10','0','登录成功','2020-03-26 09:43:07'),(296,'axianlu','127.0.0.1','内网IP','Safari 5','Windows 8','0','登录成功','2020-03-26 09:44:20'),(297,'axianlu','127.0.0.1','内网IP','Internet Explorer 11','Windows 10','0','登录成功','2020-03-26 09:46:11'),(298,'admin','127.0.0.1','内网IP','Chrome 8','Windows 10','0','退出成功','2020-03-26 09:53:06'),(299,'axianlu','127.0.0.1','内网IP','Chrome 8','Windows 10','0','登录成功','2020-03-26 09:53:16'),(300,'axianlu','127.0.0.1','内网IP','Chrome 8','Windows 10','0','退出成功','2020-03-26 09:56:41'),(301,'admin','127.0.0.1','内网IP','Chrome 8','Windows 10','0','登录成功','2020-03-26 09:56:45'),(302,'admin','127.0.0.1','内网IP','Chrome 8','Windows 10','0','登录成功','2020-03-26 10:42:16'),(303,'admin','127.0.0.1','内网IP','Chrome 8','Windows 10','0','登录成功','2020-03-26 19:52:12'),(304,'admin','127.0.0.1','内网IP','Chrome 8','Windows 10','0','退出成功','2020-03-26 19:56:16'),(305,'chengxy','127.0.0.1','内网IP','Chrome 8','Windows 10','0','登录成功','2020-03-26 19:56:24'),(306,'chengxy','127.0.0.1','内网IP','Chrome 8','Windows 10','0','退出成功','2020-03-26 19:56:50'),(307,'axianlu','127.0.0.1','内网IP','Chrome 8','Windows 10','0','登录成功','2020-03-26 19:56:57'),(308,'axianlu','127.0.0.1','内网IP','Chrome 8','Windows 10','0','退出成功','2020-03-26 19:57:27'),(309,'rensm','127.0.0.1','内网IP','Chrome 8','Windows 10','0','登录成功','2020-03-26 19:57:37'),(310,'rensm','127.0.0.1','内网IP','Chrome 8','Windows 10','0','退出成功','2020-03-26 20:22:39'),(311,'admin','127.0.0.1','内网IP','Chrome 8','Windows 10','0','登录成功','2020-03-26 20:22:44'),(312,'axianlu','127.0.0.1','内网IP','Chrome 8','Windows 10','0','登录成功','2020-03-26 20:28:30'),(313,'axianlu','127.0.0.1','内网IP','Chrome 8','Windows 10','0','退出成功','2020-03-26 20:32:59'),(314,'rensm','127.0.0.1','内网IP','Chrome 8','Windows 10','0','登录成功','2020-03-26 20:33:06'),(315,'rensm','127.0.0.1','内网IP','Chrome 8','Windows 10','0','退出成功','2020-03-26 20:34:50'),(316,'admin','127.0.0.1','内网IP','Chrome 8','Windows 10','0','登录成功','2020-03-26 20:34:54'),(317,'admin','127.0.0.1','内网IP','Chrome 8','Windows 10','0','退出成功','2020-03-26 20:37:14'),(318,'axianlu','127.0.0.1','内网IP','Chrome 8','Windows 10','1','验证码错误','2020-03-26 20:37:23'),(319,'axianlu','127.0.0.1','内网IP','Chrome 8','Windows 10','0','登录成功','2020-03-26 20:37:26'),(320,'axianlu','127.0.0.1','内网IP','Chrome 8','Windows 10','0','退出成功','2020-03-26 20:37:35'),(321,'rensm','127.0.0.1','内网IP','Chrome 8','Windows 10','0','登录成功','2020-03-26 20:37:45'),(322,'rensm','127.0.0.1','内网IP','Chrome 8','Windows 10','0','退出成功','2020-03-26 20:51:25'),(323,'admin','127.0.0.1','内网IP','Chrome 8','Windows 10','0','登录成功','2020-03-26 20:51:29'),(324,'admin','127.0.0.1','内网IP','Chrome 8','Windows 10','0','退出成功','2020-03-26 20:57:24'),(325,'admin','127.0.0.1','内网IP','Chrome 8','Windows 10','0','登录成功','2020-03-26 20:57:31'),(326,'admin','127.0.0.1','内网IP','Chrome 8','Windows 10','0','退出成功','2020-03-26 20:59:11'),(327,'axianlu','127.0.0.1','内网IP','Chrome 8','Windows 10','0','登录成功','2020-03-26 20:59:20'),(328,'axianlu','127.0.0.1','内网IP','Chrome 8','Windows 10','0','退出成功','2020-03-26 21:04:20'),(329,'rensm','127.0.0.1','内网IP','Chrome 8','Windows 10','0','登录成功','2020-03-26 21:04:27'),(330,'rensm','127.0.0.1','内网IP','Chrome 8','Windows 10','0','退出成功','2020-03-26 21:04:37'),(331,'admin','127.0.0.1','内网IP','Chrome 8','Windows 10','0','登录成功','2020-03-26 21:04:41'),(332,'admin','127.0.0.1','内网IP','Microsoft Edge','Windows 10','0','登录成功','2020-03-26 21:14:35'),(333,'admin','127.0.0.1','内网IP','Chrome 8','Windows 10','0','退出成功','2020-03-26 21:50:08'),(334,'rensm','127.0.0.1','内网IP','Chrome 8','Windows 10','1','验证码错误','2020-03-26 21:50:16'),(335,'rensm','127.0.0.1','内网IP','Chrome 8','Windows 10','0','登录成功','2020-03-26 21:50:20'),(336,'rensm','127.0.0.1','内网IP','Chrome 8','Windows 10','0','退出成功','2020-03-26 21:50:28'),(337,'axianlu','127.0.0.1','内网IP','Chrome 8','Windows 10','1','验证码错误','2020-03-26 21:50:39'),(338,'axianlu','127.0.0.1','内网IP','Chrome 8','Windows 10','0','登录成功','2020-03-26 21:50:40'),(339,'axianlu','127.0.0.1','内网IP','Chrome 8','Windows 10','0','退出成功','2020-03-26 21:55:56'),(340,'admin','127.0.0.1','内网IP','Chrome 8','Windows 10','0','登录成功','2020-03-26 21:56:00'),(341,'admin','127.0.0.1','内网IP','Chrome 8','Windows 10','0','退出成功','2020-03-26 21:56:30'),(342,'admin','127.0.0.1','内网IP','Chrome 8','Windows 10','0','登录成功','2020-03-27 20:26:08'),(343,'chengxy','127.0.0.1','内网IP','Chrome 8','Windows 10','0','登录成功','2020-03-27 20:53:47'),(344,'axianlu','127.0.0.1','内网IP','Internet Explorer 11','Windows 10','0','登录成功','2020-03-27 21:04:54'),(345,'admin','127.0.0.1','内网IP','Chrome 8','Windows 10','0','退出成功','2020-03-27 21:56:01'),(346,'admin','127.0.0.1','内网IP','Chrome 8','Windows 10','1','验证码错误','2020-03-27 21:56:08'),(347,'admin','127.0.0.1','内网IP','Chrome 8','Windows 10','0','登录成功','2020-03-27 21:56:11'),(348,'admin','127.0.0.1','内网IP','Chrome 8','Windows 10','0','退出成功','2020-03-27 21:56:28'),(349,'chengxy','127.0.0.1','内网IP','Chrome 8','Windows 10','0','登录成功','2020-03-27 21:56:36'),(350,'chengxy','127.0.0.1','内网IP','Chrome 8','Windows 10','0','退出成功','2020-03-27 22:17:23'),(351,'admin','127.0.0.1','内网IP','Chrome 8','Windows 10','0','登录成功','2020-03-27 22:17:28'),(352,'chengxy','127.0.0.1','内网IP','Chrome 8','Windows 10','0','登录成功','2020-03-27 22:19:08'),(353,'axianlu','127.0.0.1','内网IP','Internet Explorer 11','Windows 10','0','登录成功','2020-03-27 22:24:03'),(354,'admin','127.0.0.1','内网IP','Chrome 8','Windows 10','0','退出成功','2020-03-27 22:29:42'),(355,'axianlu','127.0.0.1','内网IP','Chrome 8','Windows 10','0','登录成功','2020-03-27 22:29:51'),(356,'axianlu','127.0.0.1','内网IP','Chrome 8','Windows 10','0','退出成功','2020-03-27 22:34:54'),(357,'admin','127.0.0.1','内网IP','Chrome 8','Windows 10','0','登录成功','2020-03-27 22:34:58'),(358,'chengxy','127.0.0.1','内网IP','Chrome 8','Windows 10','0','退出成功','2020-03-27 22:37:44'),(359,'admin','127.0.0.1','内网IP','Chrome 8','Windows 10','0','退出成功','2020-03-27 22:42:08'),(360,'chengxy','127.0.0.1','内网IP','Chrome 8','Windows 10','0','登录成功','2020-03-27 22:42:16'),(361,'chengxy','127.0.0.1','内网IP','Chrome 8','Windows 10','0','退出成功','2020-03-27 22:42:56'),(362,'axianlu','127.0.0.1','内网IP','Chrome 8','Windows 10','0','登录成功','2020-03-27 22:43:10'),(363,'axianlu','127.0.0.1','内网IP','Chrome 8','Windows 10','0','退出成功','2020-03-27 22:46:33'),(364,'admin','127.0.0.1','内网IP','Chrome 8','Windows 10','0','登录成功','2020-03-27 22:46:44'),(365,'admin','127.0.0.1','内网IP','Chrome 8','Windows 10','0','退出成功','2020-03-27 22:48:09'),(366,'chengxy','127.0.0.1','内网IP','Chrome 8','Windows 10','0','登录成功','2020-03-27 22:48:21'),(367,'chengxy','127.0.0.1','内网IP','Chrome 8','Windows 10','0','退出成功','2020-03-27 22:49:04'),(368,'axianlu','127.0.0.1','内网IP','Chrome 8','Windows 10','0','登录成功','2020-03-27 22:49:14'),(369,'axianlu','127.0.0.1','内网IP','Chrome 8','Windows 10','0','退出成功','2020-03-27 22:54:37'),(370,'chengxy','127.0.0.1','内网IP','Chrome 8','Windows 10','0','登录成功','2020-03-27 22:54:46'),(371,'admin','127.0.0.1','内网IP','Chrome 8','Windows 10','1','验证码错误','2020-03-27 22:57:42'),(372,'admin','127.0.0.1','内网IP','Chrome 8','Windows 10','0','登录成功','2020-03-27 22:57:45'),(373,'chengxy','127.0.0.1','内网IP','Chrome 8','Windows 10','0','退出成功','2020-03-27 22:59:06'),(374,'axianlu','127.0.0.1','内网IP','Chrome 8','Windows 10','0','登录成功','2020-03-27 22:59:15'),(375,'axianlu','127.0.0.1','内网IP','Chrome 8','Windows 10','0','退出成功','2020-03-27 23:00:12'),(376,'rensm','127.0.0.1','内网IP','Chrome 8','Windows 10','0','登录成功','2020-03-27 23:00:18'),(377,'admin','192.168.0.100','内网IP','Chrome Mobile','Android Mobile','0','登录成功','2020-03-28 08:38:16'),(378,'admin','127.0.0.1','内网IP','Chrome 8','Windows 10','0','登录成功','2020-03-28 08:58:29'),(379,'admin','127.0.0.1','内网IP','Chrome 8','Windows 10','0','退出成功','2020-03-28 09:33:09'),(380,'admin','127.0.0.1','内网IP','Chrome 8','Windows 10','0','登录成功','2020-03-28 09:33:13'),(381,'admin','127.0.0.1','内网IP','Chrome 8','Windows 10','0','退出成功','2020-03-28 09:33:15'),(382,'axianlu','127.0.0.1','内网IP','Chrome 8','Windows 10','0','登录成功','2020-03-28 09:33:24'),(383,'axianlu','127.0.0.1','内网IP','Chrome 8','Windows 10','0','退出成功','2020-03-28 09:35:04'),(384,'rensm','127.0.0.1','内网IP','Chrome 8','Windows 10','0','登录成功','2020-03-28 09:35:12'),(385,'rensm','127.0.0.1','内网IP','Chrome 8','Windows 10','0','退出成功','2020-03-28 09:38:26'),(386,'chengxy','127.0.0.1','内网IP','Chrome 8','Windows 10','0','登录成功','2020-03-28 09:38:37'),(387,'chengxy','127.0.0.1','内网IP','Chrome 8','Windows 10','0','退出成功','2020-03-28 09:55:45'),(388,'admin','127.0.0.1','内网IP','Chrome 8','Windows 10','0','登录成功','2020-03-28 09:55:50'),(389,'admin','127.0.0.1','内网IP','Chrome 8','Windows 10','0','登录成功','2020-03-28 10:23:48'),(390,'admin','127.0.0.1','内网IP','Chrome 8','Windows 10','0','退出成功','2020-03-28 10:34:39'),(391,'chengxy','127.0.0.1','内网IP','Chrome 8','Windows 10','0','登录成功','2020-03-28 10:34:50'),(392,'chengxy','127.0.0.1','内网IP','Chrome 8','Windows 10','0','退出成功','2020-03-28 10:36:30'),(393,'admin','127.0.0.1','内网IP','Chrome 8','Windows 10','1','验证码错误','2020-03-28 10:36:34'),(394,'admin','127.0.0.1','内网IP','Chrome 8','Windows 10','0','登录成功','2020-03-28 10:36:37'),(395,'admin','127.0.0.1','内网IP','Chrome 8','Windows 10','0','退出成功','2020-03-28 10:40:56'),(396,'chengxy','127.0.0.1','内网IP','Chrome 8','Windows 10','0','登录成功','2020-03-28 10:41:09'),(397,'chengxy','127.0.0.1','内网IP','Chrome 8','Windows 10','0','退出成功','2020-03-28 10:43:44'),(398,'admin','127.0.0.1','内网IP','Chrome 8','Windows 10','0','登录成功','2020-03-28 10:43:58'),(399,'admin','127.0.0.1','内网IP','Chrome 8','Windows 10','0','退出成功','2020-03-28 10:57:08'),(400,'admin','127.0.0.1','内网IP','Chrome 8','Windows 10','0','登录成功','2020-03-28 10:57:15'),(401,'admin','127.0.0.1','内网IP','Chrome 8','Windows 10','0','退出成功','2020-03-28 10:57:48'),(402,'chengxy','127.0.0.1','内网IP','Chrome 8','Windows 10','0','登录成功','2020-03-28 10:57:56'),(403,'chengxy','127.0.0.1','内网IP','Chrome 8','Windows 10','0','退出成功','2020-03-28 10:58:04'),(404,'axianlu','127.0.0.1','内网IP','Chrome 8','Windows 10','0','登录成功','2020-03-28 10:58:14'),(405,'axianlu','127.0.0.1','内网IP','Chrome 8','Windows 10','0','退出成功','2020-03-28 11:10:43'),(406,'admin','127.0.0.1','内网IP','Chrome 8','Windows 10','0','登录成功','2020-03-28 11:10:46'),(407,'admin','127.0.0.1','内网IP','Chrome 8','Windows 10','0','退出成功','2020-03-28 11:15:07'),(408,'axianlu','127.0.0.1','内网IP','Chrome 8','Windows 10','0','登录成功','2020-03-28 11:15:19'),(409,'admin','127.0.0.1','内网IP','Chrome 8','Windows 10','0','登录成功','2020-03-28 12:22:46'),(410,'admin','127.0.0.1','内网IP','Chrome 8','Windows 10','0','登录成功','2020-03-28 14:53:52'),(411,'admin','127.0.0.1','内网IP','Chrome 8','Windows 10','0','退出成功','2020-03-28 14:55:30'),(412,'axianlu','127.0.0.1','内网IP','Chrome 8','Windows 10','0','登录成功','2020-03-28 14:55:38'),(413,'admin','127.0.0.1','内网IP','Chrome 8','Windows 10','0','登录成功','2020-03-29 19:42:23'),(414,'admin','127.0.0.1','内网IP','Chrome 8','Windows 10','0','登录成功','2020-03-29 23:52:41'),(415,'admin','127.0.0.1','内网IP','Chrome 8','Windows 10','0','退出成功','2020-03-29 23:56:01'),(416,'admin','127.0.0.1','内网IP','Chrome 8','Windows 10','0','登录成功','2020-03-30 17:18:06'),(417,'admin','127.0.0.1','内网IP','Chrome 8','Windows 10','0','退出成功','2020-03-30 17:20:39'),(418,'axianlu','127.0.0.1','内网IP','Chrome 8','Windows 10','0','登录成功','2020-03-30 17:20:48'),(419,'admin','127.0.0.1','内网IP','Chrome 8','Windows 10','0','登录成功','2020-03-30 19:03:20'),(420,'admin','127.0.0.1','内网IP','Chrome 8','Windows 10','0','退出成功','2020-03-30 19:10:50'),(421,'admin','127.0.0.1','内网IP','Chrome 8','Windows 10','0','登录成功','2020-03-30 19:10:53'),(422,'admin','127.0.0.1','内网IP','Internet Explorer 11','Windows 10','0','登录成功','2020-03-30 19:11:48'),(423,'admin','127.0.0.1','内网IP','Chrome 8','Windows 10','0','登录成功','2020-03-30 19:19:20'),(424,'admin','127.0.0.1','内网IP','Chrome 8','Windows 10','0','退出成功','2020-03-30 19:20:01'),(425,'axianlu','127.0.0.1','内网IP','Chrome 8','Windows 10','1','验证码错误','2020-03-30 19:20:08'),(426,'axianlu','127.0.0.1','内网IP','Chrome 8','Windows 10','1','验证码错误','2020-03-30 19:20:13'),(427,'axianlu','127.0.0.1','内网IP','Chrome 8','Windows 10','0','登录成功','2020-03-30 19:20:18'),(428,'axianlu','127.0.0.1','内网IP','Chrome 8','Windows 10','0','退出成功','2020-03-30 19:50:43'),(429,'admin','127.0.0.1','内网IP','Chrome 8','Windows 10','0','登录成功','2020-03-30 19:50:47'),(430,'admin','127.0.0.1','内网IP','Chrome 8','Windows 10','0','退出成功','2020-03-30 19:55:38'),(431,'axianlu','127.0.0.1','内网IP','Chrome 8','Windows 10','0','登录成功','2020-03-30 19:55:45'),(432,'axianlu','127.0.0.1','内网IP','Chrome 8','Windows 10','0','退出成功','2020-03-30 20:01:18'),(433,'admin','127.0.0.1','内网IP','Chrome 8','Windows 10','0','登录成功','2020-03-30 20:01:23'),(434,'admin','127.0.0.1','内网IP','Chrome 8','Windows 10','0','退出成功','2020-03-30 20:02:35'),(435,'rensm','127.0.0.1','内网IP','Chrome 8','Windows 10','0','登录成功','2020-03-30 20:02:42'),(436,'rensm','127.0.0.1','内网IP','Chrome 8','Windows 10','0','退出成功','2020-03-30 20:03:18'),(437,'chengxy','127.0.0.1','内网IP','Chrome 8','Windows 10','0','登录成功','2020-03-30 20:03:24'),(438,'chengxy','127.0.0.1','内网IP','Chrome 8','Windows 10','0','退出成功','2020-03-30 20:03:37'),(439,'axianlu','127.0.0.1','内网IP','Chrome 8','Windows 10','0','登录成功','2020-03-30 20:03:43'),(440,'axianlu','127.0.0.1','内网IP','Chrome 8','Windows 10','0','退出成功','2020-03-30 20:03:59'),(441,'rensm','127.0.0.1','内网IP','Chrome 8','Windows 10','0','登录成功','2020-03-30 20:04:07'),(442,'rensm','127.0.0.1','内网IP','Chrome 8','Windows 10','0','退出成功','2020-03-30 20:05:14'),(443,'chengxy','127.0.0.1','内网IP','Chrome 8','Windows 10','0','登录成功','2020-03-30 20:05:22'),(444,'chengxy','127.0.0.1','内网IP','Chrome 8','Windows 10','0','退出成功','2020-03-30 20:05:29'),(445,'axianlu','127.0.0.1','内网IP','Chrome 8','Windows 10','0','登录成功','2020-03-30 20:05:36'),(446,'axianlu','127.0.0.1','内网IP','Chrome 8','Windows 10','0','退出成功','2020-03-30 20:07:37'),(447,'chengxy','127.0.0.1','内网IP','Chrome 8','Windows 10','0','登录成功','2020-03-30 20:07:47'),(448,'chengxy','127.0.0.1','内网IP','Chrome 8','Windows 10','0','退出成功','2020-03-30 20:08:04'),(449,'axianlu','127.0.0.1','内网IP','Chrome 8','Windows 10','1','验证码错误','2020-03-30 20:08:10'),(450,'axianlu','127.0.0.1','内网IP','Chrome 8','Windows 10','0','登录成功','2020-03-30 20:08:12'),(451,'axianlu','127.0.0.1','内网IP','Chrome 8','Windows 10','0','退出成功','2020-03-30 20:08:35'),(452,'rensm','127.0.0.1','内网IP','Chrome 8','Windows 10','0','登录成功','2020-03-30 20:08:41'),(453,'rensm','127.0.0.1','内网IP','Chrome 8','Windows 10','0','退出成功','2020-03-30 20:09:16'),(454,'chengxy','127.0.0.1','内网IP','Chrome 8','Windows 10','1','验证码错误','2020-03-30 20:09:23'),(455,'chengxy','127.0.0.1','内网IP','Chrome 8','Windows 10','0','登录成功','2020-03-30 20:09:26'),(456,'chengxy','127.0.0.1','内网IP','Chrome 8','Windows 10','0','退出成功','2020-03-30 20:34:23'),(457,'admin','127.0.0.1','内网IP','Chrome 8','Windows 10','0','登录成功','2020-03-30 20:34:26'),(458,'admin','127.0.0.1','内网IP','Chrome 8','Windows 10','0','登录成功','2020-03-30 23:25:14'),(459,'admin','127.0.0.1','内网IP','Chrome 8','Windows 10','0','退出成功','2020-03-30 23:25:55'),(460,'axianlu','127.0.0.1','内网IP','Chrome 8','Windows 10','0','登录成功','2020-03-30 23:26:08'),(461,'axianlu','127.0.0.1','内网IP','Chrome 8','Windows 10','0','退出成功','2020-03-30 23:26:55'),(462,'chengxy','127.0.0.1','内网IP','Chrome 8','Windows 10','0','登录成功','2020-03-30 23:27:05'),(463,'axianlu','127.0.0.1','内网IP','Internet Explorer 11','Windows 10','0','登录成功','2020-03-30 23:32:17'),(464,'axianlu','127.0.0.1','内网IP','Internet Explorer 11','Windows 10','0','退出成功','2020-03-30 23:32:28'),(465,'rensm','127.0.0.1','内网IP','Internet Explorer 11','Windows 10','0','登录成功','2020-03-30 23:32:39'),(466,'admin','127.0.0.1','内网IP','Chrome 8','Windows 10','0','登录成功','2020-03-31 20:10:47'),(467,'admin','127.0.0.1','内网IP','Chrome 8','Windows 10','0','退出成功','2020-03-31 20:17:39'),(468,'chengxy','127.0.0.1','内网IP','Chrome 8','Windows 10','0','登录成功','2020-03-31 20:17:50'),(469,'axianlu','127.0.0.1','内网IP','Internet Explorer 11','Windows 10','0','登录成功','2020-03-31 20:18:50'),(470,'rensm','127.0.0.1','内网IP','Microsoft Edge','Windows 10','0','登录成功','2020-03-31 20:20:27'),(471,'chengxy','127.0.0.1','内网IP','Chrome 8','Windows 10','0','退出成功','2020-03-31 20:26:28'),(472,'chengxy','127.0.0.1','内网IP','Chrome 8','Windows 10','0','登录成功','2020-03-31 20:26:35'),(473,'chengxy','127.0.0.1','内网IP','Chrome 8','Windows 10','0','退出成功','2020-03-31 20:36:47'),(474,'axianlu','127.0.0.1','内网IP','Chrome 8','Windows 10','0','登录成功','2020-03-31 20:36:54'),(475,'admin','127.0.0.1','内网IP','Chrome 8','Windows 10','0','登录成功','2020-03-31 22:57:21'),(476,'admin','127.0.0.1','内网IP','Chrome 8','Windows 10','0','登录成功','2020-04-01 20:13:57'),(477,'admin','127.0.0.1','内网IP','Chrome 8','Windows 10','0','登录成功','2020-04-02 19:53:45'),(478,'admin','127.0.0.1','内网IP','Chrome 8','Windows 10','0','登录成功','2020-04-02 20:42:03'),(479,'admin','127.0.0.1','内网IP','Chrome 8','Windows 10','0','登录成功','2020-04-03 16:55:04'),(480,'admin','127.0.0.1','内网IP','Chrome 8','Windows 10','0','退出成功','2020-04-03 17:04:34'),(481,'chengxy','127.0.0.1','内网IP','Chrome 8','Windows 10','0','登录成功','2020-04-03 17:04:44'),(482,'admin','127.0.0.1','内网IP','Chrome 8','Windows 10','0','登录成功','2020-04-04 17:24:14'),(483,'admin','127.0.0.1','内网IP','Chrome 8','Windows 10','0','退出成功','2020-04-04 17:30:33'),(484,'chengxy','127.0.0.1','内网IP','Chrome 8','Windows 10','0','登录成功','2020-04-04 17:30:41'),(485,'chengxy','127.0.0.1','内网IP','Chrome 8','Windows 10','0','退出成功','2020-04-04 17:34:06'),(486,'axianlu','127.0.0.1','内网IP','Chrome 8','Windows 10','1','验证码错误','2020-04-04 17:34:12'),(487,'axianlu','127.0.0.1','内网IP','Chrome 8','Windows 10','0','登录成功','2020-04-04 17:34:15'),(488,'axianlu','127.0.0.1','内网IP','Chrome 8','Windows 10','0','退出成功','2020-04-04 17:38:37'),(489,'admin','127.0.0.1','内网IP','Chrome 8','Windows 10','0','登录成功','2020-04-04 17:38:41'),(490,'admin','127.0.0.1','内网IP','Chrome 8','Windows 10','0','退出成功','2020-04-04 17:38:56'),(491,'admin','127.0.0.1','内网IP','Chrome 8','Windows 10','0','登录成功','2020-04-04 17:39:05'),(492,'admin','127.0.0.1','内网IP','Chrome 8','Windows 10','0','登录成功','2020-04-04 19:21:09'),(493,'admin','127.0.0.1','内网IP','Chrome 8','Windows 10','0','退出成功','2020-04-04 19:22:46'),(494,'chengxy','127.0.0.1','内网IP','Chrome 8','Windows 10','1','验证码错误','2020-04-04 19:22:53'),(495,'chengxy','127.0.0.1','内网IP','Chrome 8','Windows 10','0','登录成功','2020-04-04 19:22:56'),(496,'admin','127.0.0.1','内网IP','Chrome 8','Windows 10','0','登录成功','2020-04-05 10:40:02'),(497,'admin','127.0.0.1','内网IP','Chrome 8','Windows 10','0','退出成功','2020-04-05 10:40:16'),(498,'chengxy','127.0.0.1','内网IP','Chrome 8','Windows 10','0','登录成功','2020-04-05 10:40:23'),(499,'chengxy','127.0.0.1','内网IP','Chrome 8','Windows 10','0','退出成功','2020-04-05 12:20:08'),(500,'axianlu','127.0.0.1','内网IP','Chrome 8','Windows 10','0','登录成功','2020-04-05 12:20:17'),(501,'admin','127.0.0.1','内网IP','Chrome 8','Windows 10','0','登录成功','2020-04-05 16:23:25'),(502,'admin','127.0.0.1','内网IP','Chrome 8','Windows 10','0','退出成功','2020-04-05 16:29:22'),(503,'chengxy','127.0.0.1','内网IP','Chrome 8','Windows 10','0','登录成功','2020-04-05 16:29:31'),(504,'axianlu','127.0.0.1','内网IP','Internet Explorer 11','Windows 10','0','登录成功','2020-04-05 16:30:28'),(505,'axianlu','127.0.0.1','内网IP','Internet Explorer 11','Windows 10','0','退出成功','2020-04-05 16:32:05'),(506,'chengxy','127.0.0.1','内网IP','Chrome 8','Windows 10','0','退出成功','2020-04-05 16:48:54'),(507,'axianlu','127.0.0.1','内网IP','Chrome 8','Windows 10','0','登录成功','2020-04-05 16:49:02'),(508,'chengxy','127.0.0.1','内网IP','Internet Explorer 11','Windows 10','0','登录成功','2020-04-05 16:51:28'),(509,'axianlu','127.0.0.1','内网IP','Chrome 8','Windows 10','0','退出成功','2020-04-05 16:57:03'),(510,'chengxy','127.0.0.1','内网IP','Chrome 8','Windows 10','0','登录成功','2020-04-05 16:57:12'),(511,'chengxy','127.0.0.1','内网IP','Internet Explorer 11','Windows 10','0','登录成功','2020-04-05 16:58:17'),(512,'admin','127.0.0.1','内网IP','Internet Explorer 11','Windows 10','0','登录成功','2020-04-05 17:29:56'),(513,'chengxy','127.0.0.1','内网IP','Chrome 8','Windows 10','0','退出成功','2020-04-05 17:32:36'),(514,'admin','127.0.0.1','内网IP','Chrome 8','Windows 10','0','登录成功','2020-04-05 17:32:39'),(515,'admin','127.0.0.1','内网IP','Chrome 8','Windows 10','0','退出成功','2020-04-05 17:34:42'),(516,'chengxy','127.0.0.1','内网IP','Chrome 8','Windows 10','0','登录成功','2020-04-05 17:34:50'),(517,'admin','127.0.0.1','内网IP','Internet Explorer 11','Windows 10','0','登录成功','2020-04-05 17:52:08'),(518,'chengxy','127.0.0.1','内网IP','Chrome 8','Windows 10','0','退出成功','2020-04-05 17:54:01'),(519,'ry','127.0.0.1','内网IP','Chrome 8','Windows 10','1','密码输入错误1次','2020-04-05 17:54:09'),(520,'ry','127.0.0.1','内网IP','Chrome 8','Windows 10','0','登录成功','2020-04-05 17:54:17'),(521,'ry','127.0.0.1','内网IP','Chrome 8','Windows 10','0','退出成功','2020-04-05 17:54:24'),(522,'admin','127.0.0.1','内网IP','Chrome 8','Windows 10','0','登录成功','2020-04-05 17:54:27'),(523,'admin','127.0.0.1','内网IP','Chrome 8','Windows 10','0','退出成功','2020-04-05 17:56:06'),(524,'ry','127.0.0.1','内网IP','Chrome 8','Windows 10','0','登录成功','2020-04-05 17:56:11'),(525,'ry','127.0.0.1','内网IP','Chrome 8','Windows 10','0','退出成功','2020-04-05 17:57:34'),(526,'chengxy','127.0.0.1','内网IP','Chrome 8','Windows 10','0','登录成功','2020-04-05 17:57:42'),(527,'chengxy','127.0.0.1','内网IP','Chrome 8','Windows 10','0','退出成功','2020-04-05 18:02:35'),(528,'ry','127.0.0.1','内网IP','Chrome 8','Windows 10','0','登录成功','2020-04-05 18:02:41'),(529,'ry','127.0.0.1','内网IP','Chrome 8','Windows 10','0','退出成功','2020-04-05 18:06:13'),(530,'chengxy','127.0.0.1','内网IP','Chrome 8','Windows 10','0','登录成功','2020-04-05 18:06:26'),(531,'chengxy','127.0.0.1','内网IP','Chrome 8','Windows 10','0','退出成功','2020-04-05 18:07:01'),(532,'ry','127.0.0.1','内网IP','Chrome 8','Windows 10','0','登录成功','2020-04-05 18:07:09'),(533,'ry','127.0.0.1','内网IP','Chrome 8','Windows 10','0','退出成功','2020-04-05 18:08:02'),(534,'11','127.0.0.1','内网IP','Chrome 8','Windows 10','0','登录成功','2020-04-05 18:08:10'),(535,'admin','127.0.0.1','内网IP','Chrome 8','Windows 10','0','登录成功','2020-04-05 18:11:04'),(536,'11','127.0.0.1','内网IP','Chrome 8','Windows 10','0','退出成功','2020-04-05 18:19:36'),(537,'chengxy','127.0.0.1','内网IP','Chrome 8','Windows 10','0','登录成功','2020-04-05 18:19:42'),(538,'chengxy','127.0.0.1','内网IP','Chrome 8','Windows 10','0','退出成功','2020-04-05 18:20:08'),(539,'ry','127.0.0.1','内网IP','Chrome 8','Windows 10','0','登录成功','2020-04-05 18:20:13'),(540,'ry','127.0.0.1','内网IP','Chrome 8','Windows 10','0','退出成功','2020-04-05 18:20:26'),(541,'11','127.0.0.1','内网IP','Chrome 8','Windows 10','0','登录成功','2020-04-05 18:20:46'),(542,'11','127.0.0.1','内网IP','Chrome 8','Windows 10','0','退出成功','2020-04-05 18:23:02'),(543,'22','127.0.0.1','内网IP','Chrome 8','Windows 10','0','登录成功','2020-04-05 18:23:08'),(544,'22','127.0.0.1','内网IP','Chrome 8','Windows 10','0','退出成功','2020-04-05 18:25:46'),(545,'admin','127.0.0.1','内网IP','Chrome 8','Windows 10','0','登录成功','2020-04-05 18:25:51'),(546,'admin','127.0.0.1','内网IP','Chrome 8','Windows 10','0','退出成功','2020-04-05 18:27:01'),(547,'chengxy','127.0.0.1','内网IP','Chrome 8','Windows 10','1','验证码错误','2020-04-05 18:27:08'),(548,'chengxy','127.0.0.1','内网IP','Chrome 8','Windows 10','0','登录成功','2020-04-05 18:27:12'),(549,'chengxy','127.0.0.1','内网IP','Chrome 8','Windows 10','0','退出成功','2020-04-05 18:30:51'),(550,'ry','127.0.0.1','内网IP','Chrome 8','Windows 10','1','密码输入错误1次','2020-04-05 18:30:59'),(551,'ry','127.0.0.1','内网IP','Chrome 8','Windows 10','1','密码输入错误2次','2020-04-05 18:31:03'),(552,'ry','127.0.0.1','内网IP','Chrome 8','Windows 10','1','密码输入错误3次','2020-04-05 18:31:05'),(553,'ry','127.0.0.1','内网IP','Chrome 8','Windows 10','0','登录成功','2020-04-05 18:31:12'),(554,'ry','127.0.0.1','内网IP','Chrome 8','Windows 10','0','退出成功','2020-04-05 18:31:33'),(555,'chengxy','127.0.0.1','内网IP','Chrome 8','Windows 10','0','登录成功','2020-04-05 18:31:43'),(556,'chengxy','127.0.0.1','内网IP','Chrome 8','Windows 10','0','退出成功','2020-04-05 18:31:52'),(557,'ry','127.0.0.1','内网IP','Chrome 8','Windows 10','0','登录成功','2020-04-05 18:32:09'),(558,'ry','127.0.0.1','内网IP','Chrome 8','Windows 10','0','退出成功','2020-04-05 18:32:30'),(559,'11','127.0.0.1','内网IP','Chrome 8','Windows 10','0','登录成功','2020-04-05 18:32:37'),(560,'11','127.0.0.1','内网IP','Chrome 8','Windows 10','0','登录成功','2020-04-05 19:29:39'),(561,'11','127.0.0.1','内网IP','Chrome 8','Windows 10','0','退出成功','2020-04-05 19:30:03'),(562,'chengxy','127.0.0.1','内网IP','Chrome 8','Windows 10','1','验证码错误','2020-04-05 19:30:12'),(563,'chengxy','127.0.0.1','内网IP','Chrome 8','Windows 10','0','登录成功','2020-04-05 19:30:14'),(564,'chengxy','127.0.0.1','内网IP','Chrome 8','Windows 10','0','退出成功','2020-04-05 19:30:40'),(565,'ry','127.0.0.1','内网IP','Chrome 8','Windows 10','0','登录成功','2020-04-05 19:30:48'),(566,'ry','127.0.0.1','内网IP','Chrome 8','Windows 10','0','退出成功','2020-04-05 19:31:06'),(567,'11','127.0.0.1','内网IP','Chrome 8','Windows 10','0','登录成功','2020-04-05 19:31:16'),(568,'11','127.0.0.1','内网IP','Chrome 8','Windows 10','0','退出成功','2020-04-05 19:32:12'),(569,'22','127.0.0.1','内网IP','Chrome 8','Windows 10','0','登录成功','2020-04-05 19:32:19'),(570,'22','127.0.0.1','内网IP','Chrome 8','Windows 10','0','退出成功','2020-04-05 19:32:48'),(571,'chengxy','127.0.0.1','内网IP','Chrome 8','Windows 10','0','登录成功','2020-04-05 19:32:56'),(572,'chengxy','127.0.0.1','内网IP','Chrome 8','Windows 10','0','退出成功','2020-04-05 19:33:05'),(573,'ry','127.0.0.1','内网IP','Chrome 8','Windows 10','0','登录成功','2020-04-05 19:33:10'),(574,'ry','127.0.0.1','内网IP','Chrome 8','Windows 10','0','退出成功','2020-04-05 19:33:48'),(575,'ry','127.0.0.1','内网IP','Chrome 8','Windows 10','0','登录成功','2020-04-05 19:33:53'),(576,'ry','127.0.0.1','内网IP','Chrome 8','Windows 10','0','退出成功','2020-04-05 19:34:05'),(577,'11','127.0.0.1','内网IP','Chrome 8','Windows 10','0','登录成功','2020-04-05 19:34:12'),(578,'11','127.0.0.1','内网IP','Chrome 8','Windows 10','0','退出成功','2020-04-05 19:34:24'),(579,'22','127.0.0.1','内网IP','Chrome 8','Windows 10','1','验证码错误','2020-04-05 19:34:31'),(580,'22','127.0.0.1','内网IP','Chrome 8','Windows 10','0','登录成功','2020-04-05 19:34:35'),(581,'22','127.0.0.1','内网IP','Chrome 8','Windows 10','0','退出成功','2020-04-05 19:35:34'),(582,'chengxy','127.0.0.1','内网IP','Chrome 8','Windows 10','0','登录成功','2020-04-05 19:35:42'),(583,'chengxy','127.0.0.1','内网IP','Chrome 8','Windows 10','0','退出成功','2020-04-05 19:38:01'),(584,'ry','127.0.0.1','内网IP','Chrome 8','Windows 10','0','登录成功','2020-04-05 19:38:08'),(585,'ry','127.0.0.1','内网IP','Chrome 8','Windows 10','0','退出成功','2020-04-05 19:38:33'),(586,'chengxy','127.0.0.1','内网IP','Chrome 8','Windows 10','0','登录成功','2020-04-05 19:38:42'),(587,'chengxy','127.0.0.1','内网IP','Chrome 8','Windows 10','0','退出成功','2020-04-05 19:38:49'),(588,'ry','127.0.0.1','内网IP','Chrome 8','Windows 10','1','验证码错误','2020-04-05 19:38:58'),(589,'ry','127.0.0.1','内网IP','Chrome 8','Windows 10','0','登录成功','2020-04-05 19:39:01'),(590,'ry','127.0.0.1','内网IP','Chrome 8','Windows 10','0','退出成功','2020-04-05 19:39:37'),(591,'11','127.0.0.1','内网IP','Chrome 8','Windows 10','0','登录成功','2020-04-05 19:39:44'),(592,'11','127.0.0.1','内网IP','Chrome 8','Windows 10','0','退出成功','2020-04-05 19:40:06'),(593,'chengxy','127.0.0.1','内网IP','Chrome 8','Windows 10','0','登录成功','2020-04-05 19:40:16'),(594,'chengxy','127.0.0.1','内网IP','Chrome 8','Windows 10','0','退出成功','2020-04-05 19:40:27'),(595,'ry','127.0.0.1','内网IP','Chrome 8','Windows 10','0','登录成功','2020-04-05 19:40:35'),(596,'ry','127.0.0.1','内网IP','Chrome 8','Windows 10','0','退出成功','2020-04-05 19:40:50'),(597,'11','127.0.0.1','内网IP','Chrome 8','Windows 10','1','验证码错误','2020-04-05 19:41:00'),(598,'11','127.0.0.1','内网IP','Chrome 8','Windows 10','0','登录成功','2020-04-05 19:41:02'),(599,'11','127.0.0.1','内网IP','Chrome 8','Windows 10','0','退出成功','2020-04-05 19:41:38'),(600,'chengxy','127.0.0.1','内网IP','Chrome 8','Windows 10','0','登录成功','2020-04-05 19:41:52'),(601,'chengxy','127.0.0.1','内网IP','Chrome 8','Windows 10','0','退出成功','2020-04-05 19:42:28'),(602,'22','127.0.0.1','内网IP','Chrome 8','Windows 10','0','登录成功','2020-04-05 19:42:36'),(603,'22','127.0.0.1','内网IP','Chrome 8','Windows 10','0','退出成功','2020-04-05 19:43:36'),(604,'chengxy','127.0.0.1','内网IP','Chrome 8','Windows 10','0','登录成功','2020-04-05 19:43:45'),(605,'chengxy','127.0.0.1','内网IP','Chrome 8','Windows 10','0','退出成功','2020-04-05 19:43:55'),(606,'ry','127.0.0.1','内网IP','Chrome 8','Windows 10','0','登录成功','2020-04-05 19:44:01'),(607,'ry','127.0.0.1','内网IP','Chrome 8','Windows 10','0','退出成功','2020-04-05 19:44:13'),(608,'11','127.0.0.1','内网IP','Chrome 8','Windows 10','0','登录成功','2020-04-05 19:44:22'),(609,'11','127.0.0.1','内网IP','Chrome 8','Windows 10','0','退出成功','2020-04-05 19:44:35'),(610,'22','127.0.0.1','内网IP','Chrome 8','Windows 10','0','登录成功','2020-04-05 19:44:45'),(611,'22','127.0.0.1','内网IP','Chrome 8','Windows 10','0','退出成功','2020-04-05 19:45:11'),(612,'99','127.0.0.1','内网IP','Chrome 8','Windows 10','1','用户不存在/密码错误','2020-04-05 19:45:24'),(613,'dongzs','127.0.0.1','内网IP','Chrome 8','Windows 10','1','验证码错误','2020-04-05 19:45:36'),(614,'dongzs','127.0.0.1','内网IP','Chrome 8','Windows 10','1','用户不存在/密码错误','2020-04-05 19:45:39'),(615,'dongsz','127.0.0.1','内网IP','Chrome 8','Windows 10','1','验证码错误','2020-04-05 19:45:48'),(616,'dongsz','127.0.0.1','内网IP','Chrome 8','Windows 10','1','密码输入错误1次','2020-04-05 19:45:51'),(617,'dongsz','127.0.0.1','内网IP','Chrome 8','Windows 10','1','密码输入错误2次','2020-04-05 19:46:10'),(618,'dongsz','127.0.0.1','内网IP','Chrome 8','Windows 10','1','密码输入错误3次','2020-04-05 19:46:45'),(619,'dongsz','127.0.0.1','内网IP','Chrome 8','Windows 10','1','密码输入错误4次','2020-04-05 19:46:52'),(620,'dongsz','127.0.0.1','内网IP','Chrome 8','Windows 10','1','密码输入错误5次','2020-04-05 19:47:29'),(621,'dongsz','127.0.0.1','内网IP','Chrome 8','Windows 10','1','密码输入错误5次，帐户锁定10分钟','2020-04-05 19:48:27'),(622,'dongsz','127.0.0.1','内网IP','Chrome 8','Windows 10','1','密码输入错误5次，帐户锁定10分钟','2020-04-05 19:50:15'),(623,'dongsz','127.0.0.1','内网IP','Chrome 8','Windows 10','1','密码输入错误5次，帐户锁定10分钟','2020-04-05 19:50:44'),(624,'dongsz','127.0.0.1','内网IP','Chrome 8','Windows 10','1','密码输入错误1次','2020-04-05 19:51:50'),(625,'admin','127.0.0.1','内网IP','Chrome 8','Windows 10','0','登录成功','2020-04-05 19:51:57'),(626,'admin','127.0.0.1','内网IP','Chrome 8','Windows 10','0','退出成功','2020-04-05 19:52:27'),(627,'dongsz','127.0.0.1','内网IP','Chrome 8','Windows 10','0','登录成功','2020-04-05 19:52:35'),(628,'dongsz','127.0.0.1','内网IP','Chrome 8','Windows 10','0','退出成功','2020-04-05 19:53:08'),(629,'admin','127.0.0.1','内网IP','Chrome 8','Windows 10','0','登录成功','2020-04-05 19:53:14'),(630,'admin','127.0.0.1','内网IP','Chrome 8','Windows 10','0','退出成功','2020-04-05 19:55:18'),(631,'chairman','127.0.0.1','内网IP','Chrome 8','Windows 10','1','对不起，您的账号已被删除','2020-04-05 19:55:32'),(632,'chairman','127.0.0.1','内网IP','Chrome 8','Windows 10','1','密码输入错误1次','2020-04-05 19:55:46'),(633,'chairman','127.0.0.1','内网IP','Chrome 8','Windows 10','1','密码输入错误2次','2020-04-05 19:55:51'),(634,'admin','127.0.0.1','内网IP','Chrome 8','Windows 10','0','登录成功','2020-04-05 19:56:04'),(635,'admin','127.0.0.1','内网IP','Chrome 8','Windows 10','0','退出成功','2020-04-05 19:56:18'),(636,'chairman','127.0.0.1','内网IP','Chrome 8','Windows 10','0','登录成功','2020-04-05 19:56:29'),(637,'chairman','127.0.0.1','内网IP','Chrome 8','Windows 10','0','退出成功','2020-04-05 20:00:22'),(638,'chengxy','127.0.0.1','内网IP','Chrome 8','Windows 10','0','登录成功','2020-04-05 20:00:30'),(639,'chengxy','127.0.0.1','内网IP','Chrome 8','Windows 10','0','退出成功','2020-04-05 20:02:40'),(640,'ry','127.0.0.1','内网IP','Chrome 8','Windows 10','0','登录成功','2020-04-05 20:02:44'),(641,'ry','127.0.0.1','内网IP','Chrome 8','Windows 10','0','退出成功','2020-04-05 20:07:52'),(642,'11','127.0.0.1','内网IP','Chrome 8','Windows 10','0','登录成功','2020-04-05 20:08:04'),(643,'11','127.0.0.1','内网IP','Chrome 8','Windows 10','0','退出成功','2020-04-05 20:08:22'),(644,'22','127.0.0.1','内网IP','Chrome 8','Windows 10','0','登录成功','2020-04-05 20:08:32'),(645,'22','127.0.0.1','内网IP','Chrome 8','Windows 10','0','退出成功','2020-04-05 20:08:54'),(646,'chairman','127.0.0.1','内网IP','Chrome 8','Windows 10','0','登录成功','2020-04-05 20:09:09'),(647,'chairman','127.0.0.1','内网IP','Chrome 8','Windows 10','0','退出成功','2020-04-05 20:10:47'),(648,'chengxy','127.0.0.1','内网IP','Chrome 8','Windows 10','0','登录成功','2020-04-05 20:10:54'),(649,'chengxy','127.0.0.1','内网IP','Chrome 8','Windows 10','0','退出成功','2020-04-05 20:24:08'),(650,'ry','127.0.0.1','内网IP','Chrome 8','Windows 10','1','验证码错误','2020-04-05 20:24:12'),(651,'ry','127.0.0.1','内网IP','Chrome 8','Windows 10','1','验证码错误','2020-04-05 20:24:18'),(652,'ry','127.0.0.1','内网IP','Chrome 8','Windows 10','0','登录成功','2020-04-05 20:24:21'),(653,'ry','127.0.0.1','内网IP','Chrome 8','Windows 10','0','退出成功','2020-04-05 20:27:02'),(654,'11','127.0.0.1','内网IP','Chrome 8','Windows 10','0','登录成功','2020-04-05 20:27:09'),(655,'11','127.0.0.1','内网IP','Chrome 8','Windows 10','0','退出成功','2020-04-05 20:27:42'),(656,'22','127.0.0.1','内网IP','Chrome 8','Windows 10','0','登录成功','2020-04-05 20:27:50'),(657,'22','127.0.0.1','内网IP','Chrome 8','Windows 10','0','退出成功','2020-04-05 20:47:41'),(658,'admin','127.0.0.1','内网IP','Chrome 8','Windows 10','0','登录成功','2020-04-05 20:47:44'),(659,'admin','127.0.0.1','内网IP','Chrome 8','Windows 10','0','退出成功','2020-04-05 21:07:28'),(660,'chengxy','127.0.0.1','内网IP','Chrome 8','Windows 10','1','验证码错误','2020-04-05 21:07:35'),(661,'chengxy','127.0.0.1','内网IP','Chrome 8','Windows 10','0','登录成功','2020-04-05 21:07:38'),(662,'chengxy','127.0.0.1','内网IP','Chrome 8','Windows 10','0','退出成功','2020-04-05 21:09:04'),(663,'ry','127.0.0.1','内网IP','Chrome 8','Windows 10','0','登录成功','2020-04-05 21:09:09'),(664,'ry','127.0.0.1','内网IP','Chrome 8','Windows 10','0','退出成功','2020-04-05 21:09:27'),(665,'11','127.0.0.1','内网IP','Chrome 8','Windows 10','1','验证码错误','2020-04-05 21:09:43'),(666,'11','127.0.0.1','内网IP','Chrome 8','Windows 10','0','登录成功','2020-04-05 21:09:47'),(667,'11','127.0.0.1','内网IP','Chrome 8','Windows 10','0','退出成功','2020-04-05 21:10:02'),(668,'22','127.0.0.1','内网IP','Chrome 8','Windows 10','1','验证码错误','2020-04-05 21:10:08'),(669,'22','127.0.0.1','内网IP','Chrome 8','Windows 10','0','登录成功','2020-04-05 21:10:10'),(670,'22','127.0.0.1','内网IP','Chrome 8','Windows 10','0','退出成功','2020-04-05 21:10:51'),(671,'chairman','127.0.0.1','内网IP','Chrome 8','Windows 10','0','登录成功','2020-04-05 21:11:02'),(672,'chairman','127.0.0.1','内网IP','Chrome 8','Windows 10','0','退出成功','2020-04-05 21:12:52'),(673,'chengxy','127.0.0.1','内网IP','Chrome 8','Windows 10','0','登录成功','2020-04-05 21:13:00'),(674,'chengxy','127.0.0.1','内网IP','Chrome 8','Windows 10','0','退出成功','2020-04-05 21:13:09'),(675,'ry','127.0.0.1','内网IP','Chrome 8','Windows 10','0','登录成功','2020-04-05 21:13:17'),(676,'ry','127.0.0.1','内网IP','Chrome 8','Windows 10','0','退出成功','2020-04-05 21:13:28'),(677,'11','127.0.0.1','内网IP','Chrome 8','Windows 10','0','登录成功','2020-04-05 21:13:37'),(678,'11','127.0.0.1','内网IP','Chrome 8','Windows 10','0','退出成功','2020-04-05 21:13:52'),(679,'22','127.0.0.1','内网IP','Chrome 8','Windows 10','0','登录成功','2020-04-05 21:14:01'),(680,'22','127.0.0.1','内网IP','Chrome 8','Windows 10','0','退出成功','2020-04-05 21:14:11'),(681,'chairman','127.0.0.1','内网IP','Chrome 8','Windows 10','1','密码输入错误1次','2020-04-05 21:14:19'),(682,'chairman','127.0.0.1','内网IP','Chrome 8','Windows 10','1','验证码错误','2020-04-05 21:14:22'),(683,'chairman','127.0.0.1','内网IP','Chrome 8','Windows 10','1','密码输入错误2次','2020-04-05 21:14:25'),(684,'chairman','127.0.0.1','内网IP','Chrome 8','Windows 10','0','登录成功','2020-04-05 21:14:31'),(685,'admin','127.0.0.1','内网IP','Chrome 8','Windows 10','0','登录成功','2020-04-06 19:30:51'),(686,'admin','127.0.0.1','内网IP','Chrome 8','Windows 10','0','退出成功','2020-04-06 20:21:47'),(687,'admin','127.0.0.1','内网IP','Chrome 8','Windows 10','0','登录成功','2020-04-06 20:22:18'),(688,'admin','127.0.0.1','内网IP','Chrome 8','Windows 10','0','登录成功','2020-04-06 20:56:21'),(689,'admin','127.0.0.1','内网IP','Microsoft Edge','Windows 10','0','登录成功','2020-06-13 14:33:19'),(690,'admin','127.0.0.1','内网IP','Microsoft Edge','Windows 10','0','退出成功','2020-06-13 14:33:33'),(691,'chengxy','127.0.0.1','内网IP','Microsoft Edge','Windows 10','1','验证码错误','2020-06-13 14:33:47'),(692,'chengxy','127.0.0.1','内网IP','Microsoft Edge','Windows 10','0','登录成功','2020-06-13 14:33:51'),(693,'admin','127.0.0.1','内网IP','Chrome 8','Windows 10','0','登录成功','2020-06-13 17:41:32'),(694,'admin','127.0.0.1','内网IP','Chrome 8','Windows 10','0','登录成功','2020-06-13 18:14:26'),(695,'admin','127.0.0.1','内网IP','Chrome 8','Windows 10','0','退出成功','2020-06-13 18:22:20'),(696,'admin','127.0.0.1','内网IP','Chrome 8','Windows 10','0','登录成功','2020-06-13 18:22:25'),(697,'admin','127.0.0.1','内网IP','Chrome 8','Windows 10','0','登录成功','2020-06-13 19:17:36'),(698,'admin','127.0.0.1','内网IP','Chrome 8','Windows 10','0','登录成功','2020-06-13 20:34:22');

/*Table structure for table `sys_menu` */

DROP TABLE IF EXISTS `sys_menu`;

CREATE TABLE `sys_menu` (
  `menu_id` bigint(20) NOT NULL AUTO_INCREMENT COMMENT '菜单ID',
  `menu_name` varchar(50) NOT NULL COMMENT '菜单名称',
  `parent_id` bigint(20) DEFAULT '0' COMMENT '父菜单ID',
  `order_num` int(4) DEFAULT '0' COMMENT '显示顺序',
  `url` varchar(200) DEFAULT '#' COMMENT '请求地址',
  `target` varchar(20) DEFAULT '' COMMENT '打开方式（menuItem页签 menuBlank新窗口）',
  `menu_type` char(1) DEFAULT '' COMMENT '菜单类型（M目录 C菜单 F按钮）',
  `visible` char(1) DEFAULT '0' COMMENT '菜单状态（0显示 1隐藏）',
  `perms` varchar(100) DEFAULT NULL COMMENT '权限标识',
  `icon` varchar(100) DEFAULT '#' COMMENT '菜单图标',
  `create_by` varchar(64) DEFAULT '' COMMENT '创建者',
  `create_time` datetime DEFAULT NULL COMMENT '创建时间',
  `update_by` varchar(64) DEFAULT '' COMMENT '更新者',
  `update_time` datetime DEFAULT NULL COMMENT '更新时间',
  `remark` varchar(500) DEFAULT '' COMMENT '备注',
  PRIMARY KEY (`menu_id`)
) ENGINE=InnoDB AUTO_INCREMENT=2069 DEFAULT CHARSET=utf8 COMMENT='菜单权限表';

/*Data for the table `sys_menu` */

insert  into `sys_menu`(`menu_id`,`menu_name`,`parent_id`,`order_num`,`url`,`target`,`menu_type`,`visible`,`perms`,`icon`,`create_by`,`create_time`,`update_by`,`update_time`,`remark`) values (1,'系统管理',0,2,'#','menuItem','M','0','','fa fa-gear','admin','2018-03-16 11:33:00','admin','2020-06-13 18:28:40','系统管理目录'),(2,'系统监控',0,3,'#','menuItem','M','0','','fa fa-video-camera','admin','2018-03-16 11:33:00','admin','2020-06-13 18:28:56','系统监控目录'),(3,'系统工具',0,4,'#','menuItem','M','0','','fa fa-bars','admin','2018-03-16 11:33:00','admin','2020-06-13 18:29:03','系统工具目录'),(100,'用户管理',1,1,'/system/user','','C','0','system:user:view','#','admin','2018-03-16 11:33:00','ry','2018-03-16 11:33:00','用户管理菜单'),(101,'角色管理',1,2,'/system/role','','C','0','system:role:view','#','admin','2018-03-16 11:33:00','ry','2018-03-16 11:33:00','角色管理菜单'),(102,'菜单管理',1,3,'/system/menu','','C','0','system:menu:view','#','admin','2018-03-16 11:33:00','ry','2018-03-16 11:33:00','菜单管理菜单'),(103,'部门管理',1,4,'/system/dept','','C','0','system:dept:view','#','admin','2018-03-16 11:33:00','ry','2018-03-16 11:33:00','部门管理菜单'),(104,'岗位管理',1,5,'/system/post','','C','0','system:post:view','#','admin','2018-03-16 11:33:00','ry','2018-03-16 11:33:00','岗位管理菜单'),(105,'字典管理',1,6,'/system/dict','','C','0','system:dict:view','#','admin','2018-03-16 11:33:00','ry','2018-03-16 11:33:00','字典管理菜单'),(106,'参数设置',1,7,'/system/config','','C','0','system:config:view','#','admin','2018-03-16 11:33:00','ry','2018-03-16 11:33:00','参数设置菜单'),(107,'通知公告',1,8,'/system/notice','','C','0','system:notice:view','#','admin','2018-03-16 11:33:00','ry','2018-03-16 11:33:00','通知公告菜单'),(108,'日志管理',1,9,'#','','M','0','','#','admin','2018-03-16 11:33:00','ry','2018-03-16 11:33:00','日志管理菜单'),(109,'在线用户',2,1,'/monitor/online','','C','0','monitor:online:view','#','admin','2018-03-16 11:33:00','ry','2018-03-16 11:33:00','在线用户菜单'),(110,'定时任务',2,2,'/monitor/job','','C','0','monitor:job:view','#','admin','2018-03-16 11:33:00','ry','2018-03-16 11:33:00','定时任务菜单'),(111,'数据监控',2,3,'/monitor/data','','C','0','monitor:data:view','#','admin','2018-03-16 11:33:00','ry','2018-03-16 11:33:00','数据监控菜单'),(112,'服务监控',2,3,'/monitor/server','','C','0','monitor:server:view','#','admin','2018-03-16 11:33:00','ry','2018-03-16 11:33:00','服务监控菜单'),(113,'表单构建',3,1,'/tool/build','','C','0','tool:build:view','#','admin','2018-03-16 11:33:00','ry','2018-03-16 11:33:00','表单构建菜单'),(114,'代码生成',3,2,'/tool/gen','','C','0','tool:gen:view','#','admin','2018-03-16 11:33:00','ry','2018-03-16 11:33:00','代码生成菜单'),(115,'系统接口',3,3,'/tool/swagger','','C','0','tool:swagger:view','#','admin','2018-03-16 11:33:00','ry','2018-03-16 11:33:00','系统接口菜单'),(500,'操作日志',108,1,'/monitor/operlog','','C','0','monitor:operlog:view','#','admin','2018-03-16 11:33:00','ry','2018-03-16 11:33:00','操作日志菜单'),(501,'登录日志',108,2,'/monitor/logininfor','','C','0','monitor:logininfor:view','#','admin','2018-03-16 11:33:00','ry','2018-03-16 11:33:00','登录日志菜单'),(1000,'用户查询',100,1,'#','','F','0','system:user:list','#','admin','2018-03-16 11:33:00','ry','2018-03-16 11:33:00',''),(1001,'用户新增',100,2,'#','','F','0','system:user:add','#','admin','2018-03-16 11:33:00','ry','2018-03-16 11:33:00',''),(1002,'用户修改',100,3,'#','','F','0','system:user:edit','#','admin','2018-03-16 11:33:00','ry','2018-03-16 11:33:00',''),(1003,'用户删除',100,4,'#','','F','0','system:user:remove','#','admin','2018-03-16 11:33:00','ry','2018-03-16 11:33:00',''),(1004,'用户导出',100,5,'#','','F','0','system:user:export','#','admin','2018-03-16 11:33:00','ry','2018-03-16 11:33:00',''),(1005,'用户导入',100,6,'#','','F','0','system:user:import','#','admin','2018-03-16 11:33:00','ry','2018-03-16 11:33:00',''),(1006,'重置密码',100,7,'#','','F','0','system:user:resetPwd','#','admin','2018-03-16 11:33:00','ry','2018-03-16 11:33:00',''),(1007,'角色查询',101,1,'#','','F','0','system:role:list','#','admin','2018-03-16 11:33:00','ry','2018-03-16 11:33:00',''),(1008,'角色新增',101,2,'#','','F','0','system:role:add','#','admin','2018-03-16 11:33:00','ry','2018-03-16 11:33:00',''),(1009,'角色修改',101,3,'#','','F','0','system:role:edit','#','admin','2018-03-16 11:33:00','ry','2018-03-16 11:33:00',''),(1010,'角色删除',101,4,'#','','F','0','system:role:remove','#','admin','2018-03-16 11:33:00','ry','2018-03-16 11:33:00',''),(1011,'角色导出',101,5,'#','','F','0','system:role:export','#','admin','2018-03-16 11:33:00','ry','2018-03-16 11:33:00',''),(1012,'菜单查询',102,1,'#','','F','0','system:menu:list','#','admin','2018-03-16 11:33:00','ry','2018-03-16 11:33:00',''),(1013,'菜单新增',102,2,'#','','F','0','system:menu:add','#','admin','2018-03-16 11:33:00','ry','2018-03-16 11:33:00',''),(1014,'菜单修改',102,3,'#','','F','0','system:menu:edit','#','admin','2018-03-16 11:33:00','ry','2018-03-16 11:33:00',''),(1015,'菜单删除',102,4,'#','','F','0','system:menu:remove','#','admin','2018-03-16 11:33:00','ry','2018-03-16 11:33:00',''),(1016,'部门查询',103,1,'#','','F','0','system:dept:list','#','admin','2018-03-16 11:33:00','ry','2018-03-16 11:33:00',''),(1017,'部门新增',103,2,'#','','F','0','system:dept:add','#','admin','2018-03-16 11:33:00','ry','2018-03-16 11:33:00',''),(1018,'部门修改',103,3,'#','','F','0','system:dept:edit','#','admin','2018-03-16 11:33:00','ry','2018-03-16 11:33:00',''),(1019,'部门删除',103,4,'#','','F','0','system:dept:remove','#','admin','2018-03-16 11:33:00','ry','2018-03-16 11:33:00',''),(1020,'岗位查询',104,1,'#','','F','0','system:post:list','#','admin','2018-03-16 11:33:00','ry','2018-03-16 11:33:00',''),(1021,'岗位新增',104,2,'#','','F','0','system:post:add','#','admin','2018-03-16 11:33:00','ry','2018-03-16 11:33:00',''),(1022,'岗位修改',104,3,'#','','F','0','system:post:edit','#','admin','2018-03-16 11:33:00','ry','2018-03-16 11:33:00',''),(1023,'岗位删除',104,4,'#','','F','0','system:post:remove','#','admin','2018-03-16 11:33:00','ry','2018-03-16 11:33:00',''),(1024,'岗位导出',104,5,'#','','F','0','system:post:export','#','admin','2018-03-16 11:33:00','ry','2018-03-16 11:33:00',''),(1025,'字典查询',105,1,'#','','F','0','system:dict:list','#','admin','2018-03-16 11:33:00','ry','2018-03-16 11:33:00',''),(1026,'字典新增',105,2,'#','','F','0','system:dict:add','#','admin','2018-03-16 11:33:00','ry','2018-03-16 11:33:00',''),(1027,'字典修改',105,3,'#','','F','0','system:dict:edit','#','admin','2018-03-16 11:33:00','ry','2018-03-16 11:33:00',''),(1028,'字典删除',105,4,'#','','F','0','system:dict:remove','#','admin','2018-03-16 11:33:00','ry','2018-03-16 11:33:00',''),(1029,'字典导出',105,5,'#','','F','0','system:dict:export','#','admin','2018-03-16 11:33:00','ry','2018-03-16 11:33:00',''),(1030,'参数查询',106,1,'#','','F','0','system:config:list','#','admin','2018-03-16 11:33:00','ry','2018-03-16 11:33:00',''),(1031,'参数新增',106,2,'#','','F','0','system:config:add','#','admin','2018-03-16 11:33:00','ry','2018-03-16 11:33:00',''),(1032,'参数修改',106,3,'#','','F','0','system:config:edit','#','admin','2018-03-16 11:33:00','ry','2018-03-16 11:33:00',''),(1033,'参数删除',106,4,'#','','F','0','system:config:remove','#','admin','2018-03-16 11:33:00','ry','2018-03-16 11:33:00',''),(1034,'参数导出',106,5,'#','','F','0','system:config:export','#','admin','2018-03-16 11:33:00','ry','2018-03-16 11:33:00',''),(1035,'公告查询',107,1,'#','','F','0','system:notice:list','#','admin','2018-03-16 11:33:00','ry','2018-03-16 11:33:00',''),(1036,'公告新增',107,2,'#','','F','0','system:notice:add','#','admin','2018-03-16 11:33:00','ry','2018-03-16 11:33:00',''),(1037,'公告修改',107,3,'#','','F','0','system:notice:edit','#','admin','2018-03-16 11:33:00','ry','2018-03-16 11:33:00',''),(1038,'公告删除',107,4,'#','','F','0','system:notice:remove','#','admin','2018-03-16 11:33:00','ry','2018-03-16 11:33:00',''),(1039,'操作查询',500,1,'#','','F','0','monitor:operlog:list','#','admin','2018-03-16 11:33:00','ry','2018-03-16 11:33:00',''),(1040,'操作删除',500,2,'#','','F','0','monitor:operlog:remove','#','admin','2018-03-16 11:33:00','ry','2018-03-16 11:33:00',''),(1041,'详细信息',500,3,'#','','F','0','monitor:operlog:detail','#','admin','2018-03-16 11:33:00','ry','2018-03-16 11:33:00',''),(1042,'日志导出',500,4,'#','','F','0','monitor:operlog:export','#','admin','2018-03-16 11:33:00','ry','2018-03-16 11:33:00',''),(1043,'登录查询',501,1,'#','','F','0','monitor:logininfor:list','#','admin','2018-03-16 11:33:00','ry','2018-03-16 11:33:00',''),(1044,'登录删除',501,2,'#','','F','0','monitor:logininfor:remove','#','admin','2018-03-16 11:33:00','ry','2018-03-16 11:33:00',''),(1045,'日志导出',501,3,'#','','F','0','monitor:logininfor:export','#','admin','2018-03-16 11:33:00','ry','2018-03-16 11:33:00',''),(1046,'账户解锁',501,4,'#','','F','0','monitor:logininfor:unlock','#','admin','2018-03-16 11:33:00','ry','2018-03-16 11:33:00',''),(1047,'在线查询',109,1,'#','','F','0','monitor:online:list','#','admin','2018-03-16 11:33:00','ry','2018-03-16 11:33:00',''),(1048,'批量强退',109,2,'#','','F','0','monitor:online:batchForceLogout','#','admin','2018-03-16 11:33:00','ry','2018-03-16 11:33:00',''),(1049,'单条强退',109,3,'#','','F','0','monitor:online:forceLogout','#','admin','2018-03-16 11:33:00','ry','2018-03-16 11:33:00',''),(1050,'任务查询',110,1,'#','','F','0','monitor:job:list','#','admin','2018-03-16 11:33:00','ry','2018-03-16 11:33:00',''),(1051,'任务新增',110,2,'#','','F','0','monitor:job:add','#','admin','2018-03-16 11:33:00','ry','2018-03-16 11:33:00',''),(1052,'任务修改',110,3,'#','','F','0','monitor:job:edit','#','admin','2018-03-16 11:33:00','ry','2018-03-16 11:33:00',''),(1053,'任务删除',110,4,'#','','F','0','monitor:job:remove','#','admin','2018-03-16 11:33:00','ry','2018-03-16 11:33:00',''),(1054,'状态修改',110,5,'#','','F','0','monitor:job:changeStatus','#','admin','2018-03-16 11:33:00','ry','2018-03-16 11:33:00',''),(1055,'任务详细',110,6,'#','','F','0','monitor:job:detail','#','admin','2018-03-16 11:33:00','ry','2018-03-16 11:33:00',''),(1056,'任务导出',110,7,'#','','F','0','monitor:job:export','#','admin','2018-03-16 11:33:00','ry','2018-03-16 11:33:00',''),(1057,'生成查询',114,1,'#','','F','0','tool:gen:list','#','admin','2018-03-16 11:33:00','ry','2018-03-16 11:33:00',''),(1058,'生成修改',114,2,'#','','F','0','tool:gen:edit','#','admin','2018-03-16 11:33:00','ry','2018-03-16 11:33:00',''),(1059,'生成删除',114,3,'#','','F','0','tool:gen:remove','#','admin','2018-03-16 11:33:00','ry','2018-03-16 11:33:00',''),(1060,'预览代码',114,4,'#','','F','0','tool:gen:preview','#','admin','2018-03-16 11:33:00','ry','2018-03-16 11:33:00',''),(1061,'生成代码',114,5,'#','','F','0','tool:gen:code','#','admin','2018-03-16 11:33:00','ry','2018-03-16 11:33:00',''),(2000,'流程菜单',0,5,'#','menuItem','M','0','','fa fa-cogs','admin','2020-02-25 21:00:54','admin','2020-06-13 18:29:12',''),(2001,'流程模型',2000,1,'/modeler/modelList','menuItem','C','0','','#','admin','2020-02-25 21:04:53','admin','2020-02-25 21:40:37',''),(2002,'流程定义',2000,2,'/definition','menuItem','C','0',NULL,'#','admin','2020-02-26 22:00:43','',NULL,''),(2003,'流程用户',2000,3,'/user','menuItem','C','0',NULL,'#','admin','2020-02-27 20:21:42','',NULL,''),(2004,'流程用户组',2000,4,'/group','menuItem','C','0',NULL,'#','admin','2020-02-27 20:22:58','',NULL,''),(2005,'请假流程',0,6,'#','menuItem','M','0','','fa fa-send','admin','2020-02-28 20:34:58','admin','2020-06-13 18:29:18',''),(2006,'请假列表',2005,1,'/leave','menuItem','C','0','','#','admin','2020-02-28 20:36:16','admin','2020-03-27 21:47:22',''),(2007,'我的待办',2005,2,'/leave/leaveTodo','menuItem','C','0','','#','admin','2020-02-28 20:42:26','admin','2020-02-28 21:50:48',''),(2008,'我的已办',2005,3,'/leave/leaveDone','menuItem','C','0','','#','admin','2020-02-28 20:43:18','admin','2020-02-28 21:50:58',''),(2009,'待办事项',0,9,'#','menuItem','M','0','','fa fa-book','admin','2020-03-25 20:11:55','admin','2020-06-13 18:29:48',''),(2010,'我的待办',2009,1,'/todoitem','menuItem','C','0',NULL,'#','admin','2020-03-25 20:13:40','',NULL,''),(2011,'我的已办',2009,2,'/todoitem/doneitemView','menuItem','C','0',NULL,'#','admin','2020-03-25 20:15:40','',NULL,''),(2012,'请假会签',0,7,'#','menuItem','M','0','','fa fa-commenting','admin','2020-03-27 21:41:00','admin','2020-06-13 18:29:26',''),(2013,'请假列表',2012,1,'/leaveCounterSign','menuItem','C','0','','#','admin','2020-03-27 21:41:30','admin','2020-03-27 21:47:13',''),(2014,'我的待办',2012,2,'/leaveCounterSign/leaveTodo','menuItem','C','0',NULL,'#','admin','2020-03-27 21:42:38','',NULL,''),(2015,'我的已办',2012,3,'/leaveCounterSign/leaveDone','menuItem','C','0',NULL,'#','admin','2020-03-27 21:43:01','',NULL,''),(2016,'采购流程',0,8,'#','menuItem','M','0','','fa fa-cart-plus','admin','2020-04-02 20:51:01','admin','2020-06-13 18:29:38',''),(2017,'采购列表',2016,1,'/purchase','menuItem','C','0',NULL,'#','admin','2020-04-02 20:51:45','',NULL,''),(2018,'我的待办',2016,2,'/purchase/purchaseTodo','menuItem','C','0',NULL,'#','admin','2020-04-02 20:52:16','',NULL,''),(2019,'我的已办',2016,3,'/purchase/purchaseDone','menuItem','C','0',NULL,'#','admin','2020-04-02 20:52:42','',NULL,''),(2020,'楼盘基础信息',2068,1,'/system/building','menuItem','C','0','system:building:view','#','admin','2018-03-01 00:00:00','admin','2020-06-13 18:30:17','楼盘基础信息菜单'),(2021,'楼盘基础信息查询',2020,1,'#','','F','0','system:building:list','#','admin','2018-03-01 00:00:00','ry','2018-03-01 00:00:00',''),(2022,'楼盘基础信息新增',2020,2,'#','','F','0','system:building:add','#','admin','2018-03-01 00:00:00','ry','2018-03-01 00:00:00',''),(2023,'楼盘基础信息修改',2020,3,'#','','F','0','system:building:edit','#','admin','2018-03-01 00:00:00','ry','2018-03-01 00:00:00',''),(2024,'楼盘基础信息删除',2020,4,'#','','F','0','system:building:remove','#','admin','2018-03-01 00:00:00','ry','2018-03-01 00:00:00',''),(2025,'楼盘基础信息导出',2020,5,'#','','F','0','system:building:export','#','admin','2018-03-01 00:00:00','ry','2018-03-01 00:00:00',''),(2026,'楼房基础信息',2068,1,'/system/house','menuItem','C','0','system:house:view','#','admin','2018-03-01 00:00:00','admin','2020-06-13 18:30:29','楼房基础信息菜单'),(2027,'楼房基础信息查询',2026,1,'#','','F','0','system:house:list','#','admin','2018-03-01 00:00:00','ry','2018-03-01 00:00:00',''),(2028,'楼房基础信息新增',2026,2,'#','','F','0','system:house:add','#','admin','2018-03-01 00:00:00','ry','2018-03-01 00:00:00',''),(2029,'楼房基础信息修改',2026,3,'#','','F','0','system:house:edit','#','admin','2018-03-01 00:00:00','ry','2018-03-01 00:00:00',''),(2030,'楼房基础信息删除',2026,4,'#','','F','0','system:house:remove','#','admin','2018-03-01 00:00:00','ry','2018-03-01 00:00:00',''),(2031,'楼房基础信息导出',2026,5,'#','','F','0','system:house:export','#','admin','2018-03-01 00:00:00','ry','2018-03-01 00:00:00',''),(2032,'楼盘单元楼号中间',2068,1,'/system/unit','menuItem','C','0','system:unit:view','#','admin','2018-03-01 00:00:00','admin','2020-06-13 18:30:40','楼盘单元楼号中间菜单'),(2033,'楼盘单元楼号中间查询',2032,1,'#','','F','0','system:unit:list','#','admin','2018-03-01 00:00:00','ry','2018-03-01 00:00:00',''),(2034,'楼盘单元楼号中间新增',2032,2,'#','','F','0','system:unit:add','#','admin','2018-03-01 00:00:00','ry','2018-03-01 00:00:00',''),(2035,'楼盘单元楼号中间修改',2032,3,'#','','F','0','system:unit:edit','#','admin','2018-03-01 00:00:00','ry','2018-03-01 00:00:00',''),(2036,'楼盘单元楼号中间删除',2032,4,'#','','F','0','system:unit:remove','#','admin','2018-03-01 00:00:00','ry','2018-03-01 00:00:00',''),(2037,'楼盘单元楼号中间导出',2032,5,'#','','F','0','system:unit:export','#','admin','2018-03-01 00:00:00','ry','2018-03-01 00:00:00',''),(2038,'销售小组管理',2067,1,'/system/salesTeam','menuItem','C','0','system:salesTeam:view','#','admin','2018-03-01 00:00:00','admin','2020-06-13 18:26:28','销售小组管理菜单'),(2039,'销售小组管理查询',2038,1,'#','','F','0','system:salesTeam:list','#','admin','2018-03-01 00:00:00','ry','2018-03-01 00:00:00',''),(2040,'销售小组管理新增',2038,2,'#','','F','0','system:salesTeam:add','#','admin','2018-03-01 00:00:00','ry','2018-03-01 00:00:00',''),(2041,'销售小组管理修改',2038,3,'#','','F','0','system:salesTeam:edit','#','admin','2018-03-01 00:00:00','ry','2018-03-01 00:00:00',''),(2042,'销售小组管理删除',2038,4,'#','','F','0','system:salesTeam:remove','#','admin','2018-03-01 00:00:00','ry','2018-03-01 00:00:00',''),(2043,'销售小组管理导出',2038,5,'#','','F','0','system:salesTeam:export','#','admin','2018-03-01 00:00:00','ry','2018-03-01 00:00:00',''),(2044,'销售小组信息',2067,1,'/system/sale_team','menuItem','C','0','system:sale_team:view','#','admin','2018-03-01 00:00:00','admin','2020-06-13 18:26:42','销售小组信息菜单'),(2045,'销售小组信息查询',2044,1,'#','','F','0','system:sale_team:list','#','admin','2018-03-01 00:00:00','ry','2018-03-01 00:00:00',''),(2046,'销售小组信息新增',2044,2,'#','','F','0','system:sale_team:add','#','admin','2018-03-01 00:00:00','ry','2018-03-01 00:00:00',''),(2047,'销售小组信息修改',2044,3,'#','','F','0','system:sale_team:edit','#','admin','2018-03-01 00:00:00','ry','2018-03-01 00:00:00',''),(2048,'销售小组信息删除',2044,4,'#','','F','0','system:sale_team:remove','#','admin','2018-03-01 00:00:00','ry','2018-03-01 00:00:00',''),(2049,'销售小组信息导出',2044,5,'#','','F','0','system:sale_team:export','#','admin','2018-03-01 00:00:00','ry','2018-03-01 00:00:00',''),(2055,'销售信息',2067,1,'/system/detail','menuItem','C','0','system:detail:view','#','admin','2018-03-01 00:00:00','admin','2020-06-13 18:26:11','销售信息菜单'),(2056,'销售信息录入查询',2055,1,'#','','F','0','system:detail:list','#','admin','2018-03-01 00:00:00','ry','2018-03-01 00:00:00',''),(2057,'销售信息录入新增',2055,2,'#','','F','0','system:detail:add','#','admin','2018-03-01 00:00:00','ry','2018-03-01 00:00:00',''),(2058,'销售信息录入修改',2055,3,'#','','F','0','system:detail:edit','#','admin','2018-03-01 00:00:00','ry','2018-03-01 00:00:00',''),(2059,'销售信息录入删除',2055,4,'#','','F','0','system:detail:remove','#','admin','2018-03-01 00:00:00','ry','2018-03-01 00:00:00',''),(2060,'销售信息录入导出',2055,5,'#','','F','0','system:detail:export','#','admin','2018-03-01 00:00:00','ry','2018-03-01 00:00:00',''),(2061,'提成明细',2068,1,'/system/commission','menuItem','C','0','system:commission:view','#','admin','2018-03-01 00:00:00','admin','2020-06-13 18:30:04','提成明细菜单'),(2062,'提成明细查询',2061,1,'#','','F','0','system:commission:list','#','admin','2018-03-01 00:00:00','ry','2018-03-01 00:00:00',''),(2063,'提成明细新增',2061,2,'#','','F','0','system:commission:add','#','admin','2018-03-01 00:00:00','ry','2018-03-01 00:00:00',''),(2064,'提成明细修改',2061,3,'#','','F','0','system:commission:edit','#','admin','2018-03-01 00:00:00','ry','2018-03-01 00:00:00',''),(2065,'提成明细删除',2061,4,'#','','F','0','system:commission:remove','#','admin','2018-03-01 00:00:00','ry','2018-03-01 00:00:00',''),(2066,'提成明细导出',2061,5,'#','','F','0','system:commission:export','#','admin','2018-03-01 00:00:00','ry','2018-03-01 00:00:00',''),(2067,'销售订单管理',0,0,'#','menuItem','M','0',NULL,'fa fa-coffee','admin','2020-06-13 18:25:33','',NULL,''),(2068,'基础数据管理',0,1,'#','menuItem','M','0',NULL,'fa fa-database','admin','2020-06-13 18:28:05','',NULL,'');

/*Table structure for table `sys_notice` */

DROP TABLE IF EXISTS `sys_notice`;

CREATE TABLE `sys_notice` (
  `notice_id` int(4) NOT NULL AUTO_INCREMENT COMMENT '公告ID',
  `notice_title` varchar(50) NOT NULL COMMENT '公告标题',
  `notice_type` char(1) NOT NULL COMMENT '公告类型（1通知 2公告）',
  `notice_content` varchar(2000) DEFAULT NULL COMMENT '公告内容',
  `status` char(1) DEFAULT '0' COMMENT '公告状态（0正常 1关闭）',
  `create_by` varchar(64) DEFAULT '' COMMENT '创建者',
  `create_time` datetime DEFAULT NULL COMMENT '创建时间',
  `update_by` varchar(64) DEFAULT '' COMMENT '更新者',
  `update_time` datetime DEFAULT NULL COMMENT '更新时间',
  `remark` varchar(255) DEFAULT NULL COMMENT '备注',
  PRIMARY KEY (`notice_id`)
) ENGINE=InnoDB AUTO_INCREMENT=3 DEFAULT CHARSET=utf8 COMMENT='通知公告表';

/*Data for the table `sys_notice` */

insert  into `sys_notice`(`notice_id`,`notice_title`,`notice_type`,`notice_content`,`status`,`create_by`,`create_time`,`update_by`,`update_time`,`remark`) values (1,'温馨提醒：2018-07-01 若依新版本发布啦','2','新版本内容','0','admin','2018-03-16 11:33:00','ry','2018-03-16 11:33:00','管理员'),(2,'维护通知：2018-07-01 若依系统凌晨维护','1','维护内容','0','admin','2018-03-16 11:33:00','ry','2018-03-16 11:33:00','管理员');

/*Table structure for table `sys_oper_log` */

DROP TABLE IF EXISTS `sys_oper_log`;

CREATE TABLE `sys_oper_log` (
  `oper_id` bigint(20) NOT NULL AUTO_INCREMENT COMMENT '日志主键',
  `title` varchar(50) DEFAULT '' COMMENT '模块标题',
  `business_type` int(2) DEFAULT '0' COMMENT '业务类型（0其它 1新增 2修改 3删除）',
  `method` varchar(100) DEFAULT '' COMMENT '方法名称',
  `request_method` varchar(10) DEFAULT '' COMMENT '请求方式',
  `operator_type` int(1) DEFAULT '0' COMMENT '操作类别（0其它 1后台用户 2手机端用户）',
  `oper_name` varchar(50) DEFAULT '' COMMENT '操作人员',
  `dept_name` varchar(50) DEFAULT '' COMMENT '部门名称',
  `oper_url` varchar(255) DEFAULT '' COMMENT '请求URL',
  `oper_ip` varchar(50) DEFAULT '' COMMENT '主机地址',
  `oper_location` varchar(255) DEFAULT '' COMMENT '操作地点',
  `oper_param` varchar(2000) DEFAULT '' COMMENT '请求参数',
  `json_result` varchar(2000) DEFAULT '' COMMENT '返回参数',
  `status` int(1) DEFAULT '0' COMMENT '操作状态（0正常 1异常）',
  `error_msg` varchar(2000) DEFAULT '' COMMENT '错误消息',
  `oper_time` datetime DEFAULT NULL COMMENT '操作时间',
  PRIMARY KEY (`oper_id`)
) ENGINE=InnoDB AUTO_INCREMENT=374 DEFAULT CHARSET=utf8 COMMENT='操作日志记录';

/*Data for the table `sys_oper_log` */

insert  into `sys_oper_log`(`oper_id`,`title`,`business_type`,`method`,`request_method`,`operator_type`,`oper_name`,`dept_name`,`oper_url`,`oper_ip`,`oper_location`,`oper_param`,`json_result`,`status`,`error_msg`,`oper_time`) values (100,'菜单管理',1,'com.ruoyi.web.controller.system.SysMenuController.addSave()','POST',1,'admin','研发部门','/system/menu/add','127.0.0.1','内网IP','{\r\n  \"parentId\" : [ \"0\" ],\r\n  \"menuType\" : [ \"M\" ],\r\n  \"menuName\" : [ \"流程菜单\" ],\r\n  \"url\" : [ \"\" ],\r\n  \"target\" : [ \"menuItem\" ],\r\n  \"perms\" : [ \"\" ],\r\n  \"orderNum\" : [ \"4\" ],\r\n  \"icon\" : [ \"fa fa-cogs\" ],\r\n  \"visible\" : [ \"0\" ]\r\n}','{\r\n  \"msg\" : \"操作成功\",\r\n  \"code\" : 0\r\n}',0,NULL,'2020-02-25 21:00:54'),(101,'菜单管理',1,'com.ruoyi.web.controller.system.SysMenuController.addSave()','POST',1,'admin','研发部门','/system/menu/add','127.0.0.1','内网IP','{\r\n  \"parentId\" : [ \"2000\" ],\r\n  \"menuType\" : [ \"C\" ],\r\n  \"menuName\" : [ \"流程模型\" ],\r\n  \"url\" : [ \"/modeler/model\" ],\r\n  \"target\" : [ \"menuItem\" ],\r\n  \"perms\" : [ \"\" ],\r\n  \"orderNum\" : [ \"1\" ],\r\n  \"icon\" : [ \"#\" ],\r\n  \"visible\" : [ \"0\" ]\r\n}','{\r\n  \"msg\" : \"操作成功\",\r\n  \"code\" : 0\r\n}',0,NULL,'2020-02-25 21:04:53'),(102,'菜单管理',2,'com.ruoyi.web.controller.system.SysMenuController.editSave()','POST',1,'admin','研发部门','/system/menu/edit','127.0.0.1','内网IP','{\r\n  \"menuId\" : [ \"2001\" ],\r\n  \"parentId\" : [ \"2000\" ],\r\n  \"menuType\" : [ \"C\" ],\r\n  \"menuName\" : [ \"流程模型\" ],\r\n  \"url\" : [ \"/modeler/modelList\" ],\r\n  \"target\" : [ \"menuItem\" ],\r\n  \"perms\" : [ \"\" ],\r\n  \"orderNum\" : [ \"1\" ],\r\n  \"icon\" : [ \"#\" ],\r\n  \"visible\" : [ \"0\" ]\r\n}','{\r\n  \"msg\" : \"操作成功\",\r\n  \"code\" : 0\r\n}',0,NULL,'2020-02-25 21:40:37'),(103,'流程模型',3,'com.ruoyi.activiti.modeler.ModelerController.remove()','POST',1,'admin','研发部门','/modeler/remove','127.0.0.1','内网IP','{\r\n  \"ids\" : [ \"10006\" ]\r\n}','{\r\n  \"msg\" : \"操作成功\",\r\n  \"code\" : 0\r\n}',0,NULL,'2020-02-26 19:53:56'),(104,'菜单管理',1,'com.ruoyi.web.controller.system.SysMenuController.addSave()','POST',1,'admin','研发部门','/system/menu/add','127.0.0.1','内网IP','{\r\n  \"parentId\" : [ \"2000\" ],\r\n  \"menuType\" : [ \"C\" ],\r\n  \"menuName\" : [ \"流程定义\" ],\r\n  \"url\" : [ \"/definition\" ],\r\n  \"target\" : [ \"menuItem\" ],\r\n  \"perms\" : [ \"\" ],\r\n  \"orderNum\" : [ \"2\" ],\r\n  \"icon\" : [ \"#\" ],\r\n  \"visible\" : [ \"0\" ]\r\n}','{\r\n  \"msg\" : \"操作成功\",\r\n  \"code\" : 0\r\n}',0,NULL,'2020-02-26 22:00:43'),(105,'流程定义',3,'com.ruoyi.activiti.controller.ProcessDefinitionController.remove()','POST',1,'admin','研发部门','/definition/remove','127.0.0.1','内网IP','{\r\n  \"ids\" : [ \"1\" ]\r\n}','{\r\n  \"msg\" : \"操作失败\",\r\n  \"code\" : 500\r\n}',0,NULL,'2020-02-26 22:15:16'),(106,'流程定义',3,'com.ruoyi.activiti.controller.ProcessDefinitionController.remove()','POST',1,'admin','研发部门','/definition/remove','127.0.0.1','内网IP','{\r\n  \"ids\" : [ \"1\" ]\r\n}','{\r\n  \"msg\" : \"操作失败\",\r\n  \"code\" : 500\r\n}',0,NULL,'2020-02-26 22:15:49'),(107,'流程定义',3,'com.ruoyi.activiti.controller.ProcessDefinitionController.remove()','POST',1,'admin','研发部门','/definition/remove','127.0.0.1','内网IP','{\r\n  \"ids\" : [ \"1\" ]\r\n}','{\r\n  \"msg\" : \"操作失败\",\r\n  \"code\" : 500\r\n}',0,NULL,'2020-02-26 22:19:17'),(108,'流程定义',3,'com.ruoyi.activiti.controller.ProcessDefinitionController.remove()','POST',1,'admin','研发部门','/definition/remove','127.0.0.1','内网IP','{\r\n  \"ids\" : [ \"1\" ]\r\n}','{\r\n  \"msg\" : \"操作失败\",\r\n  \"code\" : 500\r\n}',0,NULL,'2020-02-26 22:19:46'),(109,'流程定义',3,'com.ruoyi.activiti.controller.ProcessDefinitionController.remove()','POST',1,'admin','研发部门','/definition/remove','127.0.0.1','内网IP','{\r\n  \"ids\" : [ \"1\" ]\r\n}','{\r\n  \"msg\" : \"操作失败\",\r\n  \"code\" : 500\r\n}',0,NULL,'2020-02-26 22:22:18'),(110,'流程定义',3,'com.ruoyi.activiti.controller.ProcessDefinitionController.remove()','POST',1,'admin','研发部门','/definition/remove','127.0.0.1','内网IP','{\r\n  \"ids\" : [ \"1\" ]\r\n}','{\r\n  \"msg\" : \"操作失败\",\r\n  \"code\" : 500\r\n}',0,NULL,'2020-02-26 22:23:12'),(111,'流程定义',3,'com.ruoyi.activiti.controller.ProcessDefinitionController.remove()','POST',1,'admin','研发部门','/definition/remove','127.0.0.1','内网IP','{\r\n  \"ids\" : [ \"1\" ]\r\n}','{\r\n  \"msg\" : \"操作成功\",\r\n  \"code\" : 0\r\n}',0,NULL,'2020-02-26 22:25:12'),(112,'流程定义',1,'com.ruoyi.activiti.controller.ProcessDefinitionController.upload()','POST',1,'admin','研发部门','/definition/upload','127.0.0.1','内网IP','{ }','{\r\n  \"msg\" : \"filename : [leave.bpmn], extension : [bpmn], allowed extension : [[bmp, gif, jpg, jpeg, png, doc, docx, xls, xlsx, ppt, pptx, html, htm, txt, rar, zip, gz, bz2, pdf]]\",\r\n  \"code\" : 500\r\n}',0,NULL,'2020-02-26 22:27:37'),(113,'流程定义',1,'com.ruoyi.activiti.controller.ProcessDefinitionController.upload()','POST',1,'admin','研发部门','/definition/upload','127.0.0.1','内网IP','{ }','{\r\n  \"msg\" : \"系统找不到指定的路径。\",\r\n  \"code\" : 500\r\n}',0,NULL,'2020-02-26 22:33:33'),(114,'流程定义',1,'com.ruoyi.activiti.controller.ProcessDefinitionController.upload()','POST',1,'admin','研发部门','/definition/upload','127.0.0.1','内网IP','{ }','{\r\n  \"msg\" : \"系统找不到指定的路径。\",\r\n  \"code\" : 500\r\n}',0,NULL,'2020-02-26 22:37:34'),(115,'流程定义',1,'com.ruoyi.activiti.controller.ProcessDefinitionController.upload()','POST',1,'admin','研发部门','/definition/upload','127.0.0.1','内网IP','{ }','{\r\n  \"msg\" : \"操作成功\",\r\n  \"code\" : 0\r\n}',0,NULL,'2020-02-26 22:38:03'),(116,'角色管理',1,'com.ruoyi.web.controller.system.SysRoleController.addSave()','POST',1,'admin','研发部门','/system/role/add','127.0.0.1','内网IP','{\r\n  \"roleName\" : [ \"部门领导\" ],\r\n  \"roleKey\" : [ \"deptLeader\" ],\r\n  \"roleSort\" : [ \"3\" ],\r\n  \"status\" : [ \"0\" ],\r\n  \"remark\" : [ \"请假流程测试角色 -> 流程用户组\" ],\r\n  \"menuIds\" : [ \"\" ]\r\n}','{\r\n  \"msg\" : \"操作成功\",\r\n  \"code\" : 0\r\n}',0,NULL,'2020-02-27 19:37:37'),(117,'角色管理',1,'com.ruoyi.web.controller.system.SysRoleController.addSave()','POST',1,'admin','研发部门','/system/role/add','127.0.0.1','内网IP','{\r\n  \"roleName\" : [ \"人事\" ],\r\n  \"roleKey\" : [ \"hr\" ],\r\n  \"roleSort\" : [ \"4\" ],\r\n  \"status\" : [ \"0\" ],\r\n  \"remark\" : [ \"请假流程测试角色 -> 流程用户组\" ],\r\n  \"menuIds\" : [ \"\" ]\r\n}','{\r\n  \"msg\" : \"操作成功\",\r\n  \"code\" : 0\r\n}',0,NULL,'2020-02-27 19:38:41'),(118,'用户管理',1,'com.ruoyi.web.controller.system.SysUserController.addSave()','POST',1,'admin','研发部门','/system/user/add','127.0.0.1','内网IP','{\r\n  \"deptId\" : [ \"105\" ],\r\n  \"userName\" : [ \"程序猿\" ],\r\n  \"deptName\" : [ \"测试部门\" ],\r\n  \"phonenumber\" : [ \"13000000000\" ],\r\n  \"email\" : [ \"110@gmail.com\" ],\r\n  \"loginName\" : [ \"chengxy\" ],\r\n  \"password\" : [ \"123456\" ],\r\n  \"sex\" : [ \"0\" ],\r\n  \"remark\" : [ \"注意该用户暂时没有分配角色（即没有分配到流程用户组）\" ],\r\n  \"status\" : [ \"0\" ],\r\n  \"roleIds\" : [ \"\" ],\r\n  \"postIds\" : [ \"\" ]\r\n}','{\r\n  \"msg\" : \"操作成功\",\r\n  \"code\" : 0\r\n}',0,NULL,'2020-02-27 19:43:45'),(119,'用户管理',1,'com.ruoyi.web.controller.system.SysUserController.addSave()','POST',1,'admin','研发部门','/system/user/add','127.0.0.1','内网IP','{\r\n  \"deptId\" : [ \"105\" ],\r\n  \"userName\" : [ \"一只闲鹿\" ],\r\n  \"deptName\" : [ \"测试部门\" ],\r\n  \"phonenumber\" : [ \"13000000001\" ],\r\n  \"email\" : [ \"114@gmail.com\" ],\r\n  \"loginName\" : [ \"axianlu\" ],\r\n  \"password\" : [ \"123456\" ],\r\n  \"sex\" : [ \"0\" ],\r\n  \"role\" : [ \"100\" ],\r\n  \"remark\" : [ \"\" ],\r\n  \"status\" : [ \"0\" ],\r\n  \"roleIds\" : [ \"100\" ],\r\n  \"postIds\" : [ \"\" ]\r\n}','{\r\n  \"msg\" : \"操作成功\",\r\n  \"code\" : 0\r\n}',0,NULL,'2020-02-27 19:45:15'),(120,'用户管理',1,'com.ruoyi.web.controller.system.SysUserController.addSave()','POST',1,'admin','研发部门','/system/user/add','127.0.0.1','内网IP','{\r\n  \"deptId\" : [ \"105\" ],\r\n  \"userName\" : [ \"人事喵\" ],\r\n  \"deptName\" : [ \"测试部门\" ],\r\n  \"phonenumber\" : [ \"13000000002\" ],\r\n  \"email\" : [ \"115@gmail.com\" ],\r\n  \"loginName\" : [ \"rensm\" ],\r\n  \"password\" : [ \"123456\" ],\r\n  \"sex\" : [ \"1\" ],\r\n  \"role\" : [ \"101\" ],\r\n  \"remark\" : [ \"\" ],\r\n  \"status\" : [ \"0\" ],\r\n  \"roleIds\" : [ \"101\" ],\r\n  \"postIds\" : [ \"\" ]\r\n}','{\r\n  \"msg\" : \"操作成功\",\r\n  \"code\" : 0\r\n}',0,NULL,'2020-02-27 19:46:20'),(121,'菜单管理',1,'com.ruoyi.web.controller.system.SysMenuController.addSave()','POST',1,'admin','研发部门','/system/menu/add','127.0.0.1','内网IP','{\r\n  \"parentId\" : [ \"2000\" ],\r\n  \"menuType\" : [ \"C\" ],\r\n  \"menuName\" : [ \"流程用户\" ],\r\n  \"url\" : [ \"/user\" ],\r\n  \"target\" : [ \"menuItem\" ],\r\n  \"perms\" : [ \"\" ],\r\n  \"orderNum\" : [ \"3\" ],\r\n  \"icon\" : [ \"#\" ],\r\n  \"visible\" : [ \"0\" ]\r\n}','{\r\n  \"msg\" : \"操作成功\",\r\n  \"code\" : 0\r\n}',0,NULL,'2020-02-27 20:21:42'),(122,'菜单管理',1,'com.ruoyi.web.controller.system.SysMenuController.addSave()','POST',1,'admin','研发部门','/system/menu/add','127.0.0.1','内网IP','{\r\n  \"parentId\" : [ \"2000\" ],\r\n  \"menuType\" : [ \"C\" ],\r\n  \"menuName\" : [ \"流程用户组\" ],\r\n  \"url\" : [ \"/group\" ],\r\n  \"target\" : [ \"menuItem\" ],\r\n  \"perms\" : [ \"\" ],\r\n  \"orderNum\" : [ \"4\" ],\r\n  \"icon\" : [ \"#\" ],\r\n  \"visible\" : [ \"0\" ]\r\n}','{\r\n  \"msg\" : \"操作成功\",\r\n  \"code\" : 0\r\n}',0,NULL,'2020-02-27 20:22:58'),(123,'菜单管理',1,'com.ruoyi.web.controller.system.SysMenuController.addSave()','POST',1,'admin','研发部门','/system/menu/add','127.0.0.1','内网IP','{\r\n  \"parentId\" : [ \"0\" ],\r\n  \"menuType\" : [ \"M\" ],\r\n  \"menuName\" : [ \"业务菜单\" ],\r\n  \"url\" : [ \"\" ],\r\n  \"target\" : [ \"menuItem\" ],\r\n  \"perms\" : [ \"\" ],\r\n  \"orderNum\" : [ \"5\" ],\r\n  \"icon\" : [ \"fa fa-send\" ],\r\n  \"visible\" : [ \"0\" ]\r\n}','{\r\n  \"msg\" : \"操作成功\",\r\n  \"code\" : 0\r\n}',0,NULL,'2020-02-28 20:34:58'),(124,'菜单管理',1,'com.ruoyi.web.controller.system.SysMenuController.addSave()','POST',1,'admin','研发部门','/system/menu/add','127.0.0.1','内网IP','{\r\n  \"parentId\" : [ \"2005\" ],\r\n  \"menuType\" : [ \"C\" ],\r\n  \"menuName\" : [ \"请假流程\" ],\r\n  \"url\" : [ \"/leave\" ],\r\n  \"target\" : [ \"menuItem\" ],\r\n  \"perms\" : [ \"\" ],\r\n  \"orderNum\" : [ \"1\" ],\r\n  \"icon\" : [ \"#\" ],\r\n  \"visible\" : [ \"0\" ]\r\n}','{\r\n  \"msg\" : \"操作成功\",\r\n  \"code\" : 0\r\n}',0,NULL,'2020-02-28 20:36:16'),(125,'菜单管理',1,'com.ruoyi.web.controller.system.SysMenuController.addSave()','POST',1,'admin','研发部门','/system/menu/add','127.0.0.1','内网IP','{\r\n  \"parentId\" : [ \"2005\" ],\r\n  \"menuType\" : [ \"C\" ],\r\n  \"menuName\" : [ \"我的待办\" ],\r\n  \"url\" : [ \"/leaveTodo\" ],\r\n  \"target\" : [ \"menuItem\" ],\r\n  \"perms\" : [ \"\" ],\r\n  \"orderNum\" : [ \"2\" ],\r\n  \"icon\" : [ \"#\" ],\r\n  \"visible\" : [ \"0\" ]\r\n}','{\r\n  \"msg\" : \"操作成功\",\r\n  \"code\" : 0\r\n}',0,NULL,'2020-02-28 20:42:26'),(126,'菜单管理',1,'com.ruoyi.web.controller.system.SysMenuController.addSave()','POST',1,'admin','研发部门','/system/menu/add','127.0.0.1','内网IP','{\r\n  \"parentId\" : [ \"2005\" ],\r\n  \"menuType\" : [ \"C\" ],\r\n  \"menuName\" : [ \"我的已办\" ],\r\n  \"url\" : [ \"/leaveDone\" ],\r\n  \"target\" : [ \"menuItem\" ],\r\n  \"perms\" : [ \"\" ],\r\n  \"orderNum\" : [ \"3\" ],\r\n  \"icon\" : [ \"#\" ],\r\n  \"visible\" : [ \"0\" ]\r\n}','{\r\n  \"msg\" : \"操作成功\",\r\n  \"code\" : 0\r\n}',0,NULL,'2020-02-28 20:43:18'),(127,'字典类型',1,'com.ruoyi.web.controller.system.SysDictTypeController.addSave()','POST',1,'admin','研发部门','/system/dict/add','127.0.0.1','内网IP','{\r\n  \"dictName\" : [ \"请假类型\" ],\r\n  \"dictType\" : [ \"biz_leave_type\" ],\r\n  \"status\" : [ \"0\" ],\r\n  \"remark\" : [ \"\" ]\r\n}','{\r\n  \"msg\" : \"操作成功\",\r\n  \"code\" : 0\r\n}',0,NULL,'2020-02-28 21:25:16'),(128,'字典数据',1,'com.ruoyi.web.controller.system.SysDictDataController.addSave()','POST',1,'admin','研发部门','/system/dict/data/add','127.0.0.1','内网IP','{\r\n  \"dictLabel\" : [ \"事假\" ],\r\n  \"dictValue\" : [ \"1\" ],\r\n  \"dictType\" : [ \"biz_leave_type\" ],\r\n  \"cssClass\" : [ \"\" ],\r\n  \"dictSort\" : [ \"1\" ],\r\n  \"listClass\" : [ \"success\" ],\r\n  \"isDefault\" : [ \"Y\" ],\r\n  \"status\" : [ \"0\" ],\r\n  \"remark\" : [ \"\" ]\r\n}','{\r\n  \"msg\" : \"操作成功\",\r\n  \"code\" : 0\r\n}',0,NULL,'2020-02-28 21:27:30'),(129,'字典数据',1,'com.ruoyi.web.controller.system.SysDictDataController.addSave()','POST',1,'admin','研发部门','/system/dict/data/add','127.0.0.1','内网IP','{\r\n  \"dictLabel\" : [ \"年假\" ],\r\n  \"dictValue\" : [ \"2\" ],\r\n  \"dictType\" : [ \"biz_leave_type\" ],\r\n  \"cssClass\" : [ \"\" ],\r\n  \"dictSort\" : [ \"2\" ],\r\n  \"listClass\" : [ \"warning\" ],\r\n  \"isDefault\" : [ \"Y\" ],\r\n  \"status\" : [ \"0\" ],\r\n  \"remark\" : [ \"\" ]\r\n}','{\r\n  \"msg\" : \"操作成功\",\r\n  \"code\" : 0\r\n}',0,NULL,'2020-02-28 21:27:58'),(130,'角色管理',1,'com.ruoyi.web.controller.system.SysRoleController.addSave()','POST',1,'admin','研发部门','/system/role/add','127.0.0.1','内网IP','{\r\n  \"roleName\" : [ \"流程角色\" ],\r\n  \"roleKey\" : [ \"processRole\" ],\r\n  \"roleSort\" : [ \"5\" ],\r\n  \"status\" : [ \"0\" ],\r\n  \"remark\" : [ \"\" ],\r\n  \"menuIds\" : [ \"2005,2006,2007,2008\" ]\r\n}','{\r\n  \"msg\" : \"操作成功\",\r\n  \"code\" : 0\r\n}',0,NULL,'2020-02-28 21:31:15'),(131,'角色管理',4,'com.ruoyi.web.controller.system.SysRoleController.selectAuthUserAll()','POST',1,'admin','研发部门','/system/role/authUser/selectAll','127.0.0.1','内网IP','{\r\n  \"roleId\" : [ \"102\" ],\r\n  \"userIds\" : [ \"102,101,100\" ]\r\n}','{\r\n  \"msg\" : \"操作成功\",\r\n  \"code\" : 0\r\n}',0,NULL,'2020-02-28 21:32:37'),(132,'请假业务',1,'com.ruoyi.activiti.controller.BizLeaveController.addSave()','POST',1,'chengxy','测试部门','/leave/add','127.0.0.1','内网IP','{\r\n  \"type\" : [ \"1\" ],\r\n  \"title\" : [ \"我想请假\" ],\r\n  \"reason\" : [ \"没想好理由\" ],\r\n  \"startTime\" : [ \"2020-02-28 22:00\" ],\r\n  \"endTime\" : [ \"2020-02-29 00:00\" ],\r\n  \"totalTime\" : [ \"7200\" ],\r\n  \"totalTimeText\" : [ \"0 天 2 时 0 分 0 秒\" ]\r\n}','{\r\n  \"msg\" : \"操作成功\",\r\n  \"code\" : 0\r\n}',0,NULL,'2020-02-28 21:41:59'),(133,'请假业务',2,'com.ruoyi.activiti.controller.BizLeaveController.editSave()','POST',1,'chengxy','测试部门','/leave/edit','127.0.0.1','内网IP','{\r\n  \"id\" : [ \"20\" ],\r\n  \"applyUserName\" : [ \"\" ],\r\n  \"applyTime\" : [ \"\" ],\r\n  \"type\" : [ \"1\" ],\r\n  \"title\" : [ \"我想请假\" ],\r\n  \"reason\" : [ \"但我没想好理由\" ],\r\n  \"startTime\" : [ \"2020-02-28 22:00\" ],\r\n  \"endTime\" : [ \"2020-02-29 00:00\" ],\r\n  \"totalTime\" : [ \"7200\" ],\r\n  \"totalTimeText\" : [ \"0 天 2 时 0 分 0 秒\" ]\r\n}','{\r\n  \"msg\" : \"操作成功\",\r\n  \"code\" : 0\r\n}',0,NULL,'2020-02-28 21:46:15'),(134,'请假业务',2,'com.ruoyi.activiti.controller.BizLeaveController.submitApply()','POST',1,'chengxy','测试部门','/leave/submitApply','127.0.0.1','内网IP','{\r\n  \"id\" : [ \"20\" ]\r\n}','{\r\n  \"msg\" : \"操作成功\",\r\n  \"code\" : 0\r\n}',0,NULL,'2020-02-28 21:46:23'),(135,'菜单管理',2,'com.ruoyi.web.controller.system.SysMenuController.editSave()','POST',1,'admin','研发部门','/system/menu/edit','127.0.0.1','内网IP','{\r\n  \"menuId\" : [ \"2007\" ],\r\n  \"parentId\" : [ \"2005\" ],\r\n  \"menuType\" : [ \"C\" ],\r\n  \"menuName\" : [ \"我的待办\" ],\r\n  \"url\" : [ \"/leave/leaveTodo\" ],\r\n  \"target\" : [ \"menuItem\" ],\r\n  \"perms\" : [ \"\" ],\r\n  \"orderNum\" : [ \"2\" ],\r\n  \"icon\" : [ \"#\" ],\r\n  \"visible\" : [ \"0\" ]\r\n}','{\r\n  \"msg\" : \"操作成功\",\r\n  \"code\" : 0\r\n}',0,NULL,'2020-02-28 21:50:48'),(136,'菜单管理',2,'com.ruoyi.web.controller.system.SysMenuController.editSave()','POST',1,'admin','研发部门','/system/menu/edit','127.0.0.1','内网IP','{\r\n  \"menuId\" : [ \"2008\" ],\r\n  \"parentId\" : [ \"2005\" ],\r\n  \"menuType\" : [ \"C\" ],\r\n  \"menuName\" : [ \"我的已办\" ],\r\n  \"url\" : [ \"/leave/leaveDone\" ],\r\n  \"target\" : [ \"menuItem\" ],\r\n  \"perms\" : [ \"\" ],\r\n  \"orderNum\" : [ \"3\" ],\r\n  \"icon\" : [ \"#\" ],\r\n  \"visible\" : [ \"0\" ]\r\n}','{\r\n  \"msg\" : \"操作成功\",\r\n  \"code\" : 0\r\n}',0,NULL,'2020-02-28 21:50:58'),(137,'请假业务',1,'com.ruoyi.activiti.controller.BizLeaveController.addSave()','POST',1,'admin','研发部门','/leave/add','127.0.0.1','内网IP','{\r\n  \"type\" : [ \"1\" ],\r\n  \"title\" : [ \"我想请假\" ],\r\n  \"reason\" : [ \"想请就请\" ],\r\n  \"startTime\" : [ \"2020-02-29 20:30\" ],\r\n  \"endTime\" : [ \"2020-02-29 22:00\" ],\r\n  \"totalTime\" : [ \"5400\" ],\r\n  \"totalTimeText\" : [ \"0 天 1 时 30 分 0 秒\" ]\r\n}','{\r\n  \"msg\" : \"提交申请失败：不允许管理员提交申请！\",\r\n  \"code\" : 500\r\n}',0,NULL,'2020-02-29 20:24:07'),(138,'请假业务',1,'com.ruoyi.activiti.controller.BizLeaveController.addSave()','POST',1,'chengxy','测试部门','/leave/add','127.0.0.1','内网IP','{\r\n  \"type\" : [ \"1\" ],\r\n  \"title\" : [ \"我想请假\" ],\r\n  \"reason\" : [ \"想请就请\" ],\r\n  \"startTime\" : [ \"2020-02-29 20:30\" ],\r\n  \"endTime\" : [ \"2020-02-29 22:00\" ],\r\n  \"totalTime\" : [ \"5400\" ],\r\n  \"totalTimeText\" : [ \"0 天 1 时 30 分 0 秒\" ]\r\n}','{\r\n  \"msg\" : \"操作成功\",\r\n  \"code\" : 0\r\n}',0,NULL,'2020-02-29 20:24:49'),(139,'请假业务',2,'com.ruoyi.activiti.controller.BizLeaveController.submitApply()','POST',1,'chengxy','测试部门','/leave/submitApply','127.0.0.1','内网IP','{\r\n  \"id\" : [ \"21\" ]\r\n}','{\r\n  \"msg\" : \"操作成功\",\r\n  \"code\" : 0\r\n}',0,NULL,'2020-02-29 20:24:53'),(140,'请假业务',1,'com.ruoyi.activiti.controller.BizLeaveController.addSave()','POST',1,'chengxy','测试部门','/leave/add','127.0.0.1','内网IP','{\r\n  \"type\" : [ \"1\" ],\r\n  \"title\" : [ \"我想请假\" ],\r\n  \"reason\" : [ \"又想请假了\" ],\r\n  \"startTime\" : [ \"2020-02-29 20:55\" ],\r\n  \"endTime\" : [ \"2020-02-29 22:00\" ],\r\n  \"totalTime\" : [ \"3900\" ],\r\n  \"totalTimeText\" : [ \"0 天 1 时 5 分 0 秒\" ]\r\n}','{\r\n  \"msg\" : \"操作成功\",\r\n  \"code\" : 0\r\n}',0,NULL,'2020-02-29 20:33:36'),(141,'请假业务',2,'com.ruoyi.activiti.controller.BizLeaveController.submitApply()','POST',1,'chengxy','测试部门','/leave/submitApply','127.0.0.1','内网IP','{\r\n  \"id\" : [ \"22\" ]\r\n}','{\r\n  \"msg\" : \"操作成功\",\r\n  \"code\" : 0\r\n}',0,NULL,'2020-02-29 20:33:39'),(142,'请假业务',1,'com.ruoyi.activiti.controller.BizLeaveController.addSave()','POST',1,'admin','研发部门','/leave/add','127.0.0.1','内网IP','{\r\n  \"type\" : [ \"1\" ],\r\n  \"title\" : [ \"1\" ],\r\n  \"reason\" : [ \"2\" ],\r\n  \"startTime\" : [ \"2020-03-19 14:30\" ],\r\n  \"endTime\" : [ \"2020-03-27 08:50\" ],\r\n  \"totalTime\" : [ \"670800\" ],\r\n  \"totalTimeText\" : [ \"7 天 18 时 20 分 0 秒\" ]\r\n}','{\r\n  \"msg\" : \"提交申请失败：不允许管理员提交申请！\",\r\n  \"code\" : 500\r\n}',0,NULL,'2020-03-19 08:28:42'),(143,'请假业务',1,'com.ruoyi.activiti.controller.BizLeaveController.addSave()','POST',1,'chengxy','测试部门','/leave/add','127.0.0.1','内网IP','{\r\n  \"type\" : [ \"1\" ],\r\n  \"title\" : [ \"1\" ],\r\n  \"reason\" : [ \"2\" ],\r\n  \"startTime\" : [ \"2020-03-19 10:50\" ],\r\n  \"endTime\" : [ \"2020-03-20 06:30\" ],\r\n  \"totalTime\" : [ \"70800\" ],\r\n  \"totalTimeText\" : [ \"0 天 19 时 40 分 0 秒\" ]\r\n}','{\r\n  \"msg\" : \"操作成功\",\r\n  \"code\" : 0\r\n}',0,NULL,'2020-03-19 08:29:20'),(144,'请假业务',2,'com.ruoyi.activiti.controller.BizLeaveController.submitApply()','POST',1,'chengxy','测试部门','/leave/submitApply','127.0.0.1','内网IP','{\r\n  \"id\" : [ \"23\" ]\r\n}','{\r\n  \"msg\" : \"操作成功\",\r\n  \"code\" : 0\r\n}',0,NULL,'2020-03-19 08:38:39'),(145,'请假业务',2,'com.ruoyi.activiti.controller.BizLeaveController.submitApply()','POST',1,'chengxy','测试部门','/leave/submitApply','127.0.0.1','内网IP','{\r\n  \"id\" : [ \"24\" ]\r\n}','{\r\n  \"msg\" : \"操作成功\",\r\n  \"code\" : 0\r\n}',0,NULL,'2020-03-19 08:38:41'),(146,'请假业务',2,'com.ruoyi.activiti.controller.BizLeaveController.submitApply()','POST',1,'chengxy','测试部门','/leave/submitApply','127.0.0.1','内网IP','{\r\n  \"id\" : [ \"25\" ]\r\n}','{\r\n  \"msg\" : \"操作成功\",\r\n  \"code\" : 0\r\n}',0,NULL,'2020-03-19 08:38:43'),(147,'请假业务',2,'com.ruoyi.activiti.controller.BizLeaveController.submitApply()','POST',1,'chengxy','测试部门','/leave/submitApply','127.0.0.1','内网IP','{\r\n  \"id\" : [ \"26\" ]\r\n}','{\r\n  \"msg\" : \"操作成功\",\r\n  \"code\" : 0\r\n}',0,NULL,'2020-03-19 08:38:45'),(148,'请假业务',2,'com.ruoyi.activiti.controller.BizLeaveController.submitApply()','POST',1,'chengxy','测试部门','/leave/submitApply','127.0.0.1','内网IP','{\r\n  \"id\" : [ \"27\" ]\r\n}','{\r\n  \"msg\" : \"操作成功\",\r\n  \"code\" : 0\r\n}',0,NULL,'2020-03-19 08:38:48'),(149,'请假业务',2,'com.ruoyi.activiti.controller.BizLeaveController.submitApply()','POST',1,'chengxy','测试部门','/leave/submitApply','127.0.0.1','内网IP','{\r\n  \"id\" : [ \"28\" ]\r\n}','{\r\n  \"msg\" : \"操作成功\",\r\n  \"code\" : 0\r\n}',0,NULL,'2020-03-19 08:38:50'),(150,'请假业务',2,'com.ruoyi.activiti.controller.BizLeaveController.submitApply()','POST',1,'chengxy','测试部门','/leave/submitApply','127.0.0.1','内网IP','{\r\n  \"id\" : [ \"29\" ]\r\n}','{\r\n  \"msg\" : \"操作成功\",\r\n  \"code\" : 0\r\n}',0,NULL,'2020-03-19 08:38:52'),(151,'请假业务',2,'com.ruoyi.activiti.controller.BizLeaveController.submitApply()','POST',1,'chengxy','测试部门','/leave/submitApply','127.0.0.1','内网IP','{\r\n  \"id\" : [ \"30\" ]\r\n}','{\r\n  \"msg\" : \"操作成功\",\r\n  \"code\" : 0\r\n}',0,NULL,'2020-03-19 08:38:56'),(152,'请假业务',2,'com.ruoyi.activiti.controller.BizLeaveController.submitApply()','POST',1,'chengxy','测试部门','/leave/submitApply','127.0.0.1','内网IP','{\r\n  \"id\" : [ \"31\" ]\r\n}','{\r\n  \"msg\" : \"操作成功\",\r\n  \"code\" : 0\r\n}',0,NULL,'2020-03-19 08:38:58'),(153,'请假业务',2,'com.ruoyi.activiti.controller.BizLeaveController.submitApply()','POST',1,'chengxy','测试部门','/leave/submitApply','127.0.0.1','内网IP','{\r\n  \"id\" : [ \"32\" ]\r\n}','{\r\n  \"msg\" : \"操作成功\",\r\n  \"code\" : 0\r\n}',0,NULL,'2020-03-19 08:39:00'),(154,'请假业务',2,'com.ruoyi.activiti.controller.BizLeaveController.submitApply()','POST',1,'chengxy','测试部门','/leave/submitApply','127.0.0.1','内网IP','{\r\n  \"id\" : [ \"33\" ]\r\n}','{\r\n  \"msg\" : \"操作成功\",\r\n  \"code\" : 0\r\n}',0,NULL,'2020-03-19 08:39:01'),(155,'流程定义',3,'com.ruoyi.activiti.controller.ProcessDefinitionController.remove()','POST',1,'admin','研发部门','/definition/remove','127.0.0.1','内网IP','{\r\n  \"ids\" : [ \"67501\" ]\r\n}','{\r\n  \"msg\" : \"操作成功\",\r\n  \"code\" : 0\r\n}',0,NULL,'2020-03-21 20:33:48'),(156,'流程定义',3,'com.ruoyi.activiti.controller.ProcessDefinitionController.remove()','POST',1,'admin','研发部门','/definition/remove','127.0.0.1','内网IP','{\r\n  \"ids\" : [ \"55001\" ]\r\n}','{\r\n  \"msg\" : \"操作失败\",\r\n  \"code\" : 500\r\n}',0,NULL,'2020-03-21 20:33:51'),(157,'流程定义',3,'com.ruoyi.activiti.controller.ProcessDefinitionController.remove()','POST',1,'admin','研发部门','/definition/remove','127.0.0.1','内网IP','{\r\n  \"ids\" : [ \"47505\" ]\r\n}','{\r\n  \"msg\" : \"操作成功\",\r\n  \"code\" : 0\r\n}',0,NULL,'2020-03-21 20:33:56'),(158,'流程定义',3,'com.ruoyi.activiti.controller.ProcessDefinitionController.remove()','POST',1,'admin','研发部门','/definition/remove','127.0.0.1','内网IP','{\r\n  \"ids\" : [ \"55001\" ]\r\n}','{\r\n  \"msg\" : \"操作失败\",\r\n  \"code\" : 500\r\n}',0,NULL,'2020-03-21 20:33:59'),(159,'流程定义',3,'com.ruoyi.activiti.controller.ProcessDefinitionController.remove()','POST',1,'admin','研发部门','/definition/remove','127.0.0.1','内网IP','{\r\n  \"ids\" : [ \"55001\" ]\r\n}','{\r\n  \"msg\" : \"操作失败\",\r\n  \"code\" : 500\r\n}',0,NULL,'2020-03-21 21:02:58'),(160,'流程定义',3,'com.ruoyi.activiti.controller.ProcessDefinitionController.remove()','POST',1,'admin','研发部门','/definition/remove','127.0.0.1','内网IP','{\r\n  \"ids\" : [ \"55001\" ]\r\n}','{\r\n  \"msg\" : \"操作失败\",\r\n  \"code\" : 500\r\n}',0,NULL,'2020-03-21 21:07:02'),(161,'流程定义',1,'com.ruoyi.activiti.controller.ProcessDefinitionController.upload()','POST',1,'admin','研发部门','/definition/upload','127.0.0.1','内网IP','{ }','{\r\n  \"msg\" : \"filename : [leave.bpmn], extension : [bpmn], allowed extension : [[bmp, gif, jpg, jpeg, png, doc, docx, xls, xlsx, ppt, pptx, html, htm, txt, rar, zip, gz, bz2, pdf]]\",\r\n  \"code\" : 500\r\n}',0,NULL,'2020-03-21 21:23:31'),(162,'流程定义',1,'com.ruoyi.activiti.controller.ProcessDefinitionController.upload()','POST',1,'admin','研发部门','/definition/upload','127.0.0.1','内网IP','{ }','{\r\n  \"msg\" : \"系统找不到指定的路径。\",\r\n  \"code\" : 500\r\n}',0,NULL,'2020-03-21 21:26:57'),(163,'流程定义',1,'com.ruoyi.activiti.controller.ProcessDefinitionController.upload()','POST',1,'admin','研发部门','/definition/upload','127.0.0.1','内网IP','{ }','{\r\n  \"msg\" : \"操作成功\",\r\n  \"code\" : 0\r\n}',0,NULL,'2020-03-21 21:28:19'),(164,'流程定义',3,'com.ruoyi.activiti.controller.ProcessDefinitionController.remove()','POST',1,'admin','研发部门','/definition/remove','127.0.0.1','内网IP','{\r\n  \"ids\" : [ \"55001\" ]\r\n}','{\r\n  \"msg\" : \"操作失败\",\r\n  \"code\" : 500\r\n}',0,NULL,'2020-03-21 21:33:05'),(165,'流程定义',3,'com.ruoyi.activiti.controller.ProcessDefinitionController.remove()','POST',1,'admin','研发部门','/definition/remove','127.0.0.1','内网IP','{\r\n  \"ids\" : [ \"55001\" ]\r\n}','{\r\n  \"msg\" : \"删除失败，存在运行中的流程实例\",\r\n  \"code\" : 500\r\n}',0,NULL,'2020-03-21 21:36:05'),(166,'流程定义',3,'com.ruoyi.activiti.controller.ProcessDefinitionController.remove()','POST',1,'admin','研发部门','/definition/remove','127.0.0.1','内网IP','{\r\n  \"ids\" : [ \"70001\" ]\r\n}','{\r\n  \"msg\" : \"操作成功\",\r\n  \"code\" : 0\r\n}',0,NULL,'2020-03-21 21:36:11'),(167,'流程定义',3,'com.ruoyi.activiti.controller.ProcessDefinitionController.remove()','POST',1,'admin','研发部门','/definition/remove','127.0.0.1','内网IP','{\r\n  \"ids\" : [ \"75001\" ]\r\n}','{\r\n  \"msg\" : \"操作成功\",\r\n  \"code\" : 0\r\n}',0,NULL,'2020-03-21 21:36:14'),(168,'流程定义',3,'com.ruoyi.activiti.controller.ProcessDefinitionController.remove()','POST',1,'admin','研发部门','/definition/remove','127.0.0.1','内网IP','{\r\n  \"ids\" : [ \"55001\" ]\r\n}','{\r\n  \"msg\" : \"删除失败，存在运行中的流程实例\",\r\n  \"code\" : 500\r\n}',0,NULL,'2020-03-21 21:36:17'),(169,'流程定义',3,'com.ruoyi.activiti.controller.ProcessDefinitionController.remove()','POST',1,'admin','研发部门','/definition/remove','127.0.0.1','内网IP','{\r\n  \"ids\" : [ \"55001\" ]\r\n}','{\r\n  \"msg\" : \"删除失败，存在运行中的流程实例\",\r\n  \"code\" : 500\r\n}',0,NULL,'2020-03-21 21:37:41'),(170,'流程定义',1,'com.ruoyi.activiti.controller.ProcessDefinitionController.upload()','POST',1,'admin','研发部门','/definition/upload','127.0.0.1','内网IP','{ }','{\r\n  \"msg\" : \"操作成功\",\r\n  \"code\" : 0\r\n}',0,NULL,'2020-03-21 21:39:43'),(171,'流程定义',1,'com.ruoyi.activiti.controller.ProcessDefinitionController.upload()','POST',1,'admin','研发部门','/definition/upload','127.0.0.1','内网IP','{ }','{\r\n  \"msg\" : \"操作成功\",\r\n  \"code\" : 0\r\n}',0,NULL,'2020-03-21 21:39:46'),(172,'流程定义',1,'com.ruoyi.activiti.controller.ProcessDefinitionController.upload()','POST',1,'admin','研发部门','/definition/upload','127.0.0.1','内网IP','{ }','{\r\n  \"msg\" : \"操作成功\",\r\n  \"code\" : 0\r\n}',0,NULL,'2020-03-21 21:42:07'),(173,'流程定义',1,'com.ruoyi.activiti.controller.ProcessDefinitionController.upload()','POST',1,'admin','研发部门','/definition/upload','127.0.0.1','内网IP','{ }','{\r\n  \"msg\" : \"操作成功\",\r\n  \"code\" : 0\r\n}',0,NULL,'2020-03-21 21:44:10'),(174,'流程定义',1,'com.ruoyi.activiti.controller.ProcessDefinitionController.upload()','POST',1,'admin','研发部门','/definition/upload','127.0.0.1','内网IP','{ }','{\r\n  \"msg\" : \"操作成功\",\r\n  \"code\" : 0\r\n}',0,NULL,'2020-03-21 21:45:20'),(175,'流程定义',3,'com.ruoyi.activiti.controller.ProcessDefinitionController.remove()','POST',1,'admin','研发部门','/definition/remove','127.0.0.1','内网IP','{\r\n  \"ids\" : [ \"1\" ]\r\n}','{\r\n  \"msg\" : \"操作成功\",\r\n  \"code\" : 0\r\n}',0,NULL,'2020-03-21 21:50:14'),(176,'流程定义',3,'com.ruoyi.activiti.controller.ProcessDefinitionController.remove()','POST',1,'admin','研发部门','/definition/remove','127.0.0.1','内网IP','{\r\n  \"ids\" : [ \"5\" ]\r\n}','{\r\n  \"msg\" : \"操作成功\",\r\n  \"code\" : 0\r\n}',0,NULL,'2020-03-21 21:50:17'),(177,'流程定义',3,'com.ruoyi.activiti.controller.ProcessDefinitionController.remove()','POST',1,'admin','研发部门','/definition/remove','127.0.0.1','内网IP','{\r\n  \"ids\" : [ \"11\" ]\r\n}','{\r\n  \"msg\" : \"操作成功\",\r\n  \"code\" : 0\r\n}',0,NULL,'2020-03-21 21:50:20'),(178,'流程定义',1,'com.ruoyi.activiti.controller.ProcessDefinitionController.upload()','POST',1,'admin','研发部门','/definition/upload','127.0.0.1','内网IP','{ }','{\r\n  \"msg\" : \"操作成功\",\r\n  \"code\" : 0\r\n}',0,NULL,'2020-03-21 21:51:08'),(179,'角色管理',1,'com.ruoyi.web.controller.system.SysRoleController.addSave()','POST',1,'admin','研发部门','/system/role/add','127.0.0.1','内网IP','{\r\n  \"roleName\" : [ \"1\" ],\r\n  \"roleKey\" : [ \"1\" ],\r\n  \"roleSort\" : [ \"6\" ],\r\n  \"status\" : [ \"0\" ],\r\n  \"remark\" : [ \"\" ],\r\n  \"menuIds\" : [ \"\" ]\r\n}','{\r\n  \"msg\" : \"操作成功\",\r\n  \"code\" : 0\r\n}',0,NULL,'2020-03-21 22:10:35'),(180,'角色管理',1,'com.ruoyi.web.controller.system.SysRoleController.addSave()','POST',1,'admin','研发部门','/system/role/add','127.0.0.1','内网IP','{\r\n  \"roleName\" : [ \"2\" ],\r\n  \"roleKey\" : [ \"2\" ],\r\n  \"roleSort\" : [ \"7\" ],\r\n  \"status\" : [ \"0\" ],\r\n  \"remark\" : [ \"\" ],\r\n  \"menuIds\" : [ \"\" ]\r\n}','{\r\n  \"msg\" : \"操作成功\",\r\n  \"code\" : 0\r\n}',0,NULL,'2020-03-21 22:10:47'),(181,'角色管理',1,'com.ruoyi.web.controller.system.SysRoleController.addSave()','POST',1,'admin','研发部门','/system/role/add','127.0.0.1','内网IP','{\r\n  \"roleName\" : [ \"8\" ],\r\n  \"roleKey\" : [ \"8\" ],\r\n  \"roleSort\" : [ \"8\" ],\r\n  \"status\" : [ \"0\" ],\r\n  \"remark\" : [ \"\" ],\r\n  \"menuIds\" : [ \"\" ]\r\n}','{\r\n  \"msg\" : \"操作成功\",\r\n  \"code\" : 0\r\n}',0,NULL,'2020-03-21 22:11:08'),(182,'角色管理',1,'com.ruoyi.web.controller.system.SysRoleController.addSave()','POST',1,'admin','研发部门','/system/role/add','127.0.0.1','内网IP','{\r\n  \"roleName\" : [ \"9\" ],\r\n  \"roleKey\" : [ \"9\" ],\r\n  \"roleSort\" : [ \"9\" ],\r\n  \"status\" : [ \"0\" ],\r\n  \"remark\" : [ \"\" ],\r\n  \"menuIds\" : [ \"\" ]\r\n}','{\r\n  \"msg\" : \"操作成功\",\r\n  \"code\" : 0\r\n}',0,NULL,'2020-03-21 22:11:14'),(183,'角色管理',1,'com.ruoyi.web.controller.system.SysRoleController.addSave()','POST',1,'admin','研发部门','/system/role/add','127.0.0.1','内网IP','{\r\n  \"roleName\" : [ \"10\" ],\r\n  \"roleKey\" : [ \"10\" ],\r\n  \"roleSort\" : [ \"10\" ],\r\n  \"status\" : [ \"0\" ],\r\n  \"remark\" : [ \"\" ],\r\n  \"menuIds\" : [ \"\" ]\r\n}','{\r\n  \"msg\" : \"操作成功\",\r\n  \"code\" : 0\r\n}',0,NULL,'2020-03-21 22:11:21'),(184,'角色管理',1,'com.ruoyi.web.controller.system.SysRoleController.addSave()','POST',1,'admin','研发部门','/system/role/add','127.0.0.1','内网IP','{\r\n  \"roleName\" : [ \"11\" ],\r\n  \"roleKey\" : [ \"11\" ],\r\n  \"roleSort\" : [ \"11\" ],\r\n  \"status\" : [ \"0\" ],\r\n  \"remark\" : [ \"\" ],\r\n  \"menuIds\" : [ \"\" ]\r\n}','{\r\n  \"msg\" : \"操作成功\",\r\n  \"code\" : 0\r\n}',0,NULL,'2020-03-21 22:11:29'),(185,'请假业务',1,'com.ruoyi.activiti.controller.BizLeaveController.addSave()','POST',1,'admin','研发部门','/leave/add','127.0.0.1','内网IP','{\r\n  \"type\" : [ \"2\" ],\r\n  \"title\" : [ \"我想请假\" ],\r\n  \"reason\" : [ \"没有理由\" ],\r\n  \"startTime\" : [ \"2020-03-21 23:25\" ],\r\n  \"endTime\" : [ \"2020-03-21 23:55\" ],\r\n  \"totalTime\" : [ \"1800\" ],\r\n  \"totalTimeText\" : [ \"0 天 0 时 30 分 0 秒\" ]\r\n}','{\r\n  \"msg\" : \"提交申请失败：不允许管理员提交申请！\",\r\n  \"code\" : 500\r\n}',0,NULL,'2020-03-21 23:05:28'),(186,'请假业务',1,'com.ruoyi.activiti.controller.BizLeaveController.addSave()','POST',1,'chengxy','测试部门','/leave/add','127.0.0.1','内网IP','{\r\n  \"type\" : [ \"1\" ],\r\n  \"title\" : [ \"我想请假\" ],\r\n  \"reason\" : [ \"12345\" ],\r\n  \"startTime\" : [ \"2020-03-21 23:25\" ],\r\n  \"endTime\" : [ \"2020-03-21 23:55\" ],\r\n  \"totalTime\" : [ \"1800\" ],\r\n  \"totalTimeText\" : [ \"0 天 0 时 30 分 0 秒\" ]\r\n}','{\r\n  \"msg\" : \"操作成功\",\r\n  \"code\" : 0\r\n}',0,NULL,'2020-03-21 23:06:07'),(187,'请假业务',2,'com.ruoyi.activiti.controller.BizLeaveController.submitApply()','POST',1,'chengxy','测试部门','/leave/submitApply','127.0.0.1','内网IP','{\r\n  \"id\" : [ \"34\" ]\r\n}','{\r\n  \"msg\" : \"操作成功\",\r\n  \"code\" : 0\r\n}',0,NULL,'2020-03-21 23:06:18'),(188,'角色管理',3,'com.ruoyi.web.controller.system.SysRoleController.remove()','POST',1,'admin','研发部门','/system/role/remove','127.0.0.1','内网IP','{\r\n  \"ids\" : [ \"103,104,105,106,107\" ]\r\n}','{\r\n  \"msg\" : \"操作成功\",\r\n  \"code\" : 0\r\n}',0,NULL,'2020-03-23 19:02:03'),(189,'角色管理',3,'com.ruoyi.web.controller.system.SysRoleController.remove()','POST',1,'admin','研发部门','/system/role/remove','127.0.0.1','内网IP','{\r\n  \"ids\" : [ \"108\" ]\r\n}','{\r\n  \"msg\" : \"操作成功\",\r\n  \"code\" : 0\r\n}',0,NULL,'2020-03-23 19:02:08'),(190,'请假业务',2,'com.ruoyi.activiti.controller.BizLeaveController.submitApply()','POST',1,'axianlu','测试部门','/leave/submitApply','127.0.0.1','内网IP','{\r\n  \"id\" : [ \"53\" ]\r\n}','{\r\n  \"msg\" : \"操作成功\",\r\n  \"code\" : 0\r\n}',0,NULL,'2020-03-23 20:20:42'),(191,'请假业务',2,'com.ruoyi.activiti.controller.BizLeaveController.submitApply()','POST',1,'chengxy','测试部门','/leave/submitApply','127.0.0.1','内网IP','{\r\n  \"id\" : [ \"35\" ]\r\n}','{\r\n  \"msg\" : \"操作成功\",\r\n  \"code\" : 0\r\n}',0,NULL,'2020-03-23 20:22:02'),(192,'请假业务',2,'com.ruoyi.activiti.controller.BizLeaveController.submitApply()','POST',1,'chengxy','测试部门','/leave/submitApply','127.0.0.1','内网IP','{\r\n  \"id\" : [ \"36\" ]\r\n}','{\r\n  \"msg\" : \"操作成功\",\r\n  \"code\" : 0\r\n}',0,NULL,'2020-03-23 20:22:37'),(193,'请假业务',2,'com.ruoyi.activiti.controller.BizLeaveController.submitApply()','POST',1,'chengxy','测试部门','/leave/submitApply','127.0.0.1','内网IP','{\r\n  \"id\" : [ \"37\" ]\r\n}','{\r\n  \"msg\" : \"操作成功\",\r\n  \"code\" : 0\r\n}',0,NULL,'2020-03-23 20:22:40'),(194,'请假业务',2,'com.ruoyi.activiti.controller.BizLeaveController.submitApply()','POST',1,'chengxy','测试部门','/leave/submitApply','127.0.0.1','内网IP','{\r\n  \"id\" : [ \"38\" ]\r\n}','{\r\n  \"msg\" : \"操作成功\",\r\n  \"code\" : 0\r\n}',0,NULL,'2020-03-23 20:22:43'),(195,'请假业务',2,'com.ruoyi.activiti.controller.BizLeaveController.submitApply()','POST',1,'chengxy','测试部门','/leave/submitApply','127.0.0.1','内网IP','{\r\n  \"id\" : [ \"39\" ]\r\n}','{\r\n  \"msg\" : \"操作成功\",\r\n  \"code\" : 0\r\n}',0,NULL,'2020-03-23 20:22:53'),(196,'请假业务',2,'com.ruoyi.activiti.controller.BizLeaveController.submitApply()','POST',1,'chengxy','测试部门','/leave/submitApply','127.0.0.1','内网IP','{\r\n  \"id\" : [ \"40\" ]\r\n}','{\r\n  \"msg\" : \"操作成功\",\r\n  \"code\" : 0\r\n}',0,NULL,'2020-03-23 20:22:56'),(197,'请假业务',2,'com.ruoyi.activiti.controller.BizLeaveController.submitApply()','POST',1,'chengxy','测试部门','/leave/submitApply','127.0.0.1','内网IP','{\r\n  \"id\" : [ \"41\" ]\r\n}','{\r\n  \"msg\" : \"操作成功\",\r\n  \"code\" : 0\r\n}',0,NULL,'2020-03-23 20:22:58'),(198,'请假业务',2,'com.ruoyi.activiti.controller.BizLeaveController.submitApply()','POST',1,'chengxy','测试部门','/leave/submitApply','127.0.0.1','内网IP','{\r\n  \"id\" : [ \"42\" ]\r\n}','{\r\n  \"msg\" : \"操作成功\",\r\n  \"code\" : 0\r\n}',0,NULL,'2020-03-23 20:23:01'),(199,'请假业务',2,'com.ruoyi.activiti.controller.BizLeaveController.submitApply()','POST',1,'chengxy','测试部门','/leave/submitApply','127.0.0.1','内网IP','{\r\n  \"id\" : [ \"43\" ]\r\n}','{\r\n  \"msg\" : \"操作成功\",\r\n  \"code\" : 0\r\n}',0,NULL,'2020-03-23 20:23:03'),(200,'请假业务',2,'com.ruoyi.activiti.controller.BizLeaveController.submitApply()','POST',1,'chengxy','测试部门','/leave/submitApply','127.0.0.1','内网IP','{\r\n  \"id\" : [ \"44\" ]\r\n}','{\r\n  \"msg\" : \"操作成功\",\r\n  \"code\" : 0\r\n}',0,NULL,'2020-03-23 20:23:16'),(201,'请假业务',2,'com.ruoyi.activiti.controller.BizLeaveController.submitApply()','POST',1,'chengxy','测试部门','/leave/submitApply','127.0.0.1','内网IP','{\r\n  \"id\" : [ \"45\" ]\r\n}','{\r\n  \"msg\" : \"操作成功\",\r\n  \"code\" : 0\r\n}',0,NULL,'2020-03-23 20:23:23'),(202,'请假业务',2,'com.ruoyi.activiti.controller.BizLeaveController.submitApply()','POST',1,'chengxy','测试部门','/leave/submitApply','127.0.0.1','内网IP','{\r\n  \"id\" : [ \"46\" ]\r\n}','{\r\n  \"msg\" : \"操作成功\",\r\n  \"code\" : 0\r\n}',0,NULL,'2020-03-23 20:23:26'),(203,'请假业务',2,'com.ruoyi.activiti.controller.BizLeaveController.cancelApply()','POST',1,'chengxy','测试部门','/leave/cancelApply','127.0.0.1','内网IP','{\r\n  \"instanceId\" : [ \"22560\" ]\r\n}','{\r\n  \"msg\" : \"操作成功\",\r\n  \"code\" : 0\r\n}',0,NULL,'2020-03-24 20:06:20'),(204,'请假业务',2,'com.ruoyi.activiti.controller.BizLeaveController.suspendApply()','POST',1,'chengxy','测试部门','/leave/suspendApply','127.0.0.1','内网IP','{\r\n  \"instanceId\" : [ \"22544\" ]\r\n}','{\r\n  \"msg\" : \"操作成功\",\r\n  \"code\" : 0\r\n}',0,NULL,'2020-03-24 20:26:02'),(205,'请假业务',2,'com.ruoyi.activiti.controller.BizLeaveController.suspendOrActiveApply()','POST',1,'chengxy','测试部门','/leave/suspendOrActiveApply','127.0.0.1','内网IP','{\r\n  \"instanceId\" : [ \"22544\" ],\r\n  \"suspendState\" : [ \"2\" ]\r\n}','{\r\n  \"msg\" : \"操作成功\",\r\n  \"code\" : 0\r\n}',0,NULL,'2020-03-24 21:02:21'),(206,'请假业务',2,'com.ruoyi.activiti.controller.BizLeaveController.suspendOrActiveApply()','POST',1,'chengxy','测试部门','/leave/suspendOrActiveApply','127.0.0.1','内网IP','{\r\n  \"instanceId\" : [ \"22544\" ],\r\n  \"suspendState\" : [ \"1\" ]\r\n}','{\r\n  \"msg\" : \"操作成功\",\r\n  \"code\" : 0\r\n}',0,NULL,'2020-03-24 21:03:35'),(207,'请假业务',2,'com.ruoyi.activiti.controller.BizLeaveController.cancelApply()','POST',1,'chengxy','测试部门','/leave/cancelApply','127.0.0.1','内网IP','{\r\n  \"instanceId\" : [ \"22544\" ]\r\n}','{\r\n  \"msg\" : \"操作成功\",\r\n  \"code\" : 0\r\n}',0,NULL,'2020-03-24 21:03:55'),(208,'菜单管理',2,'com.ruoyi.web.controller.system.SysMenuController.editSave()','POST',1,'admin','研发部门','/system/menu/edit','127.0.0.1','内网IP','{\r\n  \"menuId\" : [ \"2005\" ],\r\n  \"parentId\" : [ \"0\" ],\r\n  \"menuType\" : [ \"M\" ],\r\n  \"menuName\" : [ \"请假流程\" ],\r\n  \"url\" : [ \"#\" ],\r\n  \"target\" : [ \"menuItem\" ],\r\n  \"perms\" : [ \"\" ],\r\n  \"orderNum\" : [ \"5\" ],\r\n  \"icon\" : [ \"fa fa-send\" ],\r\n  \"visible\" : [ \"0\" ]\r\n}','{\r\n  \"msg\" : \"操作成功\",\r\n  \"code\" : 0\r\n}',0,NULL,'2020-03-25 19:45:19'),(209,'菜单管理',2,'com.ruoyi.web.controller.system.SysMenuController.editSave()','POST',1,'admin','研发部门','/system/menu/edit','127.0.0.1','内网IP','{\r\n  \"menuId\" : [ \"2006\" ],\r\n  \"parentId\" : [ \"2005\" ],\r\n  \"menuType\" : [ \"C\" ],\r\n  \"menuName\" : [ \"请假列表\" ],\r\n  \"url\" : [ \"/leave\" ],\r\n  \"target\" : [ \"menuItem\" ],\r\n  \"perms\" : [ \"\" ],\r\n  \"orderNum\" : [ \"1\" ],\r\n  \"icon\" : [ \"#\" ],\r\n  \"visible\" : [ \"0\" ]\r\n}','{\r\n  \"msg\" : \"操作成功\",\r\n  \"code\" : 0\r\n}',0,NULL,'2020-03-25 19:45:35'),(210,'菜单管理',1,'com.ruoyi.web.controller.system.SysMenuController.addSave()','POST',1,'admin','研发部门','/system/menu/add','127.0.0.1','内网IP','{\r\n  \"parentId\" : [ \"0\" ],\r\n  \"menuType\" : [ \"M\" ],\r\n  \"menuName\" : [ \"待办事项\" ],\r\n  \"url\" : [ \"\" ],\r\n  \"target\" : [ \"menuItem\" ],\r\n  \"perms\" : [ \"\" ],\r\n  \"orderNum\" : [ \"6\" ],\r\n  \"icon\" : [ \"fa fa-book\" ],\r\n  \"visible\" : [ \"0\" ]\r\n}','{\r\n  \"msg\" : \"操作成功\",\r\n  \"code\" : 0\r\n}',0,NULL,'2020-03-25 20:11:55'),(211,'菜单管理',1,'com.ruoyi.web.controller.system.SysMenuController.addSave()','POST',1,'admin','研发部门','/system/menu/add','127.0.0.1','内网IP','{\r\n  \"parentId\" : [ \"2009\" ],\r\n  \"menuType\" : [ \"C\" ],\r\n  \"menuName\" : [ \"我的待办\" ],\r\n  \"url\" : [ \"/todoitem\" ],\r\n  \"target\" : [ \"menuItem\" ],\r\n  \"perms\" : [ \"\" ],\r\n  \"orderNum\" : [ \"1\" ],\r\n  \"icon\" : [ \"#\" ],\r\n  \"visible\" : [ \"0\" ]\r\n}','{\r\n  \"msg\" : \"操作成功\",\r\n  \"code\" : 0\r\n}',0,NULL,'2020-03-25 20:13:40'),(212,'菜单管理',1,'com.ruoyi.web.controller.system.SysMenuController.addSave()','POST',1,'admin','研发部门','/system/menu/add','127.0.0.1','内网IP','{\r\n  \"parentId\" : [ \"2009\" ],\r\n  \"menuType\" : [ \"C\" ],\r\n  \"menuName\" : [ \"我的已办\" ],\r\n  \"url\" : [ \"/todoitem/doneitemView\" ],\r\n  \"target\" : [ \"menuItem\" ],\r\n  \"perms\" : [ \"\" ],\r\n  \"orderNum\" : [ \"2\" ],\r\n  \"icon\" : [ \"#\" ],\r\n  \"visible\" : [ \"0\" ]\r\n}','{\r\n  \"msg\" : \"操作成功\",\r\n  \"code\" : 0\r\n}',0,NULL,'2020-03-25 20:15:40'),(213,'角色管理',2,'com.ruoyi.web.controller.system.SysRoleController.editSave()','POST',1,'admin','研发部门','/system/role/edit','127.0.0.1','内网IP','{\r\n  \"roleId\" : [ \"102\" ],\r\n  \"roleName\" : [ \"流程角色\" ],\r\n  \"roleKey\" : [ \"processRole\" ],\r\n  \"roleSort\" : [ \"5\" ],\r\n  \"status\" : [ \"0\" ],\r\n  \"remark\" : [ \"\" ],\r\n  \"menuIds\" : [ \"2005,2006,2007,2008,2009,2010,2011\" ]\r\n}','{\r\n  \"msg\" : \"操作成功\",\r\n  \"code\" : 0\r\n}',0,NULL,'2020-03-25 20:23:53'),(214,'请假业务',2,'com.ruoyi.activiti.controller.BizLeaveController.submitApply()','POST',1,'chengxy','测试部门','/leave/submitApply','127.0.0.1','内网IP','{\r\n  \"id\" : [ \"47\" ]\r\n}','{\r\n  \"msg\" : \"操作成功\",\r\n  \"code\" : 0\r\n}',0,NULL,'2020-03-25 20:24:19'),(215,'请假业务',2,'com.ruoyi.activiti.controller.BizLeaveController.submitApply()','POST',1,'chengxy','测试部门','/leave/submitApply','127.0.0.1','内网IP','{\r\n  \"id\" : [ \"48\" ]\r\n}','{\r\n  \"msg\" : \"操作成功\",\r\n  \"code\" : 0\r\n}',0,NULL,'2020-03-25 20:34:03'),(216,'请假业务',2,'com.ruoyi.activiti.controller.BizLeaveController.submitApply()','POST',1,'chengxy','测试部门','/leave/submitApply','127.0.0.1','内网IP','{\r\n  \"id\" : [ \"49\" ]\r\n}','{\r\n  \"msg\" : \"操作成功\",\r\n  \"code\" : 0\r\n}',0,NULL,'2020-03-26 19:56:34'),(217,'流程模型',3,'com.ruoyi.activiti.modeler.ModelerController.remove()','POST',1,'admin','研发部门','/modeler/remove','127.0.0.1','内网IP','{\r\n  \"ids\" : [ \"40001\" ]\r\n}','{\r\n  \"msg\" : \"操作成功\",\r\n  \"code\" : 0\r\n}',0,NULL,'2020-03-27 20:40:02'),(218,'请假业务',2,'com.ruoyi.activiti.controller.BizLeaveController.submitApply()','POST',1,'chengxy','测试部门','/leave/submitApply','127.0.0.1','内网IP','{\r\n  \"id\" : [ \"50\" ]\r\n}','null',1,'Cannot start process instance. Process definition 请假流程-普通表单 (id = leave:1:18) is suspended','2020-03-27 21:03:42'),(219,'请假业务',2,'com.ruoyi.activiti.controller.BizLeaveController.submitApply()','POST',1,'chengxy','测试部门','/leave/submitApply','127.0.0.1','内网IP','{\r\n  \"id\" : [ \"50\" ]\r\n}','null',1,'Cannot start process instance. Process definition 请假流程-普通表单 (id = leave:1:18) is suspended','2020-03-27 21:06:20'),(220,'请假业务',2,'com.ruoyi.activiti.controller.BizLeaveController.submitApply()','POST',1,'chengxy','测试部门','/leave/submitApply','127.0.0.1','内网IP','{\r\n  \"id\" : [ \"50\" ]\r\n}','{\r\n  \"msg\" : \"操作成功\",\r\n  \"code\" : 0\r\n}',0,NULL,'2020-03-27 21:06:37'),(221,'字典数据',2,'com.ruoyi.web.controller.system.SysDictDataController.editSave()','POST',1,'admin','研发部门','/system/dict/data/edit','127.0.0.1','内网IP','{\r\n  \"dictCode\" : [ \"101\" ],\r\n  \"dictLabel\" : [ \"会签\" ],\r\n  \"dictValue\" : [ \"2\" ],\r\n  \"dictType\" : [ \"biz_leave_type\" ],\r\n  \"cssClass\" : [ \"\" ],\r\n  \"dictSort\" : [ \"2\" ],\r\n  \"listClass\" : [ \"warning\" ],\r\n  \"isDefault\" : [ \"Y\" ],\r\n  \"status\" : [ \"0\" ],\r\n  \"remark\" : [ \"\" ]\r\n}','{\r\n  \"msg\" : \"操作成功\",\r\n  \"code\" : 0\r\n}',0,NULL,'2020-03-27 21:28:13'),(222,'字典数据',2,'com.ruoyi.web.controller.system.SysDictDataController.editSave()','POST',1,'admin','研发部门','/system/dict/data/edit','127.0.0.1','内网IP','{\r\n  \"dictCode\" : [ \"100\" ],\r\n  \"dictLabel\" : [ \"普通\" ],\r\n  \"dictValue\" : [ \"1\" ],\r\n  \"dictType\" : [ \"biz_leave_type\" ],\r\n  \"cssClass\" : [ \"\" ],\r\n  \"dictSort\" : [ \"1\" ],\r\n  \"listClass\" : [ \"success\" ],\r\n  \"isDefault\" : [ \"Y\" ],\r\n  \"status\" : [ \"0\" ],\r\n  \"remark\" : [ \"\" ]\r\n}','{\r\n  \"msg\" : \"操作成功\",\r\n  \"code\" : 0\r\n}',0,NULL,'2020-03-27 21:28:20'),(223,'菜单管理',2,'com.ruoyi.web.controller.system.SysMenuController.editSave()','POST',1,'admin','研发部门','/system/menu/edit','127.0.0.1','内网IP','{\r\n  \"menuId\" : [ \"2009\" ],\r\n  \"parentId\" : [ \"0\" ],\r\n  \"menuType\" : [ \"M\" ],\r\n  \"menuName\" : [ \"待办事项\" ],\r\n  \"url\" : [ \"#\" ],\r\n  \"target\" : [ \"menuItem\" ],\r\n  \"perms\" : [ \"\" ],\r\n  \"orderNum\" : [ \"10\" ],\r\n  \"icon\" : [ \"fa fa-book\" ],\r\n  \"visible\" : [ \"0\" ]\r\n}','{\r\n  \"msg\" : \"操作成功\",\r\n  \"code\" : 0\r\n}',0,NULL,'2020-03-27 21:40:25'),(224,'菜单管理',1,'com.ruoyi.web.controller.system.SysMenuController.addSave()','POST',1,'admin','研发部门','/system/menu/add','127.0.0.1','内网IP','{\r\n  \"parentId\" : [ \"0\" ],\r\n  \"menuType\" : [ \"M\" ],\r\n  \"menuName\" : [ \"请假会签\" ],\r\n  \"url\" : [ \"\" ],\r\n  \"target\" : [ \"menuItem\" ],\r\n  \"perms\" : [ \"\" ],\r\n  \"orderNum\" : [ \"6\" ],\r\n  \"icon\" : [ \"fa fa-commenting\" ],\r\n  \"visible\" : [ \"0\" ]\r\n}','{\r\n  \"msg\" : \"操作成功\",\r\n  \"code\" : 0\r\n}',0,NULL,'2020-03-27 21:41:00'),(225,'菜单管理',1,'com.ruoyi.web.controller.system.SysMenuController.addSave()','POST',1,'admin','研发部门','/system/menu/add','127.0.0.1','内网IP','{\r\n  \"parentId\" : [ \"2012\" ],\r\n  \"menuType\" : [ \"C\" ],\r\n  \"menuName\" : [ \"请假列表\" ],\r\n  \"url\" : [ \"/leave\" ],\r\n  \"target\" : [ \"menuItem\" ],\r\n  \"perms\" : [ \"\" ],\r\n  \"orderNum\" : [ \"1\" ],\r\n  \"icon\" : [ \"#\" ],\r\n  \"visible\" : [ \"0\" ]\r\n}','{\r\n  \"msg\" : \"操作成功\",\r\n  \"code\" : 0\r\n}',0,NULL,'2020-03-27 21:41:30'),(226,'菜单管理',2,'com.ruoyi.web.controller.system.SysMenuController.editSave()','POST',1,'admin','研发部门','/system/menu/edit','127.0.0.1','内网IP','{\r\n  \"menuId\" : [ \"2006\" ],\r\n  \"parentId\" : [ \"2005\" ],\r\n  \"menuType\" : [ \"C\" ],\r\n  \"menuName\" : [ \"请假列表\" ],\r\n  \"url\" : [ \"/leave?type=1\" ],\r\n  \"target\" : [ \"menuItem\" ],\r\n  \"perms\" : [ \"\" ],\r\n  \"orderNum\" : [ \"1\" ],\r\n  \"icon\" : [ \"#\" ],\r\n  \"visible\" : [ \"0\" ]\r\n}','{\r\n  \"msg\" : \"操作成功\",\r\n  \"code\" : 0\r\n}',0,NULL,'2020-03-27 21:41:46'),(227,'菜单管理',2,'com.ruoyi.web.controller.system.SysMenuController.editSave()','POST',1,'admin','研发部门','/system/menu/edit','127.0.0.1','内网IP','{\r\n  \"menuId\" : [ \"2013\" ],\r\n  \"parentId\" : [ \"2012\" ],\r\n  \"menuType\" : [ \"C\" ],\r\n  \"menuName\" : [ \"请假列表\" ],\r\n  \"url\" : [ \"/leave?type=2\" ],\r\n  \"target\" : [ \"menuItem\" ],\r\n  \"perms\" : [ \"\" ],\r\n  \"orderNum\" : [ \"1\" ],\r\n  \"icon\" : [ \"#\" ],\r\n  \"visible\" : [ \"0\" ]\r\n}','{\r\n  \"msg\" : \"操作成功\",\r\n  \"code\" : 0\r\n}',0,NULL,'2020-03-27 21:42:02'),(228,'菜单管理',2,'com.ruoyi.web.controller.system.SysMenuController.editSave()','POST',1,'admin','研发部门','/system/menu/edit','127.0.0.1','内网IP','{\r\n  \"menuId\" : [ \"2013\" ],\r\n  \"parentId\" : [ \"2012\" ],\r\n  \"menuType\" : [ \"C\" ],\r\n  \"menuName\" : [ \"请假列表\" ],\r\n  \"url\" : [ \"/leaveCounterSign?type=2\" ],\r\n  \"target\" : [ \"menuItem\" ],\r\n  \"perms\" : [ \"\" ],\r\n  \"orderNum\" : [ \"1\" ],\r\n  \"icon\" : [ \"#\" ],\r\n  \"visible\" : [ \"0\" ]\r\n}','{\r\n  \"msg\" : \"操作成功\",\r\n  \"code\" : 0\r\n}',0,NULL,'2020-03-27 21:42:18'),(229,'菜单管理',1,'com.ruoyi.web.controller.system.SysMenuController.addSave()','POST',1,'admin','研发部门','/system/menu/add','127.0.0.1','内网IP','{\r\n  \"parentId\" : [ \"2012\" ],\r\n  \"menuType\" : [ \"C\" ],\r\n  \"menuName\" : [ \"我的待办\" ],\r\n  \"url\" : [ \"/leaveCounterSign/leaveTodo\" ],\r\n  \"target\" : [ \"menuItem\" ],\r\n  \"perms\" : [ \"\" ],\r\n  \"orderNum\" : [ \"2\" ],\r\n  \"icon\" : [ \"#\" ],\r\n  \"visible\" : [ \"0\" ]\r\n}','{\r\n  \"msg\" : \"操作成功\",\r\n  \"code\" : 0\r\n}',0,NULL,'2020-03-27 21:42:38'),(230,'菜单管理',1,'com.ruoyi.web.controller.system.SysMenuController.addSave()','POST',1,'admin','研发部门','/system/menu/add','127.0.0.1','内网IP','{\r\n  \"parentId\" : [ \"2012\" ],\r\n  \"menuType\" : [ \"C\" ],\r\n  \"menuName\" : [ \"我的已办\" ],\r\n  \"url\" : [ \"/leaveCounterSign/leaveDone\" ],\r\n  \"target\" : [ \"menuItem\" ],\r\n  \"perms\" : [ \"\" ],\r\n  \"orderNum\" : [ \"3\" ],\r\n  \"icon\" : [ \"#\" ],\r\n  \"visible\" : [ \"0\" ]\r\n}','{\r\n  \"msg\" : \"操作成功\",\r\n  \"code\" : 0\r\n}',0,NULL,'2020-03-27 21:43:01'),(231,'菜单管理',2,'com.ruoyi.web.controller.system.SysMenuController.editSave()','POST',1,'admin','研发部门','/system/menu/edit','127.0.0.1','内网IP','{\r\n  \"menuId\" : [ \"2013\" ],\r\n  \"parentId\" : [ \"2012\" ],\r\n  \"menuType\" : [ \"C\" ],\r\n  \"menuName\" : [ \"请假列表\" ],\r\n  \"url\" : [ \"/leaveCounterSign\" ],\r\n  \"target\" : [ \"menuItem\" ],\r\n  \"perms\" : [ \"\" ],\r\n  \"orderNum\" : [ \"1\" ],\r\n  \"icon\" : [ \"#\" ],\r\n  \"visible\" : [ \"0\" ]\r\n}','{\r\n  \"msg\" : \"操作成功\",\r\n  \"code\" : 0\r\n}',0,NULL,'2020-03-27 21:47:13'),(232,'菜单管理',2,'com.ruoyi.web.controller.system.SysMenuController.editSave()','POST',1,'admin','研发部门','/system/menu/edit','127.0.0.1','内网IP','{\r\n  \"menuId\" : [ \"2006\" ],\r\n  \"parentId\" : [ \"2005\" ],\r\n  \"menuType\" : [ \"C\" ],\r\n  \"menuName\" : [ \"请假列表\" ],\r\n  \"url\" : [ \"/leave\" ],\r\n  \"target\" : [ \"menuItem\" ],\r\n  \"perms\" : [ \"\" ],\r\n  \"orderNum\" : [ \"1\" ],\r\n  \"icon\" : [ \"#\" ],\r\n  \"visible\" : [ \"0\" ]\r\n}','{\r\n  \"msg\" : \"操作成功\",\r\n  \"code\" : 0\r\n}',0,NULL,'2020-03-27 21:47:22'),(233,'请假业务',1,'com.ruoyi.activiti.controller.BizLeaveCounterSignController.addSave()','POST',1,'admin','研发部门','/leaveCounterSign/add','127.0.0.1','内网IP','{\r\n  \"title\" : [ \"会签版\" ],\r\n  \"reason\" : [ \"老子请假从来不用原因\" ],\r\n  \"startTime\" : [ \"2020-03-27 23:00\" ],\r\n  \"endTime\" : [ \"2020-03-28 00:00\" ],\r\n  \"totalTime\" : [ \"3600\" ],\r\n  \"totalTimeText\" : [ \"0 天 1 时 0 分 0 秒\" ]\r\n}','{\r\n  \"msg\" : \"提交申请失败：不允许管理员提交申请！\",\r\n  \"code\" : 500\r\n}',0,NULL,'2020-03-27 21:55:56'),(234,'角色管理',2,'com.ruoyi.web.controller.system.SysRoleController.editSave()','POST',1,'admin','研发部门','/system/role/edit','127.0.0.1','内网IP','{\r\n  \"roleId\" : [ \"102\" ],\r\n  \"roleName\" : [ \"流程角色\" ],\r\n  \"roleKey\" : [ \"processRole\" ],\r\n  \"roleSort\" : [ \"5\" ],\r\n  \"status\" : [ \"0\" ],\r\n  \"remark\" : [ \"\" ],\r\n  \"menuIds\" : [ \"2005,2006,2007,2008,2012,2013,2014,2015,2009,2010,2011\" ]\r\n}','{\r\n  \"msg\" : \"操作成功\",\r\n  \"code\" : 0\r\n}',0,NULL,'2020-03-27 21:56:26'),(235,'请假业务',1,'com.ruoyi.activiti.controller.BizLeaveCounterSignController.addSave()','POST',1,'chengxy','测试部门','/leaveCounterSign/add','127.0.0.1','内网IP','{\r\n  \"title\" : [ \"会签版\" ],\r\n  \"reason\" : [ \"喵喵喵？\" ],\r\n  \"startTime\" : [ \"2020-03-27 22:05\" ],\r\n  \"endTime\" : [ \"2020-03-28 23:30\" ],\r\n  \"totalTime\" : [ \"91500\" ],\r\n  \"totalTimeText\" : [ \"1 天 1 时 25 分 0 秒\" ]\r\n}','{\r\n  \"msg\" : \"操作成功\",\r\n  \"code\" : 0\r\n}',0,NULL,'2020-03-27 22:01:02'),(236,'流程定义',1,'com.ruoyi.activiti.controller.ProcessDefinitionController.upload()','POST',1,'admin','研发部门','/definition/upload','127.0.0.1','内网IP','{ }','{\r\n  \"msg\" : \"操作成功\",\r\n  \"code\" : 0\r\n}',0,NULL,'2020-03-27 22:17:43'),(237,'请假业务',2,'com.ruoyi.activiti.controller.BizLeaveCounterSignController.submitApply()','POST',1,'chengxy','测试部门','/leaveCounterSign/submitApply','127.0.0.1','内网IP','{\r\n  \"id\" : [ \"54\" ],\r\n  \"users[]\" : [ \"rensm\", \"axianlu\" ]\r\n}','{\r\n  \"msg\" : \"提交申请失败\",\r\n  \"code\" : 500\r\n}',0,NULL,'2020-03-27 22:20:44'),(238,'请假业务',2,'com.ruoyi.activiti.controller.BizLeaveCounterSignController.submitApply()','POST',1,'chengxy','测试部门','/leaveCounterSign/submitApply','127.0.0.1','内网IP','{\r\n  \"id\" : [ \"54\" ],\r\n  \"users[]\" : [ \"rensm\", \"axianlu\" ]\r\n}','{\r\n  \"msg\" : \"提交申请失败\",\r\n  \"code\" : 500\r\n}',0,NULL,'2020-03-27 22:22:33'),(239,'请假业务',2,'com.ruoyi.activiti.controller.BizLeaveCounterSignController.submitApply()','POST',1,'chengxy','测试部门','/leaveCounterSign/submitApply','127.0.0.1','内网IP','{\r\n  \"id\" : [ \"54\" ],\r\n  \"users[]\" : [ \"rensm\", \"axianlu\" ]\r\n}','{\r\n  \"msg\" : \"操作成功\",\r\n  \"code\" : 0\r\n}',0,NULL,'2020-03-27 22:23:25'),(240,'流程定义',1,'com.ruoyi.activiti.controller.ProcessDefinitionController.upload()','POST',1,'admin','研发部门','/definition/upload','127.0.0.1','内网IP','{ }','{\r\n  \"msg\" : \"操作成功\",\r\n  \"code\" : 0\r\n}',0,NULL,'2020-03-27 22:35:55'),(241,'流程定义',1,'com.ruoyi.activiti.controller.ProcessDefinitionController.upload()','POST',1,'admin','研发部门','/definition/upload','127.0.0.1','内网IP','{ }','{\r\n  \"msg\" : \"操作成功\",\r\n  \"code\" : 0\r\n}',0,NULL,'2020-03-27 22:36:50'),(242,'流程定义',3,'com.ruoyi.activiti.controller.ProcessDefinitionController.remove()','POST',1,'admin','研发部门','/definition/remove','127.0.0.1','内网IP','{\r\n  \"ids\" : [ \"47525\" ]\r\n}','{\r\n  \"msg\" : \"操作成功\",\r\n  \"code\" : 0\r\n}',0,NULL,'2020-03-27 22:37:03'),(243,'流程定义',3,'com.ruoyi.activiti.controller.ProcessDefinitionController.remove()','POST',1,'admin','研发部门','/definition/remove','127.0.0.1','内网IP','{\r\n  \"ids\" : [ \"45001\" ]\r\n}','{\r\n  \"msg\" : \"删除失败，存在运行中的流程实例\",\r\n  \"code\" : 500\r\n}',0,NULL,'2020-03-27 22:37:07'),(244,'字典数据',2,'com.ruoyi.web.controller.system.SysDictDataController.editSave()','POST',1,'admin','研发部门','/system/dict/data/edit','127.0.0.1','内网IP','{\r\n  \"dictCode\" : [ \"101\" ],\r\n  \"dictLabel\" : [ \"会签\" ],\r\n  \"dictValue\" : [ \"leaveCounterSign\" ],\r\n  \"dictType\" : [ \"biz_leave_type\" ],\r\n  \"cssClass\" : [ \"\" ],\r\n  \"dictSort\" : [ \"2\" ],\r\n  \"listClass\" : [ \"warning\" ],\r\n  \"isDefault\" : [ \"Y\" ],\r\n  \"status\" : [ \"0\" ],\r\n  \"remark\" : [ \"\" ]\r\n}','{\r\n  \"msg\" : \"操作成功\",\r\n  \"code\" : 0\r\n}',0,NULL,'2020-03-27 22:38:10'),(245,'字典数据',2,'com.ruoyi.web.controller.system.SysDictDataController.editSave()','POST',1,'admin','研发部门','/system/dict/data/edit','127.0.0.1','内网IP','{\r\n  \"dictCode\" : [ \"100\" ],\r\n  \"dictLabel\" : [ \"普通\" ],\r\n  \"dictValue\" : [ \"leave\" ],\r\n  \"dictType\" : [ \"biz_leave_type\" ],\r\n  \"cssClass\" : [ \"\" ],\r\n  \"dictSort\" : [ \"1\" ],\r\n  \"listClass\" : [ \"success\" ],\r\n  \"isDefault\" : [ \"Y\" ],\r\n  \"status\" : [ \"0\" ],\r\n  \"remark\" : [ \"\" ]\r\n}','{\r\n  \"msg\" : \"操作成功\",\r\n  \"code\" : 0\r\n}',0,NULL,'2020-03-27 22:38:19'),(246,'请假业务',1,'com.ruoyi.activiti.controller.BizLeaveCounterSignController.addSave()','POST',1,'chengxy','测试部门','/leaveCounterSign/add','127.0.0.1','内网IP','{\r\n  \"title\" : [ \"会签版2\" ],\r\n  \"reason\" : [ \"www\" ],\r\n  \"startTime\" : [ \"2020-03-28 00:00\" ],\r\n  \"endTime\" : [ \"2020-04-04 01:05\" ],\r\n  \"totalTime\" : [ \"608700\" ],\r\n  \"totalTimeText\" : [ \"7 天 1 时 5 分 0 秒\" ]\r\n}','{\r\n  \"msg\" : \"操作成功\",\r\n  \"code\" : 0\r\n}',0,NULL,'2020-03-27 22:42:44'),(247,'请假业务',2,'com.ruoyi.activiti.controller.BizLeaveCounterSignController.submitApply()','POST',1,'chengxy','测试部门','/leaveCounterSign/submitApply','127.0.0.1','内网IP','{\r\n  \"id\" : [ \"55\" ],\r\n  \"users[]\" : [ \"rensm\", \"axianlu\" ]\r\n}','{\r\n  \"msg\" : \"操作成功\",\r\n  \"code\" : 0\r\n}',0,NULL,'2020-03-27 22:42:53'),(248,'请假业务',1,'com.ruoyi.activiti.controller.BizLeaveCounterSignController.addSave()','POST',1,'chengxy','测试部门','/leaveCounterSign/add','127.0.0.1','内网IP','{\r\n  \"title\" : [ \"会签版3\" ],\r\n  \"reason\" : [ \"111\" ],\r\n  \"startTime\" : [ \"2020-03-28 02:10\" ],\r\n  \"endTime\" : [ \"2020-04-03 06:05\" ],\r\n  \"totalTime\" : [ \"532500\" ],\r\n  \"totalTimeText\" : [ \"6 天 3 时 55 分 0 秒\" ]\r\n}','{\r\n  \"msg\" : \"操作成功\",\r\n  \"code\" : 0\r\n}',0,NULL,'2020-03-27 22:48:54'),(249,'请假业务',2,'com.ruoyi.activiti.controller.BizLeaveCounterSignController.submitApply()','POST',1,'chengxy','测试部门','/leaveCounterSign/submitApply','127.0.0.1','内网IP','{\r\n  \"id\" : [ \"56\" ],\r\n  \"users[]\" : [ \"rensm\", \"axianlu\" ]\r\n}','{\r\n  \"msg\" : \"操作成功\",\r\n  \"code\" : 0\r\n}',0,NULL,'2020-03-27 22:49:02'),(250,'请假业务',2,'com.ruoyi.activiti.controller.BizLeaveCounterSignController.editSave()','POST',1,'axianlu','测试部门','/leaveCounterSign/edit','127.0.0.1','内网IP','{\r\n  \"id\" : [ \"56\" ],\r\n  \"applyUserName\" : [ \"程序猿\" ],\r\n  \"applyTime\" : [ \"2020-03-27 22:49\" ],\r\n  \"title\" : [ \"会签版3\" ],\r\n  \"reason\" : [ \"111\" ],\r\n  \"startTime\" : [ \"2020-03-28 02:10\" ],\r\n  \"endTime\" : [ \"2020-04-03 06:05\" ],\r\n  \"totalTime\" : [ \"532500\" ],\r\n  \"totalTimeText\" : [ \"6 天 3 时 55 分 0 秒\" ]\r\n}','{\r\n  \"msg\" : \"操作成功\",\r\n  \"code\" : 0\r\n}',0,NULL,'2020-03-27 22:52:55'),(251,'请假业务',2,'com.ruoyi.activiti.controller.BizLeaveCounterSignController.editSave()','POST',1,'axianlu','测试部门','/leaveCounterSign/edit','127.0.0.1','内网IP','{\r\n  \"id\" : [ \"56\" ],\r\n  \"applyUserName\" : [ \"程序猿\" ],\r\n  \"applyTime\" : [ \"2020-03-27 22:49\" ],\r\n  \"title\" : [ \"会签版3\" ],\r\n  \"reason\" : [ \"111\" ],\r\n  \"startTime\" : [ \"2020-03-28 02:10\" ],\r\n  \"endTime\" : [ \"2020-04-03 06:05\" ],\r\n  \"totalTime\" : [ \"532500\" ],\r\n  \"totalTimeText\" : [ \"6 天 3 时 55 分 0 秒\" ]\r\n}','{\r\n  \"msg\" : \"操作成功\",\r\n  \"code\" : 0\r\n}',0,NULL,'2020-03-27 22:53:01'),(252,'请假业务',2,'com.ruoyi.activiti.controller.BizLeaveCounterSignController.editSave()','POST',1,'axianlu','测试部门','/leaveCounterSign/edit','127.0.0.1','内网IP','{\r\n  \"id\" : [ \"56\" ],\r\n  \"applyUserName\" : [ \"程序猿\" ],\r\n  \"applyTime\" : [ \"2020-03-27 22:49\" ],\r\n  \"title\" : [ \"会签版3\" ],\r\n  \"reason\" : [ \"111\" ],\r\n  \"startTime\" : [ \"2020-03-28 02:10\" ],\r\n  \"endTime\" : [ \"2020-04-03 06:05\" ],\r\n  \"totalTime\" : [ \"532500\" ],\r\n  \"totalTimeText\" : [ \"6 天 3 时 55 分 0 秒\" ]\r\n}','{\r\n  \"msg\" : \"操作成功\",\r\n  \"code\" : 0\r\n}',0,NULL,'2020-03-27 22:53:10'),(253,'请假业务',1,'com.ruoyi.activiti.controller.BizLeaveController.addSave()','POST',1,'chengxy','测试部门','/leave/add','127.0.0.1','内网IP','{\r\n  \"title\" : [ \"我想请假\" ],\r\n  \"reason\" : [ \"喵喵喵？\" ],\r\n  \"startTime\" : [ \"2020-03-27 23:00\" ],\r\n  \"endTime\" : [ \"2020-03-28 10:30\" ],\r\n  \"totalTime\" : [ \"41400\" ],\r\n  \"totalTimeText\" : [ \"0 天 11 时 30 分 0 秒\" ]\r\n}','{\r\n  \"msg\" : \"操作成功\",\r\n  \"code\" : 0\r\n}',0,NULL,'2020-03-27 22:55:32'),(254,'请假业务',1,'com.ruoyi.activiti.controller.BizLeaveCounterSignController.addSave()','POST',1,'chengxy','测试部门','/leaveCounterSign/add','127.0.0.1','内网IP','{\r\n  \"title\" : [ \"会签版\" ],\r\n  \"reason\" : [ \"123\" ],\r\n  \"startTime\" : [ \"2020-03-27 23:55\" ],\r\n  \"endTime\" : [ \"2020-03-31 06:05\" ],\r\n  \"totalTime\" : [ \"281400\" ],\r\n  \"totalTimeText\" : [ \"3 天 6 时 10 分 0 秒\" ]\r\n}','{\r\n  \"msg\" : \"操作成功\",\r\n  \"code\" : 0\r\n}',0,NULL,'2020-03-27 22:55:57'),(255,'请假业务',2,'com.ruoyi.activiti.controller.BizLeaveController.submitApply()','POST',1,'chengxy','测试部门','/leave/submitApply','127.0.0.1','内网IP','{\r\n  \"id\" : [ \"57\" ]\r\n}','null',1,'no processes deployed with key \'leave\'','2020-03-27 22:57:16'),(256,'流程定义',1,'com.ruoyi.activiti.controller.ProcessDefinitionController.upload()','POST',1,'admin','研发部门','/definition/upload','127.0.0.1','内网IP','{ }','{\r\n  \"msg\" : \"操作成功\",\r\n  \"code\" : 0\r\n}',0,NULL,'2020-03-27 22:58:00'),(257,'流程定义',1,'com.ruoyi.activiti.controller.ProcessDefinitionController.upload()','POST',1,'admin','研发部门','/definition/upload','127.0.0.1','内网IP','{ }','{\r\n  \"msg\" : \"操作成功\",\r\n  \"code\" : 0\r\n}',0,NULL,'2020-03-27 22:58:11'),(258,'请假业务',2,'com.ruoyi.activiti.controller.BizLeaveController.submitApply()','POST',1,'chengxy','测试部门','/leave/submitApply','127.0.0.1','内网IP','{\r\n  \"id\" : [ \"57\" ]\r\n}','{\r\n  \"msg\" : \"操作成功\",\r\n  \"code\" : 0\r\n}',0,NULL,'2020-03-27 22:58:51'),(259,'请假业务',2,'com.ruoyi.activiti.controller.BizLeaveCounterSignController.submitApply()','POST',1,'chengxy','测试部门','/leaveCounterSign/submitApply','127.0.0.1','内网IP','{\r\n  \"id\" : [ \"58\" ],\r\n  \"users[]\" : [ \"rensm\", \"axianlu\" ]\r\n}','{\r\n  \"msg\" : \"操作成功\",\r\n  \"code\" : 0\r\n}',0,NULL,'2020-03-27 22:59:03'),(260,'请假业务',2,'com.ruoyi.activiti.controller.BizLeaveCounterSignController.editSave()','POST',1,'rensm','测试部门','/leaveCounterSign/edit','127.0.0.1','内网IP','{\r\n  \"id\" : [ \"58\" ],\r\n  \"applyUserName\" : [ \"程序猿\" ],\r\n  \"applyTime\" : [ \"2020-03-27 22:59\" ],\r\n  \"title\" : [ \"会签版\" ],\r\n  \"reason\" : [ \"123\" ],\r\n  \"startTime\" : [ \"2020-03-27 23:55\" ],\r\n  \"endTime\" : [ \"2020-03-31 06:05\" ],\r\n  \"totalTime\" : [ \"281400\" ],\r\n  \"totalTimeText\" : [ \"3 天 6 时 10 分 0 秒\" ]\r\n}','{\r\n  \"msg\" : \"操作成功\",\r\n  \"code\" : 0\r\n}',0,NULL,'2020-03-27 23:02:08'),(261,'请假业务',1,'com.ruoyi.activiti.controller.BizLeaveCounterSignController.addSave()','POST',1,'chengxy','测试部门','/leaveCounterSign/add','127.0.0.1','内网IP','{\r\n  \"title\" : [ \"会签版2.0\" ],\r\n  \"reason\" : [ \"。。。\" ],\r\n  \"startTime\" : [ \"2020-03-28 10:50\" ],\r\n  \"endTime\" : [ \"2020-04-03 06:30\" ],\r\n  \"totalTime\" : [ \"502800\" ],\r\n  \"totalTimeText\" : [ \"5 天 19 时 40 分 0 秒\" ]\r\n}','{\r\n  \"msg\" : \"操作成功\",\r\n  \"code\" : 0\r\n}',0,NULL,'2020-03-28 10:35:23'),(262,'请假业务',2,'com.ruoyi.activiti.controller.BizLeaveCounterSignController.submitApply()','POST',1,'chengxy','测试部门','/leaveCounterSign/submitApply','127.0.0.1','内网IP','{\r\n  \"id\" : [ \"59\" ],\r\n  \"users[]\" : [ \"rensm\", \"axianlu\" ]\r\n}','{\r\n  \"msg\" : \"操作成功\",\r\n  \"code\" : 0\r\n}',0,NULL,'2020-03-28 10:35:39'),(263,'流程定义',3,'com.ruoyi.activiti.controller.ProcessDefinitionController.remove()','POST',1,'admin','研发部门','/definition/remove','127.0.0.1','内网IP','{\r\n  \"ids\" : [ \"5006\" ]\r\n}','{\r\n  \"msg\" : \"删除失败，存在运行中的流程实例\",\r\n  \"code\" : 500\r\n}',0,NULL,'2020-03-28 10:39:06'),(264,'请假业务',1,'com.ruoyi.activiti.controller.BizLeaveCounterSignController.addSave()','POST',1,'chengxy','测试部门','/leaveCounterSign/add','127.0.0.1','内网IP','{\r\n  \"title\" : [ \"会签版3.0\" ],\r\n  \"reason\" : [ \"嘤嘤嘤\" ],\r\n  \"startTime\" : [ \"2020-03-28 15:00\" ],\r\n  \"endTime\" : [ \"2020-03-30 05:00\" ],\r\n  \"totalTime\" : [ \"136800\" ],\r\n  \"totalTimeText\" : [ \"1 天 14 时 0 分 0 秒\" ]\r\n}','{\r\n  \"msg\" : \"操作成功\",\r\n  \"code\" : 0\r\n}',0,NULL,'2020-03-28 10:41:36'),(265,'请假业务',2,'com.ruoyi.activiti.controller.BizLeaveCounterSignController.submitApply()','POST',1,'chengxy','测试部门','/leaveCounterSign/submitApply','127.0.0.1','内网IP','{\r\n  \"id\" : [ \"60\" ],\r\n  \"users[]\" : [ \"rensm\", \"axianlu\" ]\r\n}','{\r\n  \"msg\" : \"操作成功\",\r\n  \"code\" : 0\r\n}',0,NULL,'2020-03-28 10:41:50'),(266,'请假业务',2,'com.ruoyi.activiti.controller.BizLeaveCounterSignController.editSave()','POST',1,'axianlu','测试部门','/leaveCounterSign/edit','127.0.0.1','内网IP','{\r\n  \"id\" : [ \"58\" ],\r\n  \"applyUserName\" : [ \"程序猿\" ],\r\n  \"applyTime\" : [ \"2020-03-27 22:59\" ],\r\n  \"title\" : [ \"会签版\" ],\r\n  \"reason\" : [ \"123\" ],\r\n  \"startTime\" : [ \"2020-03-27 23:55\" ],\r\n  \"endTime\" : [ \"2020-03-31 06:05\" ],\r\n  \"totalTime\" : [ \"281400\" ],\r\n  \"totalTimeText\" : [ \"3 天 6 时 10 分 0 秒\" ]\r\n}','{\r\n  \"msg\" : \"操作成功\",\r\n  \"code\" : 0\r\n}',0,NULL,'2020-03-28 10:58:45'),(267,'请假业务',2,'com.ruoyi.activiti.controller.BizLeaveController.editSave()','POST',1,'axianlu','测试部门','/leave/edit','127.0.0.1','内网IP','{\r\n  \"id\" : [ \"57\" ],\r\n  \"applyUserName\" : [ \"程序猿\" ],\r\n  \"applyTime\" : [ \"2020-03-27 22:58\" ],\r\n  \"title\" : [ \"我想请假\" ],\r\n  \"reason\" : [ \"喵喵喵？\" ],\r\n  \"startTime\" : [ \"2020-03-27 23:00\" ],\r\n  \"endTime\" : [ \"2020-03-28 10:30\" ],\r\n  \"totalTime\" : [ \"41400\" ],\r\n  \"totalTimeText\" : [ \"0 天 11 时 30 分 0 秒\" ]\r\n}','{\r\n  \"msg\" : \"操作成功\",\r\n  \"code\" : 0\r\n}',0,NULL,'2020-03-28 11:01:00'),(268,'请假业务',2,'com.ruoyi.activiti.controller.BizLeaveController.editSave()','POST',1,'axianlu','测试部门','/leave/edit','127.0.0.1','内网IP','{\r\n  \"id\" : [ \"57\" ],\r\n  \"applyUserName\" : [ \"程序猿\" ],\r\n  \"applyTime\" : [ \"2020-03-27 22:58\" ],\r\n  \"title\" : [ \"我想请假\" ],\r\n  \"reason\" : [ \"喵喵喵？\" ],\r\n  \"startTime\" : [ \"2020-03-27 23:00\" ],\r\n  \"endTime\" : [ \"2020-03-28 10:30\" ],\r\n  \"totalTime\" : [ \"41400\" ],\r\n  \"totalTimeText\" : [ \"0 天 11 时 30 分 0 秒\" ]\r\n}','{\r\n  \"msg\" : \"操作成功\",\r\n  \"code\" : 0\r\n}',0,NULL,'2020-03-28 11:10:37'),(269,'请假业务',1,'com.ruoyi.activiti.controller.BizLeaveController.addSave()','POST',1,'chengxy','测试部门','/leave/add','127.0.0.1','内网IP','{\r\n  \"title\" : [ \"请假嘤嘤嘤\" ],\r\n  \"reason\" : [ \"嘤嘤嘤\" ],\r\n  \"startTime\" : [ \"2020-03-31 20:25\" ],\r\n  \"endTime\" : [ \"2020-04-03 01:05\" ],\r\n  \"totalTime\" : [ \"189600\" ],\r\n  \"totalTimeText\" : [ \"2 天 4 时 40 分 0 秒\" ]\r\n}','{\r\n  \"msg\" : \"操作成功\",\r\n  \"code\" : 0\r\n}',0,NULL,'2020-03-31 20:18:20'),(270,'请假业务',2,'com.ruoyi.activiti.controller.BizLeaveController.submitApply()','POST',1,'chengxy','测试部门','/leave/submitApply','127.0.0.1','内网IP','{\r\n  \"id\" : [ \"61\" ]\r\n}','{\r\n  \"msg\" : \"操作成功\",\r\n  \"code\" : 0\r\n}',0,NULL,'2020-03-31 20:18:24'),(271,'用户管理',1,'com.ruoyi.web.controller.system.SysUserController.addSave()','POST',1,'admin','研发部门','/system/user/add','127.0.0.1','内网IP','{\r\n  \"deptId\" : [ \"105\" ],\r\n  \"userName\" : [ \"1\" ],\r\n  \"deptName\" : [ \"测试部门\" ],\r\n  \"phonenumber\" : [ \"13111111111\" ],\r\n  \"email\" : [ \"110@qq.com\" ],\r\n  \"loginName\" : [ \"11\" ],\r\n  \"password\" : [ \"123456\" ],\r\n  \"sex\" : [ \"0\" ],\r\n  \"remark\" : [ \"\" ],\r\n  \"status\" : [ \"0\" ],\r\n  \"roleIds\" : [ \"\" ],\r\n  \"postIds\" : [ \"\" ]\r\n}','{\r\n  \"msg\" : \"操作成功\",\r\n  \"code\" : 0\r\n}',0,NULL,'2020-03-31 22:58:21'),(272,'用户管理',1,'com.ruoyi.web.controller.system.SysUserController.addSave()','POST',1,'admin','研发部门','/system/user/add','127.0.0.1','内网IP','{\r\n  \"deptId\" : [ \"105\" ],\r\n  \"userName\" : [ \"22\" ],\r\n  \"deptName\" : [ \"测试部门\" ],\r\n  \"phonenumber\" : [ \"13111111112\" ],\r\n  \"email\" : [ \"111@qq.com\" ],\r\n  \"loginName\" : [ \"22\" ],\r\n  \"password\" : [ \"123456\" ],\r\n  \"sex\" : [ \"0\" ],\r\n  \"remark\" : [ \"\" ],\r\n  \"status\" : [ \"0\" ],\r\n  \"roleIds\" : [ \"\" ],\r\n  \"postIds\" : [ \"\" ]\r\n}','{\r\n  \"msg\" : \"操作成功\",\r\n  \"code\" : 0\r\n}',0,NULL,'2020-03-31 22:59:00'),(273,'用户管理',1,'com.ruoyi.web.controller.system.SysUserController.addSave()','POST',1,'admin','研发部门','/system/user/add','127.0.0.1','内网IP','{\r\n  \"deptId\" : [ \"105\" ],\r\n  \"userName\" : [ \"33\" ],\r\n  \"deptName\" : [ \"测试部门\" ],\r\n  \"phonenumber\" : [ \"13111111113\" ],\r\n  \"email\" : [ \"113@qq.com\" ],\r\n  \"loginName\" : [ \"33\" ],\r\n  \"password\" : [ \"123456\" ],\r\n  \"sex\" : [ \"0\" ],\r\n  \"remark\" : [ \"\" ],\r\n  \"status\" : [ \"0\" ],\r\n  \"roleIds\" : [ \"\" ],\r\n  \"postIds\" : [ \"\" ]\r\n}','{\r\n  \"msg\" : \"操作成功\",\r\n  \"code\" : 0\r\n}',0,NULL,'2020-03-31 22:59:31'),(274,'用户管理',1,'com.ruoyi.web.controller.system.SysUserController.addSave()','POST',1,'admin','研发部门','/system/user/add','127.0.0.1','内网IP','{\r\n  \"deptId\" : [ \"105\" ],\r\n  \"userName\" : [ \"44\" ],\r\n  \"deptName\" : [ \"测试部门\" ],\r\n  \"phonenumber\" : [ \"13111111114\" ],\r\n  \"email\" : [ \"114@qq.com\" ],\r\n  \"loginName\" : [ \"44\" ],\r\n  \"password\" : [ \"123456\" ],\r\n  \"sex\" : [ \"0\" ],\r\n  \"remark\" : [ \"\" ],\r\n  \"status\" : [ \"0\" ],\r\n  \"roleIds\" : [ \"\" ],\r\n  \"postIds\" : [ \"\" ]\r\n}','{\r\n  \"msg\" : \"操作成功\",\r\n  \"code\" : 0\r\n}',0,NULL,'2020-03-31 22:59:56'),(275,'用户管理',1,'com.ruoyi.web.controller.system.SysUserController.addSave()','POST',1,'admin','研发部门','/system/user/add','127.0.0.1','内网IP','{\r\n  \"deptId\" : [ \"105\" ],\r\n  \"userName\" : [ \"55\" ],\r\n  \"deptName\" : [ \"测试部门\" ],\r\n  \"phonenumber\" : [ \"13111111115\" ],\r\n  \"email\" : [ \"115@qq.com\" ],\r\n  \"loginName\" : [ \"55\" ],\r\n  \"password\" : [ \"123456\" ],\r\n  \"sex\" : [ \"0\" ],\r\n  \"remark\" : [ \"\" ],\r\n  \"status\" : [ \"0\" ],\r\n  \"roleIds\" : [ \"\" ],\r\n  \"postIds\" : [ \"\" ]\r\n}','{\r\n  \"msg\" : \"操作成功\",\r\n  \"code\" : 0\r\n}',0,NULL,'2020-03-31 23:00:20'),(276,'用户管理',1,'com.ruoyi.web.controller.system.SysUserController.addSave()','POST',1,'admin','研发部门','/system/user/add','127.0.0.1','内网IP','{\r\n  \"deptId\" : [ \"105\" ],\r\n  \"userName\" : [ \"66\" ],\r\n  \"deptName\" : [ \"测试部门\" ],\r\n  \"phonenumber\" : [ \"13111111116\" ],\r\n  \"email\" : [ \"116@qq.com\" ],\r\n  \"loginName\" : [ \"66\" ],\r\n  \"password\" : [ \"123456\" ],\r\n  \"sex\" : [ \"0\" ],\r\n  \"remark\" : [ \"\" ],\r\n  \"status\" : [ \"0\" ],\r\n  \"roleIds\" : [ \"\" ],\r\n  \"postIds\" : [ \"\" ]\r\n}','{\r\n  \"msg\" : \"操作成功\",\r\n  \"code\" : 0\r\n}',0,NULL,'2020-03-31 23:00:45'),(277,'流程定义',3,'com.ruoyi.activiti.controller.ProcessDefinitionController.remove()','POST',1,'admin','研发部门','/definition/remove','127.0.0.1','内网IP','{\r\n  \"ids\" : [ \"17506\" ]\r\n}','{\r\n  \"msg\" : \"操作成功\",\r\n  \"code\" : 0\r\n}',0,NULL,'2020-04-01 20:51:23'),(278,'代码生成',6,'com.ruoyi.generator.controller.GenController.importTableSave()','POST',1,'admin','研发部门','/tool/gen/importTable','127.0.0.1','内网IP','{\r\n  \"tables\" : [ \"biz_purchase\" ]\r\n}','{\r\n  \"msg\" : \"操作成功\",\r\n  \"code\" : 0\r\n}',0,NULL,'2020-04-02 19:56:11'),(279,'代码生成',8,'com.ruoyi.generator.controller.GenController.genCode()','GET',1,'admin','研发部门','/tool/gen/genCode/biz_purchase','127.0.0.1','内网IP','{ }','null',0,NULL,'2020-04-02 20:42:12'),(280,'菜单管理',1,'com.ruoyi.web.controller.system.SysMenuController.addSave()','POST',1,'admin','研发部门','/system/menu/add','127.0.0.1','内网IP','{\r\n  \"parentId\" : [ \"0\" ],\r\n  \"menuType\" : [ \"M\" ],\r\n  \"menuName\" : [ \"采购流程\" ],\r\n  \"url\" : [ \"\" ],\r\n  \"target\" : [ \"menuItem\" ],\r\n  \"perms\" : [ \"\" ],\r\n  \"orderNum\" : [ \"7\" ],\r\n  \"icon\" : [ \"fa fa-cart-plus\" ],\r\n  \"visible\" : [ \"0\" ]\r\n}','{\r\n  \"msg\" : \"操作成功\",\r\n  \"code\" : 0\r\n}',0,NULL,'2020-04-02 20:51:01'),(281,'菜单管理',1,'com.ruoyi.web.controller.system.SysMenuController.addSave()','POST',1,'admin','研发部门','/system/menu/add','127.0.0.1','内网IP','{\r\n  \"parentId\" : [ \"2016\" ],\r\n  \"menuType\" : [ \"C\" ],\r\n  \"menuName\" : [ \"采购列表\" ],\r\n  \"url\" : [ \"/purchase\" ],\r\n  \"target\" : [ \"menuItem\" ],\r\n  \"perms\" : [ \"\" ],\r\n  \"orderNum\" : [ \"1\" ],\r\n  \"icon\" : [ \"#\" ],\r\n  \"visible\" : [ \"0\" ]\r\n}','{\r\n  \"msg\" : \"操作成功\",\r\n  \"code\" : 0\r\n}',0,NULL,'2020-04-02 20:51:45'),(282,'菜单管理',1,'com.ruoyi.web.controller.system.SysMenuController.addSave()','POST',1,'admin','研发部门','/system/menu/add','127.0.0.1','内网IP','{\r\n  \"parentId\" : [ \"2016\" ],\r\n  \"menuType\" : [ \"C\" ],\r\n  \"menuName\" : [ \"我的待办\" ],\r\n  \"url\" : [ \"/purchase/purchaseTodo\" ],\r\n  \"target\" : [ \"menuItem\" ],\r\n  \"perms\" : [ \"\" ],\r\n  \"orderNum\" : [ \"2\" ],\r\n  \"icon\" : [ \"#\" ],\r\n  \"visible\" : [ \"0\" ]\r\n}','{\r\n  \"msg\" : \"操作成功\",\r\n  \"code\" : 0\r\n}',0,NULL,'2020-04-02 20:52:16'),(283,'菜单管理',1,'com.ruoyi.web.controller.system.SysMenuController.addSave()','POST',1,'admin','研发部门','/system/menu/add','127.0.0.1','内网IP','{\r\n  \"parentId\" : [ \"2016\" ],\r\n  \"menuType\" : [ \"C\" ],\r\n  \"menuName\" : [ \"我的已办\" ],\r\n  \"url\" : [ \"/purchase/purchaseDone\" ],\r\n  \"target\" : [ \"menuItem\" ],\r\n  \"perms\" : [ \"\" ],\r\n  \"orderNum\" : [ \"3\" ],\r\n  \"icon\" : [ \"#\" ],\r\n  \"visible\" : [ \"0\" ]\r\n}','{\r\n  \"msg\" : \"操作成功\",\r\n  \"code\" : 0\r\n}',0,NULL,'2020-04-02 20:52:42'),(284,'【请填写功能名称】',1,'com.ruoyi.activiti.controller.BizPurchaseController.addSave()','POST',1,'admin','研发部门','/purchase/add','127.0.0.1','内网IP','{\r\n  \"title\" : [ \"路边的野花不要采\" ],\r\n  \"amount\" : [ \"19999\" ],\r\n  \"applyUser\" : [ \"\" ],\r\n  \"applyTime\" : [ \"\" ]\r\n}','{\r\n  \"msg\" : \"操作成功\",\r\n  \"code\" : 0\r\n}',0,NULL,'2020-04-02 21:04:56'),(285,'【请填写功能名称】',2,'com.ruoyi.activiti.controller.BizPurchaseController.editSave()','POST',1,'admin','研发部门','/purchase/edit','127.0.0.1','内网IP','{\r\n  \"id\" : [ \"1\" ],\r\n  \"title\" : [ \"路边的野花不要采\" ],\r\n  \"amount\" : [ \"19999999.0\" ],\r\n  \"applyUser\" : [ \"\" ],\r\n  \"applyTime\" : [ \"\" ]\r\n}','{\r\n  \"msg\" : \"操作成功\",\r\n  \"code\" : 0\r\n}',0,NULL,'2020-04-02 21:12:32'),(286,'请假业务',2,'com.ruoyi.activiti.controller.BizPurchaseController.submitApply()','POST',1,'admin','研发部门','/purchase/submitApply','127.0.0.1','内网IP','{\r\n  \"id\" : [ \"1\" ]\r\n}','null',1,'Unknown property used in expression: ${applyUserId}','2020-04-02 21:13:57'),(287,'请假业务',2,'com.ruoyi.activiti.controller.BizPurchaseController.submitApply()','POST',1,'admin','研发部门','/purchase/submitApply','127.0.0.1','内网IP','{\r\n  \"id\" : [ \"1\" ]\r\n}','{\r\n  \"msg\" : \"操作成功\",\r\n  \"code\" : 0\r\n}',0,NULL,'2020-04-02 21:16:03'),(288,'请假业务',1,'com.ruoyi.activiti.controller.BizLeaveCounterSignController.addSave()','POST',1,'chengxy','测试部门','/leaveCounterSign/add','127.0.0.1','内网IP','{\r\n  \"title\" : [ \"会签版\" ],\r\n  \"reason\" : [ \"2222\" ],\r\n  \"startTime\" : [ \"2020-04-16 10:50\" ],\r\n  \"endTime\" : [ \"2020-04-24 10:30\" ],\r\n  \"totalTime\" : [ \"690000\" ],\r\n  \"totalTimeText\" : [ \"7 天 23 时 40 分 0 秒\" ]\r\n}','{\r\n  \"msg\" : \"操作成功\",\r\n  \"code\" : 0\r\n}',0,NULL,'2020-04-03 17:05:03'),(289,'请假业务',2,'com.ruoyi.activiti.controller.BizLeaveCounterSignController.submitApply()','POST',1,'chengxy','测试部门','/leaveCounterSign/submitApply','127.0.0.1','内网IP','{\r\n  \"id\" : [ \"62\" ],\r\n  \"users[]\" : [ \"rensm\", \"axianlu\" ]\r\n}','{\r\n  \"msg\" : \"操作成功\",\r\n  \"code\" : 0\r\n}',0,NULL,'2020-04-04 17:33:42'),(290,'角色管理',2,'com.ruoyi.web.controller.system.SysRoleController.editSave()','POST',1,'admin','研发部门','/system/role/edit','127.0.0.1','内网IP','{\r\n  \"roleId\" : [ \"102\" ],\r\n  \"roleName\" : [ \"流程角色\" ],\r\n  \"roleKey\" : [ \"processRole\" ],\r\n  \"roleSort\" : [ \"5\" ],\r\n  \"status\" : [ \"0\" ],\r\n  \"remark\" : [ \"\" ],\r\n  \"menuIds\" : [ \"2005,2006,2007,2008,2012,2013,2014,2015,2016,2017,2018,2019,2009,2010,2011\" ]\r\n}','{\r\n  \"msg\" : \"操作成功\",\r\n  \"code\" : 0\r\n}',0,NULL,'2020-04-04 17:38:54'),(291,'流程定义',3,'com.ruoyi.activiti.controller.ProcessDefinitionController.remove()','POST',1,'admin','研发部门','/definition/remove','127.0.0.1','内网IP','{\r\n  \"ids\" : [ \"27508\" ]\r\n}','{\r\n  \"msg\" : \"操作成功\",\r\n  \"code\" : 0\r\n}',0,NULL,'2020-04-04 19:21:53'),(292,'采购流程',1,'com.ruoyi.activiti.controller.BizPurchaseController.addSave()','POST',1,'chengxy','测试部门','/purchase/add','127.0.0.1','内网IP','{\r\n  \"title\" : [ \"路边的野花不要采\" ],\r\n  \"amount\" : [ \"999\" ]\r\n}','{\r\n  \"msg\" : \"操作成功\",\r\n  \"code\" : 0\r\n}',0,NULL,'2020-04-04 19:27:49'),(293,'采购流程',1,'com.ruoyi.activiti.controller.BizPurchaseController.addSave()','POST',1,'chengxy','测试部门','/purchase/add','127.0.0.1','内网IP','{\r\n  \"productIds\" : [ \"7,6,5,4,3,2,1\" ],\r\n  \"title\" : [ \"\" ],\r\n  \"amount\" : [ \"\" ],\r\n  \"btSelectAll\" : [ \"on\", \"on\" ],\r\n  \"btSelectItem\" : [ \"on\", \"on\", \"on\", \"on\", \"on\", \"on\", \"on\" ]\r\n}','{\r\n  \"msg\" : \"操作成功\",\r\n  \"code\" : 0\r\n}',0,NULL,'2020-04-04 20:27:32'),(294,'采购流程',1,'com.ruoyi.activiti.controller.BizPurchaseController.addSave()','POST',1,'chengxy','测试部门','/purchase/add','127.0.0.1','内网IP','{\r\n  \"productIds\" : [ \"7,6,5,4,3,2,1\" ],\r\n  \"title\" : [ \"\" ],\r\n  \"amount\" : [ \"\" ],\r\n  \"btSelectAll\" : [ \"on\", \"on\" ],\r\n  \"btSelectItem\" : [ \"on\", \"on\", \"on\", \"on\", \"on\", \"on\", \"on\" ]\r\n}','null',1,'nested exception is org.apache.ibatis.executor.ExecutorException: Error selecting key or setting result to parameter object. Cause: org.apache.ibatis.reflection.ReflectionException: Could not set property \'id\' of \'class com.ruoyi.activiti.domain.BizPurchase\' with value \'4\' Cause: java.lang.IllegalArgumentException: argument type mismatch','2020-04-04 20:39:14'),(295,'采购流程',3,'com.ruoyi.activiti.controller.BizPurchaseController.remove()','POST',1,'chengxy','测试部门','/purchase/remove','127.0.0.1','内网IP','{\r\n  \"ids\" : [ \"3\" ]\r\n}','{\r\n  \"msg\" : \"操作成功\",\r\n  \"code\" : 0\r\n}',0,NULL,'2020-04-04 20:40:15'),(296,'采购流程',3,'com.ruoyi.activiti.controller.BizPurchaseController.remove()','POST',1,'chengxy','测试部门','/purchase/remove','127.0.0.1','内网IP','{\r\n  \"ids\" : [ \"4\" ]\r\n}','{\r\n  \"msg\" : \"操作成功\",\r\n  \"code\" : 0\r\n}',0,NULL,'2020-04-04 20:40:18'),(297,'采购流程',1,'com.ruoyi.activiti.controller.BizPurchaseController.addSave()','POST',1,'chengxy','测试部门','/purchase/add','127.0.0.1','内网IP','{\r\n  \"productIds\" : [ \"7,6,5,4,3,2,1\" ],\r\n  \"title\" : [ \"\" ],\r\n  \"amount\" : [ \"\" ],\r\n  \"btSelectAll\" : [ \"on\", \"on\" ],\r\n  \"btSelectItem\" : [ \"on\", \"on\", \"on\", \"on\", \"on\", \"on\", \"on\" ]\r\n}','{\r\n  \"msg\" : \"操作成功\",\r\n  \"code\" : 0\r\n}',0,NULL,'2020-04-04 20:41:14'),(298,'采购流程',3,'com.ruoyi.activiti.controller.BizPurchaseController.remove()','POST',1,'chengxy','测试部门','/purchase/remove','127.0.0.1','内网IP','{\r\n  \"ids\" : [ \"2\" ]\r\n}','{\r\n  \"msg\" : \"操作成功\",\r\n  \"code\" : 0\r\n}',0,NULL,'2020-04-05 10:40:28'),(299,'采购流程',3,'com.ruoyi.activiti.controller.BizPurchaseController.remove()','POST',1,'chengxy','测试部门','/purchase/remove','127.0.0.1','内网IP','{\r\n  \"ids\" : [ \"5\" ]\r\n}','{\r\n  \"msg\" : \"操作成功\",\r\n  \"code\" : 0\r\n}',0,NULL,'2020-04-05 10:40:31'),(300,'采购流程',1,'com.ruoyi.activiti.controller.BizPurchaseController.addSave()','POST',1,'chengxy','测试部门','/purchase/add','127.0.0.1','内网IP','{\r\n  \"productIds\" : [ \"2,1\" ],\r\n  \"title\" : [ \"路边的野花不要采1\" ],\r\n  \"amount\" : [ \"999\" ],\r\n  \"btSelectAll\" : [ \"on\", \"on\" ],\r\n  \"btSelectItem\" : [ \"on\", \"on\" ]\r\n}','{\r\n  \"msg\" : \"操作成功\",\r\n  \"code\" : 0\r\n}',0,NULL,'2020-04-05 10:42:42'),(301,'采购流程',3,'com.ruoyi.activiti.controller.BizPurchaseController.remove()','POST',1,'chengxy','测试部门','/purchase/remove','127.0.0.1','内网IP','{\r\n  \"ids\" : [ \"6\" ]\r\n}','{\r\n  \"msg\" : \"操作成功\",\r\n  \"code\" : 0\r\n}',0,NULL,'2020-04-05 10:44:26'),(302,'采购流程',1,'com.ruoyi.activiti.controller.BizPurchaseController.addSave()','POST',1,'chengxy','测试部门','/purchase/add','127.0.0.1','内网IP','{\r\n  \"productIds\" : [ \"2,1\" ],\r\n  \"title\" : [ \"路边的野花不要采1\" ],\r\n  \"amount\" : [ \"999\" ],\r\n  \"btSelectAll\" : [ \"on\", \"on\" ],\r\n  \"btSelectItem\" : [ \"on\", \"on\" ]\r\n}','{\r\n  \"msg\" : \"操作成功\",\r\n  \"code\" : 0\r\n}',0,NULL,'2020-04-05 10:44:52'),(303,'采购流程',3,'com.ruoyi.activiti.controller.BizPurchaseController.remove()','POST',1,'chengxy','测试部门','/purchase/remove','127.0.0.1','内网IP','{\r\n  \"ids\" : [ \"7\" ]\r\n}','{\r\n  \"msg\" : \"操作成功\",\r\n  \"code\" : 0\r\n}',0,NULL,'2020-04-05 11:00:00'),(304,'采购流程',1,'com.ruoyi.activiti.controller.BizPurchaseController.addSave()','POST',1,'chengxy','测试部门','/purchase/add','127.0.0.1','内网IP','{\r\n  \"productIds\" : [ \"2,1\" ],\r\n  \"title\" : [ \"路边的野花不要采\" ],\r\n  \"amount\" : [ \"999\" ],\r\n  \"btSelectAll\" : [ \"on\", \"on\" ],\r\n  \"btSelectItem\" : [ \"on\", \"on\" ]\r\n}','{\r\n  \"msg\" : \"操作成功\",\r\n  \"code\" : 0\r\n}',0,NULL,'2020-04-05 11:00:35'),(305,'采购流程',3,'com.ruoyi.activiti.controller.BizPurchaseController.remove()','POST',1,'chengxy','测试部门','/purchase/remove','127.0.0.1','内网IP','{\r\n  \"ids\" : [ \"8\" ]\r\n}','{\r\n  \"msg\" : \"操作成功\",\r\n  \"code\" : 0\r\n}',0,NULL,'2020-04-05 11:01:31'),(306,'采购流程',1,'com.ruoyi.activiti.controller.BizPurchaseController.addSave()','POST',1,'chengxy','测试部门','/purchase/add','127.0.0.1','内网IP','{\r\n  \"productIds\" : [ \"2,1\" ],\r\n  \"title\" : [ \"路边的野花不要采\" ],\r\n  \"amount\" : [ \"999\" ],\r\n  \"btSelectAll\" : [ \"on\", \"on\" ],\r\n  \"btSelectItem\" : [ \"on\", \"on\" ]\r\n}','{\r\n  \"msg\" : \"操作成功\",\r\n  \"code\" : 0\r\n}',0,NULL,'2020-04-05 11:01:55'),(307,'采购流程',2,'com.ruoyi.activiti.controller.BizPurchaseController.editSave()','POST',1,'chengxy','测试部门','/purchase/edit','127.0.0.1','内网IP','{\r\n  \"id\" : [ \"9\" ],\r\n  \"title\" : [ \"路边的野花不要采\" ],\r\n  \"amount\" : [ \"999.0\" ],\r\n  \"btSelectItem\" : [ \"on\" ]\r\n}','null',1,'','2020-04-05 11:28:53'),(308,'采购流程',2,'com.ruoyi.activiti.controller.BizPurchaseController.editSave()','POST',1,'chengxy','测试部门','/purchase/edit','127.0.0.1','内网IP','{\r\n  \"id\" : [ \"9\" ],\r\n  \"productIds\" : [ \"\" ],\r\n  \"title\" : [ \"路边的野花不要采\" ],\r\n  \"amount\" : [ \"999.0\" ],\r\n  \"btSelectAll\" : [ \"on\", \"on\" ],\r\n  \"btSelectItem\" : [ \"on\", \"on\" ]\r\n}','{\r\n  \"msg\" : \"操作成功\",\r\n  \"code\" : 0\r\n}',0,NULL,'2020-04-05 11:31:43'),(309,'采购流程',2,'com.ruoyi.activiti.controller.BizPurchaseController.editSave()','POST',1,'chengxy','测试部门','/purchase/edit','127.0.0.1','内网IP','{\r\n  \"id\" : [ \"9\" ],\r\n  \"productIds\" : [ \"\" ],\r\n  \"title\" : [ \"路边的野花不要采\" ],\r\n  \"amount\" : [ \"999.0\" ],\r\n  \"btSelectAll\" : [ \"on\", \"on\" ],\r\n  \"btSelectItem\" : [ \"on\", \"on\" ]\r\n}','{\r\n  \"msg\" : \"操作成功\",\r\n  \"code\" : 0\r\n}',0,NULL,'2020-04-05 11:32:23'),(310,'采购流程',2,'com.ruoyi.activiti.controller.BizPurchaseController.editSave()','POST',1,'chengxy','测试部门','/purchase/edit','127.0.0.1','内网IP','{\r\n  \"id\" : [ \"9\" ],\r\n  \"productIds\" : [ \"2,1\" ],\r\n  \"title\" : [ \"路边的野花不要采\" ],\r\n  \"amount\" : [ \"999.0\" ],\r\n  \"btSelectAll\" : [ \"on\", \"on\" ],\r\n  \"btSelectItem\" : [ \"on\", \"on\" ]\r\n}','{\r\n  \"msg\" : \"操作成功\",\r\n  \"code\" : 0\r\n}',0,NULL,'2020-04-05 11:33:06'),(311,'采购流程',2,'com.ruoyi.activiti.controller.BizPurchaseController.editSave()','POST',1,'chengxy','测试部门','/purchase/edit','127.0.0.1','内网IP','{\r\n  \"id\" : [ \"9\" ],\r\n  \"productIds\" : [ \"3\" ],\r\n  \"title\" : [ \"路边的野花不要采\" ],\r\n  \"amount\" : [ \"999.0\" ],\r\n  \"btSelectItem\" : [ \"on\" ]\r\n}','{\r\n  \"msg\" : \"操作成功\",\r\n  \"code\" : 0\r\n}',0,NULL,'2020-04-05 11:33:20'),(312,'采购流程',1,'com.ruoyi.activiti.controller.BizPurchaseController.addSave()','POST',1,'chengxy','测试部门','/purchase/add','127.0.0.1','内网IP','{\r\n  \"productIds\" : [ \"\" ],\r\n  \"title\" : [ \"\" ],\r\n  \"amount\" : [ \"\" ]\r\n}','{\r\n  \"msg\" : \"操作成功\",\r\n  \"code\" : 0\r\n}',0,NULL,'2020-04-05 11:35:45'),(313,'采购流程',3,'com.ruoyi.activiti.controller.BizPurchaseController.remove()','POST',1,'chengxy','测试部门','/purchase/remove','127.0.0.1','内网IP','{\r\n  \"ids\" : [ \"10\" ]\r\n}','{\r\n  \"msg\" : \"操作成功\",\r\n  \"code\" : 0\r\n}',0,NULL,'2020-04-05 11:36:42'),(314,'采购流程',2,'com.ruoyi.activiti.controller.BizPurchaseController.editSave()','POST',1,'chengxy','测试部门','/purchase/edit','127.0.0.1','内网IP','{\r\n  \"id\" : [ \"9\" ],\r\n  \"productIds\" : [ \"1,3\" ],\r\n  \"title\" : [ \"路边的野花不要采\" ],\r\n  \"amount\" : [ \"999.0\" ],\r\n  \"btSelectItem\" : [ \"on\" ]\r\n}','{\r\n  \"msg\" : \"操作成功\",\r\n  \"code\" : 0\r\n}',0,NULL,'2020-04-05 11:49:29'),(315,'采购流程',2,'com.ruoyi.activiti.controller.BizPurchaseController.editSave()','POST',1,'chengxy','测试部门','/purchase/edit','127.0.0.1','内网IP','{\r\n  \"id\" : [ \"9\" ],\r\n  \"productIds\" : [ \"\" ],\r\n  \"title\" : [ \"路边的野花不要采\" ],\r\n  \"amount\" : [ \"999.0\" ]\r\n}','{\r\n  \"msg\" : \"操作成功\",\r\n  \"code\" : 0\r\n}',0,NULL,'2020-04-05 11:49:48'),(316,'采购流程',2,'com.ruoyi.activiti.controller.BizPurchaseController.editSave()','POST',1,'chengxy','测试部门','/purchase/edit','127.0.0.1','内网IP','{\r\n  \"id\" : [ \"9\" ],\r\n  \"productIds\" : [ \"7,6,5,4,3,2,1\" ],\r\n  \"title\" : [ \"路边的野花不要采\" ],\r\n  \"amount\" : [ \"999.0\" ],\r\n  \"btSelectAll\" : [ \"on\", \"on\" ],\r\n  \"btSelectItem\" : [ \"on\", \"on\", \"on\", \"on\", \"on\", \"on\", \"on\" ]\r\n}','{\r\n  \"msg\" : \"操作成功\",\r\n  \"code\" : 0\r\n}',0,NULL,'2020-04-05 11:50:07'),(317,'采购流程',1,'com.ruoyi.activiti.controller.BizPurchaseController.addSave()','POST',1,'chengxy','测试部门','/purchase/add','127.0.0.1','内网IP','{\r\n  \"productIds\" : [ \"7,6,5,4,3\" ],\r\n  \"title\" : [ \"路边的野花不要采1\" ],\r\n  \"amount\" : [ \"888\" ],\r\n  \"btSelectAll\" : [ \"on\", \"on\" ],\r\n  \"btSelectItem\" : [ \"on\", \"on\", \"on\", \"on\", \"on\" ]\r\n}','{\r\n  \"msg\" : \"操作成功\",\r\n  \"code\" : 0\r\n}',0,NULL,'2020-04-05 11:50:51'),(318,'采购流程',2,'com.ruoyi.activiti.controller.BizPurchaseController.editSave()','POST',1,'chengxy','测试部门','/purchase/edit','127.0.0.1','内网IP','{\r\n  \"id\" : [ \"11\" ],\r\n  \"productIds\" : [ \"1,3,4,5,7\" ],\r\n  \"title\" : [ \"路边的野花不要采1\" ],\r\n  \"amount\" : [ \"888.0\" ]\r\n}','{\r\n  \"msg\" : \"操作成功\",\r\n  \"code\" : 0\r\n}',0,NULL,'2020-04-05 11:51:12'),(319,'请假业务',2,'com.ruoyi.activiti.controller.BizPurchaseController.submitApply()','POST',1,'chengxy','测试部门','/purchase/submitApply','127.0.0.1','内网IP','{\r\n  \"id\" : [ \"9\" ]\r\n}','{\r\n  \"msg\" : \"操作成功\",\r\n  \"code\" : 0\r\n}',0,NULL,'2020-04-05 11:51:30'),(320,'请假业务',1,'com.ruoyi.activiti.controller.BizLeaveController.addSave()','POST',1,'chengxy','测试部门','/leave/add','127.0.0.1','内网IP','{\r\n  \"title\" : [ \"老子要请假\" ],\r\n  \"reason\" : [ \"请假\" ],\r\n  \"startTime\" : [ \"2020-04-05 12:30\" ],\r\n  \"endTime\" : [ \"2020-04-07 00:00\" ],\r\n  \"totalTime\" : [ \"127800\" ],\r\n  \"totalTimeText\" : [ \"1 天 11 时 30 分 0 秒\" ]\r\n}','{\r\n  \"msg\" : \"操作成功\",\r\n  \"code\" : 0\r\n}',0,NULL,'2020-04-05 12:19:54'),(321,'请假业务',2,'com.ruoyi.activiti.controller.BizLeaveController.submitApply()','POST',1,'chengxy','测试部门','/leave/submitApply','127.0.0.1','内网IP','{\r\n  \"id\" : [ \"63\" ]\r\n}','{\r\n  \"msg\" : \"操作成功\",\r\n  \"code\" : 0\r\n}',0,NULL,'2020-04-05 12:19:58'),(322,'请假业务',2,'com.ruoyi.activiti.controller.BizPurchaseController.submitApply()','POST',1,'chengxy','测试部门','/purchase/submitApply','127.0.0.1','内网IP','{\r\n  \"id\" : [ \"11\" ]\r\n}','{\r\n  \"msg\" : \"操作成功\",\r\n  \"code\" : 0\r\n}',0,NULL,'2020-04-05 17:44:06'),(323,'角色管理',1,'com.ruoyi.web.controller.system.SysRoleController.addSave()','POST',1,'admin','研发部门','/system/role/add','127.0.0.1','内网IP','{\r\n  \"roleName\" : [ \"财务\" ],\r\n  \"roleKey\" : [ \"financial\" ],\r\n  \"roleSort\" : [ \"6\" ],\r\n  \"status\" : [ \"0\" ],\r\n  \"remark\" : [ \"\" ],\r\n  \"menuIds\" : [ \"2016,2017,2018,2019,2009,2010,2011\" ]\r\n}','{\r\n  \"msg\" : \"操作成功\",\r\n  \"code\" : 0\r\n}',0,NULL,'2020-04-05 17:51:04'),(324,'用户管理',2,'com.ruoyi.web.controller.system.SysUserController.editSave()','POST',1,'admin','研发部门','/system/user/edit','127.0.0.1','内网IP','{\r\n  \"userId\" : [ \"103\" ],\r\n  \"deptId\" : [ \"105\" ],\r\n  \"userName\" : [ \"caiwu\" ],\r\n  \"dept.deptName\" : [ \"测试部门\" ],\r\n  \"phonenumber\" : [ \"13111111111\" ],\r\n  \"email\" : [ \"110@qq.com\" ],\r\n  \"loginName\" : [ \"11\" ],\r\n  \"sex\" : [ \"0\" ],\r\n  \"role\" : [ \"109\" ],\r\n  \"remark\" : [ \"\" ],\r\n  \"status\" : [ \"0\" ],\r\n  \"roleIds\" : [ \"109\" ],\r\n  \"postIds\" : [ \"\" ]\r\n}','{\r\n  \"msg\" : \"操作成功\",\r\n  \"code\" : 0\r\n}',0,NULL,'2020-04-05 17:53:02'),(325,'角色管理',2,'com.ruoyi.web.controller.system.SysRoleController.editSave()','POST',1,'admin','研发部门','/system/role/edit','127.0.0.1','内网IP','{\r\n  \"roleId\" : [ \"109\" ],\r\n  \"roleName\" : [ \"财务\" ],\r\n  \"roleKey\" : [ \"financial\" ],\r\n  \"roleSort\" : [ \"6\" ],\r\n  \"status\" : [ \"0\" ],\r\n  \"remark\" : [ \"\" ],\r\n  \"menuIds\" : [ \"\" ]\r\n}','{\r\n  \"msg\" : \"操作成功\",\r\n  \"code\" : 0\r\n}',0,NULL,'2020-04-05 17:55:45'),(326,'角色管理',4,'com.ruoyi.web.controller.system.SysRoleController.selectAuthUserAll()','POST',1,'admin','研发部门','/system/role/authUser/selectAll','127.0.0.1','内网IP','{\r\n  \"roleId\" : [ \"102\" ],\r\n  \"userIds\" : [ \"103,2\" ]\r\n}','{\r\n  \"msg\" : \"操作成功\",\r\n  \"code\" : 0\r\n}',0,NULL,'2020-04-05 17:56:03'),(327,'角色管理',1,'com.ruoyi.web.controller.system.SysRoleController.addSave()','POST',1,'admin','研发部门','/system/role/add','127.0.0.1','内网IP','{\r\n  \"roleName\" : [ \"总经理\" ],\r\n  \"roleKey\" : [ \"generalManager\" ],\r\n  \"roleSort\" : [ \"7\" ],\r\n  \"status\" : [ \"0\" ],\r\n  \"remark\" : [ \"\" ],\r\n  \"menuIds\" : [ \"\" ]\r\n}','{\r\n  \"msg\" : \"操作成功\",\r\n  \"code\" : 0\r\n}',0,NULL,'2020-04-05 18:10:13'),(328,'用户管理',2,'com.ruoyi.web.controller.system.SysUserController.editSave()','POST',1,'admin','研发部门','/system/user/edit','127.0.0.1','内网IP','{\r\n  \"userId\" : [ \"104\" ],\r\n  \"deptId\" : [ \"105\" ],\r\n  \"userName\" : [ \"zongjingli\" ],\r\n  \"dept.deptName\" : [ \"测试部门\" ],\r\n  \"phonenumber\" : [ \"13111111112\" ],\r\n  \"email\" : [ \"111@qq.com\" ],\r\n  \"loginName\" : [ \"22\" ],\r\n  \"sex\" : [ \"0\" ],\r\n  \"role\" : [ \"102\", \"110\" ],\r\n  \"remark\" : [ \"\" ],\r\n  \"status\" : [ \"0\" ],\r\n  \"roleIds\" : [ \"102,110\" ],\r\n  \"postIds\" : [ \"\" ]\r\n}','{\r\n  \"msg\" : \"操作成功\",\r\n  \"code\" : 0\r\n}',0,NULL,'2020-04-05 18:12:35'),(329,'用户管理',1,'com.ruoyi.web.controller.system.SysUserController.addSave()','POST',1,'admin','研发部门','/system/user/add','127.0.0.1','内网IP','{\r\n  \"deptId\" : [ \"105\" ],\r\n  \"userName\" : [ \"dongshizhang\" ],\r\n  \"deptName\" : [ \"测试部门\" ],\r\n  \"phonenumber\" : [ \"13111111119\" ],\r\n  \"email\" : [ \"119@qq.com\" ],\r\n  \"loginName\" : [ \"99\" ],\r\n  \"password\" : [ \"123456\" ],\r\n  \"sex\" : [ \"0\" ],\r\n  \"role\" : [ \"102\" ],\r\n  \"remark\" : [ \"\" ],\r\n  \"status\" : [ \"0\" ],\r\n  \"roleIds\" : [ \"102\" ],\r\n  \"postIds\" : [ \"\" ]\r\n}','{\r\n  \"msg\" : \"操作成功\",\r\n  \"code\" : 0\r\n}',0,NULL,'2020-04-05 18:14:12'),(330,'用户管理',3,'com.ruoyi.web.controller.system.SysUserController.remove()','POST',1,'admin','研发部门','/system/user/remove','127.0.0.1','内网IP','{\r\n  \"ids\" : [ \"109\" ]\r\n}','{\r\n  \"msg\" : \"操作成功\",\r\n  \"code\" : 0\r\n}',0,NULL,'2020-04-05 18:15:35'),(331,'采购流程',1,'com.ruoyi.activiti.controller.BizPurchaseController.addSave()','POST',1,'chengxy','测试部门','/purchase/add','127.0.0.1','内网IP','{\r\n  \"productIds\" : [ \"5,3,1\" ],\r\n  \"title\" : [ \"路边的野花不要踩\" ],\r\n  \"amount\" : [ \"998\" ],\r\n  \"btSelectAll\" : [ \"on\", \"on\" ],\r\n  \"btSelectItem\" : [ \"on\", \"on\", \"on\" ]\r\n}','{\r\n  \"msg\" : \"操作成功\",\r\n  \"code\" : 0\r\n}',0,NULL,'2020-04-05 18:29:23'),(332,'请假业务',2,'com.ruoyi.activiti.controller.BizPurchaseController.submitApply()','POST',1,'chengxy','测试部门','/purchase/submitApply','127.0.0.1','内网IP','{\r\n  \"id\" : [ \"12\" ]\r\n}','{\r\n  \"msg\" : \"操作成功\",\r\n  \"code\" : 0\r\n}',0,NULL,'2020-04-05 18:29:30'),(333,'采购流程',1,'com.ruoyi.activiti.controller.BizPurchaseController.addSave()','POST',1,'chengxy','测试部门','/purchase/add','127.0.0.1','内网IP','{\r\n  \"productIds\" : [ \"7,6,5,4,3,2,1\" ],\r\n  \"title\" : [ \"路边的野花不要踩\" ],\r\n  \"amount\" : [ \"999999\" ],\r\n  \"btSelectAll\" : [ \"on\", \"on\" ],\r\n  \"btSelectItem\" : [ \"on\", \"on\", \"on\", \"on\", \"on\", \"on\", \"on\" ]\r\n}','{\r\n  \"msg\" : \"操作成功\",\r\n  \"code\" : 0\r\n}',0,NULL,'2020-04-05 19:36:53'),(334,'采购流程',2,'com.ruoyi.activiti.controller.BizPurchaseController.editSave()','POST',1,'chengxy','测试部门','/purchase/edit','127.0.0.1','内网IP','{\r\n  \"id\" : [ \"13\" ],\r\n  \"productIds\" : [ \"1,2,3,4,5,6,7\" ],\r\n  \"title\" : [ \"路边的野花不要踩\" ],\r\n  \"amount\" : [ \"99999.0\" ]\r\n}','{\r\n  \"msg\" : \"操作成功\",\r\n  \"code\" : 0\r\n}',0,NULL,'2020-04-05 19:37:05'),(335,'请假业务',2,'com.ruoyi.activiti.controller.BizPurchaseController.submitApply()','POST',1,'chengxy','测试部门','/purchase/submitApply','127.0.0.1','内网IP','{\r\n  \"id\" : [ \"13\" ]\r\n}','{\r\n  \"msg\" : \"操作成功\",\r\n  \"code\" : 0\r\n}',0,NULL,'2020-04-05 19:37:31'),(336,'重置密码',2,'com.ruoyi.web.controller.system.SysUserController.resetPwd()','GET',1,'admin','研发部门','/system/user/resetPwd/109','127.0.0.1','内网IP','{ }','\"system/user/resetPwd\"',0,NULL,'2020-04-05 19:52:18'),(337,'重置密码',2,'com.ruoyi.web.controller.system.SysUserController.resetPwdSave()','POST',1,'admin','研发部门','/system/user/resetPwd','127.0.0.1','内网IP','{\r\n  \"userId\" : [ \"109\" ],\r\n  \"loginName\" : [ \"dongsz\" ],\r\n  \"password\" : [ \"123456\" ]\r\n}','{\r\n  \"msg\" : \"操作成功\",\r\n  \"code\" : 0\r\n}',0,NULL,'2020-04-05 19:52:25'),(338,'重置密码',2,'com.ruoyi.web.controller.system.SysUserController.resetPwd()','GET',1,'admin','研发部门','/system/user/resetPwd/109','127.0.0.1','内网IP','{ }','\"system/user/resetPwd\"',0,NULL,'2020-04-05 19:54:08'),(339,'用户管理',3,'com.ruoyi.web.controller.system.SysUserController.remove()','POST',1,'admin','研发部门','/system/user/remove','127.0.0.1','内网IP','{\r\n  \"ids\" : [ \"109\" ]\r\n}','{\r\n  \"msg\" : \"操作成功\",\r\n  \"code\" : 0\r\n}',0,NULL,'2020-04-05 19:54:18'),(340,'重置密码',2,'com.ruoyi.web.controller.system.SysUserController.resetPwd()','GET',1,'admin','研发部门','/system/user/resetPwd/109','127.0.0.1','内网IP','{ }','\"system/user/resetPwd\"',0,NULL,'2020-04-05 19:56:10'),(341,'重置密码',2,'com.ruoyi.web.controller.system.SysUserController.resetPwdSave()','POST',1,'admin','研发部门','/system/user/resetPwd','127.0.0.1','内网IP','{\r\n  \"userId\" : [ \"109\" ],\r\n  \"loginName\" : [ \"chairman\" ],\r\n  \"password\" : [ \"123456\" ]\r\n}','{\r\n  \"msg\" : \"操作成功\",\r\n  \"code\" : 0\r\n}',0,NULL,'2020-04-05 19:56:15'),(342,'采购流程',1,'com.ruoyi.activiti.controller.BizPurchaseController.addSave()','POST',1,'chengxy','测试部门','/purchase/add','127.0.0.1','内网IP','{\r\n  \"productIds\" : [ \"1\" ],\r\n  \"title\" : [ \"测试采购流程\" ],\r\n  \"amount\" : [ \"50000\" ],\r\n  \"btSelectAll\" : [ \"on\", \"on\" ],\r\n  \"btSelectItem\" : [ \"on\" ]\r\n}','{\r\n  \"msg\" : \"操作成功\",\r\n  \"code\" : 0\r\n}',0,NULL,'2020-04-05 20:22:15'),(343,'请假业务',2,'com.ruoyi.activiti.controller.BizPurchaseController.submitApply()','POST',1,'chengxy','测试部门','/purchase/submitApply','127.0.0.1','内网IP','{\r\n  \"id\" : [ \"14\" ]\r\n}','{\r\n  \"msg\" : \"操作成功\",\r\n  \"code\" : 0\r\n}',0,NULL,'2020-04-05 20:22:43'),(344,'采购流程',1,'com.ruoyi.activiti.controller.BizPurchaseController.addSave()','POST',1,'chengxy','测试部门','/purchase/add','127.0.0.1','内网IP','{\r\n  \"productIds\" : [ \"5\" ],\r\n  \"title\" : [ \"菜狗\" ],\r\n  \"amount\" : [ \"60000\" ],\r\n  \"btSelectAll\" : [ \"on\", \"on\" ],\r\n  \"btSelectItem\" : [ \"on\" ]\r\n}','{\r\n  \"msg\" : \"操作成功\",\r\n  \"code\" : 0\r\n}',0,NULL,'2020-04-05 21:08:12'),(345,'请假业务',2,'com.ruoyi.activiti.controller.BizPurchaseController.submitApply()','POST',1,'chengxy','测试部门','/purchase/submitApply','127.0.0.1','内网IP','{\r\n  \"id\" : [ \"15\" ]\r\n}','{\r\n  \"msg\" : \"操作成功\",\r\n  \"code\" : 0\r\n}',0,NULL,'2020-04-05 21:08:21'),(346,'代码生成',6,'com.ruoyi.generator.controller.GenController.importTableSave()','POST',1,'admin','999','/tool/gen/importTable','127.0.0.1','内网IP','{\r\n  \"tables\" : [ \"biz_todo_item,biz_purchase_product,biz_leave,biz_product,act_hi_attachment,act_hi_comment,act_hi_varinst,act_procdef_info,act_ru_variable,act_hi_taskinst\" ]\r\n}','{\r\n  \"msg\" : \"操作成功\",\r\n  \"code\" : 0\r\n}',0,NULL,'2020-06-13 13:29:25'),(347,'代码生成',6,'com.ruoyi.generator.controller.GenController.importTableSave()','POST',1,'admin','999','/tool/gen/importTable','127.0.0.1','内网IP','{\r\n  \"tables\" : [ \"act_ru_execution,act_ru_timer_job,act_ru_event_subscr,act_ru_task,act_ru_deadletter_job,act_ru_suspended_job,act_re_procdef,act_hi_detail,act_ru_job,act_re_model,act_hi_procinst,act_ru_identitylink,act_re_deployment,act_hi_identitylink,act_hi_actinst,act_ge_property,act_ge_bytearray,act_evt_log,sys_sales_detail,sys_flowinfo_moving,sys_flow,sys_house,sys_file_record,sys_sales_team,sys_sales_teamperson,sys_customer,sys_so_particulars,sys_file_util,sys_payment_details,sys_attachment,sys_code,sys_commission,sys_house_unit,sys_building,sys_student,sys_notice,sys_config,sys_logininfor,sys_job_log,sys_user_online,sys_job,sys_user_post,sys_dict_type,sys_dict_data,sys_role_dept,sys_oper_log,sys_user_role,sys_role_menu,sys_menu,sys_role\" ]\r\n}','{\r\n  \"msg\" : \"操作成功\",\r\n  \"code\" : 0\r\n}',0,NULL,'2020-06-13 13:29:33'),(348,'代码生成',6,'com.ruoyi.generator.controller.GenController.importTableSave()','POST',1,'admin','999','/tool/gen/importTable','127.0.0.1','内网IP','{\r\n  \"tables\" : [ \"sys_user,sys_dept,sys_post,act_id_user,act_id_membership,act_id_group\" ]\r\n}','{\r\n  \"msg\" : \"操作成功\",\r\n  \"code\" : 0\r\n}',0,NULL,'2020-06-13 13:29:39'),(349,'请假业务',1,'com.ruoyi.activiti.controller.BizLeaveController.addSave()','POST',1,'admin','999','/leave/add','127.0.0.1','内网IP','{\r\n  \"title\" : [ \"111111111\" ],\r\n  \"reason\" : [ \"111111\" ],\r\n  \"startTime\" : [ \"2020-06-13 13:55\" ],\r\n  \"endTime\" : [ \"2020-06-19 13:50\" ],\r\n  \"totalTime\" : [ \"518100\" ],\r\n  \"totalTimeText\" : [ \"5 天 23 时 55 分 0 秒\" ]\r\n}','{\r\n  \"msg\" : \"提交申请失败：不允许管理员提交申请！\",\r\n  \"code\" : 500\r\n}',0,NULL,'2020-06-13 13:51:08'),(350,'请假业务',1,'com.ruoyi.activiti.controller.BizLeaveCounterSignController.addSave()','POST',1,'chengxy','测试部门','/leaveCounterSign/add','127.0.0.1','内网IP','{\r\n  \"title\" : [ \"测试请假流程\" ],\r\n  \"reason\" : [ \"123456\" ],\r\n  \"startTime\" : [ \"2020-06-13 14:50\" ],\r\n  \"endTime\" : [ \"2020-06-20 14:50\" ],\r\n  \"totalTime\" : [ \"604800\" ],\r\n  \"totalTimeText\" : [ \"7 天 0 时 0 分 0 秒\" ]\r\n}','{\r\n  \"msg\" : \"操作成功\",\r\n  \"code\" : 0\r\n}',0,NULL,'2020-06-13 14:34:12'),(351,'请假业务',2,'com.ruoyi.activiti.controller.BizLeaveCounterSignController.submitApply()','POST',1,'chengxy','测试部门','/leaveCounterSign/submitApply','127.0.0.1','内网IP','{\r\n  \"id\" : [ \"1\" ],\r\n  \"users[]\" : [ \"axianlu\" ]\r\n}','{\r\n  \"msg\" : \"提交申请失败\",\r\n  \"code\" : 500\r\n}',0,NULL,'2020-06-13 14:34:27'),(352,'请假业务',2,'com.ruoyi.activiti.controller.BizLeaveCounterSignController.submitApply()','POST',1,'chengxy','测试部门','/leaveCounterSign/submitApply','127.0.0.1','内网IP','{\r\n  \"id\" : [ \"1\" ],\r\n  \"users[]\" : [ \"axianlu\" ]\r\n}','{\r\n  \"msg\" : \"提交申请失败\",\r\n  \"code\" : 500\r\n}',0,NULL,'2020-06-13 14:34:48'),(353,'请假业务',2,'com.ruoyi.activiti.controller.BizLeaveCounterSignController.submitApply()','POST',1,'chengxy','测试部门','/leaveCounterSign/submitApply','127.0.0.1','内网IP','{\r\n  \"id\" : [ \"1\" ],\r\n  \"users[]\" : [ \"axianlu\" ]\r\n}','{\r\n  \"msg\" : \"提交申请失败\",\r\n  \"code\" : 500\r\n}',0,NULL,'2020-06-13 14:51:28'),(354,'请假业务',2,'com.ruoyi.activiti.controller.BizLeaveCounterSignController.submitApply()','POST',1,'chengxy','测试部门','/leaveCounterSign/submitApply','127.0.0.1','内网IP','{\r\n  \"id\" : [ \"1\" ],\r\n  \"users[]\" : [ \"axianlu\" ]\r\n}','{\r\n  \"msg\" : \"提交申请失败\",\r\n  \"code\" : 500\r\n}',0,NULL,'2020-06-13 14:51:39'),(355,'请假业务',2,'com.ruoyi.activiti.controller.BizLeaveCounterSignController.submitApply()','POST',1,'chengxy','测试部门','/leaveCounterSign/submitApply','127.0.0.1','内网IP','{\r\n  \"id\" : [ \"1\" ],\r\n  \"users[]\" : [ \"axianlu\" ]\r\n}','{\r\n  \"msg\" : \"提交申请失败\",\r\n  \"code\" : 500\r\n}',0,NULL,'2020-06-13 14:53:55'),(356,'请假业务',2,'com.ruoyi.activiti.controller.BizLeaveCounterSignController.submitApply()','POST',1,'chengxy','测试部门','/leaveCounterSign/submitApply','127.0.0.1','内网IP','{\r\n  \"id\" : [ \"1\" ],\r\n  \"users[]\" : [ \"axianlu\" ]\r\n}','{\r\n  \"msg\" : \"提交申请失败\",\r\n  \"code\" : 500\r\n}',0,NULL,'2020-06-13 14:56:28'),(357,'菜单管理',1,'com.ruoyi.web.controller.system.SysMenuController.addSave()','POST',1,'admin','研发部门','/system/menu/add','127.0.0.1','内网IP','{\r\n  \"parentId\" : [ \"0\" ],\r\n  \"menuType\" : [ \"M\" ],\r\n  \"menuName\" : [ \"销售订单管理\" ],\r\n  \"url\" : [ \"\" ],\r\n  \"target\" : [ \"menuItem\" ],\r\n  \"perms\" : [ \"\" ],\r\n  \"orderNum\" : [ \"0\" ],\r\n  \"icon\" : [ \"fa fa-coffee\" ],\r\n  \"visible\" : [ \"0\" ]\r\n}','{\r\n  \"msg\" : \"操作成功\",\r\n  \"code\" : 0\r\n}',0,NULL,'2020-06-13 18:25:33'),(358,'菜单管理',2,'com.ruoyi.web.controller.system.SysMenuController.editSave()','POST',1,'admin','研发部门','/system/menu/edit','127.0.0.1','内网IP','{\r\n  \"menuId\" : [ \"2055\" ],\r\n  \"parentId\" : [ \"2067\" ],\r\n  \"menuType\" : [ \"C\" ],\r\n  \"menuName\" : [ \"销售信息\" ],\r\n  \"url\" : [ \"/system/detail\" ],\r\n  \"target\" : [ \"menuItem\" ],\r\n  \"perms\" : [ \"system:detail:view\" ],\r\n  \"orderNum\" : [ \"1\" ],\r\n  \"icon\" : [ \"#\" ],\r\n  \"visible\" : [ \"0\" ]\r\n}','{\r\n  \"msg\" : \"操作成功\",\r\n  \"code\" : 0\r\n}',0,NULL,'2020-06-13 18:26:11'),(359,'菜单管理',2,'com.ruoyi.web.controller.system.SysMenuController.editSave()','POST',1,'admin','研发部门','/system/menu/edit','127.0.0.1','内网IP','{\r\n  \"menuId\" : [ \"2038\" ],\r\n  \"parentId\" : [ \"2067\" ],\r\n  \"menuType\" : [ \"C\" ],\r\n  \"menuName\" : [ \"销售小组管理\" ],\r\n  \"url\" : [ \"/system/salesTeam\" ],\r\n  \"target\" : [ \"menuItem\" ],\r\n  \"perms\" : [ \"system:salesTeam:view\" ],\r\n  \"orderNum\" : [ \"1\" ],\r\n  \"icon\" : [ \"#\" ],\r\n  \"visible\" : [ \"0\" ]\r\n}','{\r\n  \"msg\" : \"操作成功\",\r\n  \"code\" : 0\r\n}',0,NULL,'2020-06-13 18:26:28'),(360,'菜单管理',2,'com.ruoyi.web.controller.system.SysMenuController.editSave()','POST',1,'admin','研发部门','/system/menu/edit','127.0.0.1','内网IP','{\r\n  \"menuId\" : [ \"2044\" ],\r\n  \"parentId\" : [ \"2067\" ],\r\n  \"menuType\" : [ \"C\" ],\r\n  \"menuName\" : [ \"销售小组信息\" ],\r\n  \"url\" : [ \"/system/sale_team\" ],\r\n  \"target\" : [ \"menuItem\" ],\r\n  \"perms\" : [ \"system:sale_team:view\" ],\r\n  \"orderNum\" : [ \"1\" ],\r\n  \"icon\" : [ \"#\" ],\r\n  \"visible\" : [ \"0\" ]\r\n}','{\r\n  \"msg\" : \"操作成功\",\r\n  \"code\" : 0\r\n}',0,NULL,'2020-06-13 18:26:42'),(361,'菜单管理',1,'com.ruoyi.web.controller.system.SysMenuController.addSave()','POST',1,'admin','研发部门','/system/menu/add','127.0.0.1','内网IP','{\r\n  \"parentId\" : [ \"0\" ],\r\n  \"menuType\" : [ \"M\" ],\r\n  \"menuName\" : [ \"基础数据管理\" ],\r\n  \"url\" : [ \"\" ],\r\n  \"target\" : [ \"menuItem\" ],\r\n  \"perms\" : [ \"\" ],\r\n  \"orderNum\" : [ \"1\" ],\r\n  \"icon\" : [ \"fa fa-database\" ],\r\n  \"visible\" : [ \"0\" ]\r\n}','{\r\n  \"msg\" : \"操作成功\",\r\n  \"code\" : 0\r\n}',0,NULL,'2020-06-13 18:28:05'),(362,'菜单管理',2,'com.ruoyi.web.controller.system.SysMenuController.editSave()','POST',1,'admin','研发部门','/system/menu/edit','127.0.0.1','内网IP','{\r\n  \"menuId\" : [ \"1\" ],\r\n  \"parentId\" : [ \"0\" ],\r\n  \"menuType\" : [ \"M\" ],\r\n  \"menuName\" : [ \"系统管理\" ],\r\n  \"url\" : [ \"#\" ],\r\n  \"target\" : [ \"menuItem\" ],\r\n  \"perms\" : [ \"\" ],\r\n  \"orderNum\" : [ \"2\" ],\r\n  \"icon\" : [ \"fa fa-gear\" ],\r\n  \"visible\" : [ \"0\" ]\r\n}','{\r\n  \"msg\" : \"操作成功\",\r\n  \"code\" : 0\r\n}',0,NULL,'2020-06-13 18:28:40'),(363,'菜单管理',2,'com.ruoyi.web.controller.system.SysMenuController.editSave()','POST',1,'admin','研发部门','/system/menu/edit','127.0.0.1','内网IP','{\r\n  \"menuId\" : [ \"2\" ],\r\n  \"parentId\" : [ \"0\" ],\r\n  \"menuType\" : [ \"M\" ],\r\n  \"menuName\" : [ \"系统监控\" ],\r\n  \"url\" : [ \"#\" ],\r\n  \"target\" : [ \"menuItem\" ],\r\n  \"perms\" : [ \"\" ],\r\n  \"orderNum\" : [ \"3\" ],\r\n  \"icon\" : [ \"fa fa-video-camera\" ],\r\n  \"visible\" : [ \"0\" ]\r\n}','{\r\n  \"msg\" : \"操作成功\",\r\n  \"code\" : 0\r\n}',0,NULL,'2020-06-13 18:28:56'),(364,'菜单管理',2,'com.ruoyi.web.controller.system.SysMenuController.editSave()','POST',1,'admin','研发部门','/system/menu/edit','127.0.0.1','内网IP','{\r\n  \"menuId\" : [ \"3\" ],\r\n  \"parentId\" : [ \"0\" ],\r\n  \"menuType\" : [ \"M\" ],\r\n  \"menuName\" : [ \"系统工具\" ],\r\n  \"url\" : [ \"#\" ],\r\n  \"target\" : [ \"menuItem\" ],\r\n  \"perms\" : [ \"\" ],\r\n  \"orderNum\" : [ \"4\" ],\r\n  \"icon\" : [ \"fa fa-bars\" ],\r\n  \"visible\" : [ \"0\" ]\r\n}','{\r\n  \"msg\" : \"操作成功\",\r\n  \"code\" : 0\r\n}',0,NULL,'2020-06-13 18:29:03'),(365,'菜单管理',2,'com.ruoyi.web.controller.system.SysMenuController.editSave()','POST',1,'admin','研发部门','/system/menu/edit','127.0.0.1','内网IP','{\r\n  \"menuId\" : [ \"2000\" ],\r\n  \"parentId\" : [ \"0\" ],\r\n  \"menuType\" : [ \"M\" ],\r\n  \"menuName\" : [ \"流程菜单\" ],\r\n  \"url\" : [ \"#\" ],\r\n  \"target\" : [ \"menuItem\" ],\r\n  \"perms\" : [ \"\" ],\r\n  \"orderNum\" : [ \"5\" ],\r\n  \"icon\" : [ \"fa fa-cogs\" ],\r\n  \"visible\" : [ \"0\" ]\r\n}','{\r\n  \"msg\" : \"操作成功\",\r\n  \"code\" : 0\r\n}',0,NULL,'2020-06-13 18:29:12'),(366,'菜单管理',2,'com.ruoyi.web.controller.system.SysMenuController.editSave()','POST',1,'admin','研发部门','/system/menu/edit','127.0.0.1','内网IP','{\r\n  \"menuId\" : [ \"2005\" ],\r\n  \"parentId\" : [ \"0\" ],\r\n  \"menuType\" : [ \"M\" ],\r\n  \"menuName\" : [ \"请假流程\" ],\r\n  \"url\" : [ \"#\" ],\r\n  \"target\" : [ \"menuItem\" ],\r\n  \"perms\" : [ \"\" ],\r\n  \"orderNum\" : [ \"6\" ],\r\n  \"icon\" : [ \"fa fa-send\" ],\r\n  \"visible\" : [ \"0\" ]\r\n}','{\r\n  \"msg\" : \"操作成功\",\r\n  \"code\" : 0\r\n}',0,NULL,'2020-06-13 18:29:18'),(367,'菜单管理',2,'com.ruoyi.web.controller.system.SysMenuController.editSave()','POST',1,'admin','研发部门','/system/menu/edit','127.0.0.1','内网IP','{\r\n  \"menuId\" : [ \"2012\" ],\r\n  \"parentId\" : [ \"0\" ],\r\n  \"menuType\" : [ \"M\" ],\r\n  \"menuName\" : [ \"请假会签\" ],\r\n  \"url\" : [ \"#\" ],\r\n  \"target\" : [ \"menuItem\" ],\r\n  \"perms\" : [ \"\" ],\r\n  \"orderNum\" : [ \"7\" ],\r\n  \"icon\" : [ \"fa fa-commenting\" ],\r\n  \"visible\" : [ \"0\" ]\r\n}','{\r\n  \"msg\" : \"操作成功\",\r\n  \"code\" : 0\r\n}',0,NULL,'2020-06-13 18:29:26'),(368,'菜单管理',2,'com.ruoyi.web.controller.system.SysMenuController.editSave()','POST',1,'admin','研发部门','/system/menu/edit','127.0.0.1','内网IP','{\r\n  \"menuId\" : [ \"2016\" ],\r\n  \"parentId\" : [ \"0\" ],\r\n  \"menuType\" : [ \"M\" ],\r\n  \"menuName\" : [ \"采购流程\" ],\r\n  \"url\" : [ \"#\" ],\r\n  \"target\" : [ \"menuItem\" ],\r\n  \"perms\" : [ \"\" ],\r\n  \"orderNum\" : [ \"8\" ],\r\n  \"icon\" : [ \"fa fa-cart-plus\" ],\r\n  \"visible\" : [ \"0\" ]\r\n}','{\r\n  \"msg\" : \"操作成功\",\r\n  \"code\" : 0\r\n}',0,NULL,'2020-06-13 18:29:38'),(369,'菜单管理',2,'com.ruoyi.web.controller.system.SysMenuController.editSave()','POST',1,'admin','研发部门','/system/menu/edit','127.0.0.1','内网IP','{\r\n  \"menuId\" : [ \"2009\" ],\r\n  \"parentId\" : [ \"0\" ],\r\n  \"menuType\" : [ \"M\" ],\r\n  \"menuName\" : [ \"待办事项\" ],\r\n  \"url\" : [ \"#\" ],\r\n  \"target\" : [ \"menuItem\" ],\r\n  \"perms\" : [ \"\" ],\r\n  \"orderNum\" : [ \"9\" ],\r\n  \"icon\" : [ \"fa fa-book\" ],\r\n  \"visible\" : [ \"0\" ]\r\n}','{\r\n  \"msg\" : \"操作成功\",\r\n  \"code\" : 0\r\n}',0,NULL,'2020-06-13 18:29:48'),(370,'菜单管理',2,'com.ruoyi.web.controller.system.SysMenuController.editSave()','POST',1,'admin','研发部门','/system/menu/edit','127.0.0.1','内网IP','{\r\n  \"menuId\" : [ \"2061\" ],\r\n  \"parentId\" : [ \"2068\" ],\r\n  \"menuType\" : [ \"C\" ],\r\n  \"menuName\" : [ \"提成明细\" ],\r\n  \"url\" : [ \"/system/commission\" ],\r\n  \"target\" : [ \"menuItem\" ],\r\n  \"perms\" : [ \"system:commission:view\" ],\r\n  \"orderNum\" : [ \"1\" ],\r\n  \"icon\" : [ \"#\" ],\r\n  \"visible\" : [ \"0\" ]\r\n}','{\r\n  \"msg\" : \"操作成功\",\r\n  \"code\" : 0\r\n}',0,NULL,'2020-06-13 18:30:04'),(371,'菜单管理',2,'com.ruoyi.web.controller.system.SysMenuController.editSave()','POST',1,'admin','研发部门','/system/menu/edit','127.0.0.1','内网IP','{\r\n  \"menuId\" : [ \"2020\" ],\r\n  \"parentId\" : [ \"2068\" ],\r\n  \"menuType\" : [ \"C\" ],\r\n  \"menuName\" : [ \"楼盘基础信息\" ],\r\n  \"url\" : [ \"/system/building\" ],\r\n  \"target\" : [ \"menuItem\" ],\r\n  \"perms\" : [ \"system:building:view\" ],\r\n  \"orderNum\" : [ \"1\" ],\r\n  \"icon\" : [ \"#\" ],\r\n  \"visible\" : [ \"0\" ]\r\n}','{\r\n  \"msg\" : \"操作成功\",\r\n  \"code\" : 0\r\n}',0,NULL,'2020-06-13 18:30:17'),(372,'菜单管理',2,'com.ruoyi.web.controller.system.SysMenuController.editSave()','POST',1,'admin','研发部门','/system/menu/edit','127.0.0.1','内网IP','{\r\n  \"menuId\" : [ \"2026\" ],\r\n  \"parentId\" : [ \"2068\" ],\r\n  \"menuType\" : [ \"C\" ],\r\n  \"menuName\" : [ \"楼房基础信息\" ],\r\n  \"url\" : [ \"/system/house\" ],\r\n  \"target\" : [ \"menuItem\" ],\r\n  \"perms\" : [ \"system:house:view\" ],\r\n  \"orderNum\" : [ \"1\" ],\r\n  \"icon\" : [ \"#\" ],\r\n  \"visible\" : [ \"0\" ]\r\n}','{\r\n  \"msg\" : \"操作成功\",\r\n  \"code\" : 0\r\n}',0,NULL,'2020-06-13 18:30:29'),(373,'菜单管理',2,'com.ruoyi.web.controller.system.SysMenuController.editSave()','POST',1,'admin','研发部门','/system/menu/edit','127.0.0.1','内网IP','{\r\n  \"menuId\" : [ \"2032\" ],\r\n  \"parentId\" : [ \"2068\" ],\r\n  \"menuType\" : [ \"C\" ],\r\n  \"menuName\" : [ \"楼盘单元楼号中间\" ],\r\n  \"url\" : [ \"/system/unit\" ],\r\n  \"target\" : [ \"menuItem\" ],\r\n  \"perms\" : [ \"system:unit:view\" ],\r\n  \"orderNum\" : [ \"1\" ],\r\n  \"icon\" : [ \"#\" ],\r\n  \"visible\" : [ \"0\" ]\r\n}','{\r\n  \"msg\" : \"操作成功\",\r\n  \"code\" : 0\r\n}',0,NULL,'2020-06-13 18:30:40');

/*Table structure for table `sys_payment_details` */

DROP TABLE IF EXISTS `sys_payment_details`;

CREATE TABLE `sys_payment_details` (
  `Payment_id` int(11) NOT NULL AUTO_INCREMENT COMMENT 'id',
  `Payment_type` varchar(100) NOT NULL COMMENT '收款类型',
  `amount` double NOT NULL COMMENT '收款金额',
  `Payment_time` datetime NOT NULL COMMENT '收款时间',
  `remark` varchar(300) DEFAULT '' COMMENT '收款说明',
  `sales_detail_id` int(11) DEFAULT NULL COMMENT '关联销售单',
  PRIMARY KEY (`Payment_id`)
) ENGINE=InnoDB AUTO_INCREMENT=171 DEFAULT CHARSET=utf8 COMMENT='收款明细表';

/*Data for the table `sys_payment_details` */

insert  into `sys_payment_details`(`Payment_id`,`Payment_type`,`amount`,`Payment_time`,`remark`,`sales_detail_id`) values (1,'微信',100,'2020-05-23 00:00:00','100',NULL),(2,'微信',100,'2020-05-23 00:00:00','100',NULL),(3,'支付宝',100,'2020-05-05 00:00:00','000',NULL),(4,'刷卡',2222,'2020-05-21 00:00:00','222',NULL),(5,'支付宝',11,'2020-05-06 00:00:00','11',NULL),(6,'微信',111,'2020-05-21 00:00:00','',NULL),(7,'支付宝',555,'2020-05-23 00:00:00','55',NULL),(8,'支付宝',11,'2020-05-23 00:00:00','11',NULL),(9,'支付宝',55,'2020-05-23 00:00:00','55',NULL),(10,'微信',555,'2020-05-22 00:00:00','',NULL),(14,'微信',2222,'2020-05-06 00:00:00','222',NULL),(15,'支付宝',11,'2020-05-15 00:00:00','1',NULL),(19,'微信',11,'2020-05-23 00:00:00','11',NULL),(21,'支付宝',44,'2020-05-23 00:00:00','',NULL),(23,'支付宝',11,'2020-05-23 00:00:00','11',NULL),(27,'支付宝',11,'2020-05-23 00:00:00','',NULL),(28,'刷卡',11,'2020-05-23 00:00:00','',NULL),(31,'刷卡',44,'2020-05-22 00:00:00','',NULL),(34,'微信',111,'2020-05-23 00:00:00','11',3),(35,'微信',11,'2020-05-28 00:00:00','11',3),(36,'微信',10,'2020-05-25 00:00:00','10',4),(37,'刷卡',10,'2020-05-25 00:00:00','10',4),(43,'认购金',10000,'2020-04-30 00:00:00','',6),(45,'首付款',40000,'2020-05-27 00:00:00','',6),(46,'银行放款',400000,'2020-05-27 00:00:00','',6),(47,'认购金',100,'2020-05-30 00:00:00','11',NULL),(48,'认筹金',100,'2020-05-30 00:00:00','',NULL),(49,'认购金',1000,'2020-05-30 00:00:00','',NULL),(50,'认筹金',100,'2020-05-30 00:00:00','',NULL),(51,'首付款',3000,'2020-05-30 00:00:00','',NULL),(52,'认筹金',100,'2020-05-30 00:00:00','',NULL),(54,'认购金',100,'2020-05-30 00:00:00','',NULL),(55,'认筹金',1000,'2020-05-28 00:00:00','',NULL),(56,'首付款',1000,'2020-05-30 00:00:00','',NULL),(58,'认购金',100,'2020-05-30 00:00:00','',NULL),(65,'认筹金',1,'2020-05-30 00:00:00','',NULL),(66,'认筹金',1,'2020-05-30 00:00:00','',NULL),(67,'首付款',1,'2020-05-30 00:00:00','',NULL),(68,'认筹金',1,'2020-05-30 00:00:00','',NULL),(69,'认购金',1,'2020-05-30 00:00:00','',NULL),(70,'认筹金',1,'2020-05-30 00:00:00','',NULL),(71,'认购金',1,'2020-05-29 00:00:00','',NULL),(72,'认购金',1,'2020-05-30 00:00:00','',NULL),(73,'认购金',1,'2020-05-30 00:00:00','',NULL),(74,'认筹金',1,'2020-05-30 00:00:00','',NULL),(75,'认购金',1,'2020-05-29 00:00:00','',NULL),(76,'认筹金',1,'2020-05-30 00:00:00','',NULL),(77,'认购金',1,'2020-05-28 00:00:00','',NULL),(78,'认购金',1,'2020-05-30 00:00:00','',NULL),(79,'认筹金',1,'2020-05-29 00:00:00','',NULL),(80,'认筹金',1,'2020-05-30 00:00:00','',NULL),(81,'认筹金',1,'2020-05-28 00:00:00','',NULL),(82,'认筹金',1,'2020-05-30 00:00:00','',NULL),(83,'认筹金',1,'2020-05-30 00:00:00','',NULL),(84,'认筹金',1,'2020-05-30 00:00:00','',NULL),(85,'认购金',2,'2020-05-29 00:00:00','',NULL),(86,'认筹金',1,'2020-05-30 00:00:00','',NULL),(88,'认购金',1,'2020-05-30 00:00:00','',NULL),(89,'认筹金',1,'2020-05-30 00:00:00','',NULL),(90,'认购金',1,'2020-05-28 00:00:00','',NULL),(91,'认筹金',1,'2020-05-30 00:00:00','',NULL),(92,'认购金',1,'2020-05-29 00:00:00','',NULL),(93,'认筹金',1,'2020-05-30 00:00:00','',NULL),(94,'认购金',1,'2020-05-29 00:00:00','',NULL),(95,'认筹金',1,'2020-05-30 00:00:00','',NULL),(96,'认购金',1,'2020-05-29 00:00:00','',NULL),(97,'银行放款',2,'2020-05-20 00:00:00','',NULL),(98,'认筹金',1,'2020-05-30 00:00:00','',NULL),(99,'首付款',1,'2020-05-23 00:00:00','',NULL),(100,'公积金放款',1,'2020-05-22 00:00:00','',NULL),(101,'认筹金',5000,'2020-05-30 00:00:00','',2),(102,'认筹金',1000,'2020-05-30 00:00:00','',3),(103,'首付款',1000,'2020-05-30 00:00:00','',3),(104,'公积金放款',1000,'2020-05-29 00:00:00','',3),(105,'认筹金',1,'2020-05-30 00:00:00','',4),(106,'认筹金',1,'2020-05-30 00:00:00','',5),(107,'公积金放款',1,'2020-05-30 00:00:00','',5),(108,'认筹金',1,'2020-05-30 00:00:00','',6),(109,'首付款',1,'2020-05-30 00:00:00','',6),(110,'认筹金',1,'2020-05-30 00:00:00','',7),(111,'认筹金',100,'2020-05-30 00:00:00','',8),(113,'认筹金',200,'2020-05-30 00:00:00','',8),(114,'公积金放款',200,'2020-06-06 00:00:00','',8),(115,'认筹金',1,'2020-05-30 00:00:00','',9),(116,'首付款',1,'2020-05-30 00:00:00','',9),(117,'公积金放款',1,'2020-05-30 00:00:00','',9),(118,'认筹金',10,'2020-06-01 00:00:00','',11),(119,'认筹金',1000,'2020-06-25 00:00:00','',12),(120,'公积金放款',1000,'2020-07-02 00:00:00','',12),(121,'认筹金',20,'2020-06-24 00:00:00','',NULL),(122,'认筹金',10,'2020-06-25 00:00:00','',NULL),(123,'认筹金',95,'2020-06-24 00:00:00','',NULL),(124,'认筹金',10,'2020-06-26 00:00:00','',NULL),(125,'认筹金',95,'2020-06-24 00:00:00','',NULL),(129,'银行放款',10,'2020-06-17 00:00:00','',13),(131,'认购金',10000,'2020-06-01 00:00:00','',15),(136,'银行放款',400000,'2020-06-02 00:00:00','',15),(137,'认购金',20000,'2019-12-29 00:00:00','',NULL),(138,'首付款',210282,'2020-01-03 00:00:00','',NULL),(141,'认筹金',1,'2020-06-08 00:00:00','',NULL),(142,'公积金放款',2,'2020-06-08 00:00:00','',NULL),(143,'认筹金',1,'2020-06-08 00:00:00','',NULL),(144,'认筹金',1,'2020-06-08 00:00:00','',NULL),(145,'首付款',1,'2020-06-17 00:00:00','',NULL),(146,'公积金放款',2,'2020-06-10 00:00:00','',NULL),(147,'认筹金',1,'2020-06-08 00:00:00','',19),(150,'认筹金',1,'2020-06-08 00:00:00','',21),(152,'认筹金',1,'2020-06-24 00:00:00','',21),(153,'公积金放款',5,'2020-06-17 00:00:00','',21),(161,'银行放款',11,'2020-06-17 00:00:00','',NULL),(163,'认筹金',1,'2020-06-24 00:00:00','',1),(164,'认筹金',10,'2020-06-19 00:00:00','',1),(165,'认筹金',-10,'2020-06-23 00:00:00','',1),(166,'认筹金',-10,'2020-05-31 00:00:00','',NULL),(167,'认筹金',1,'2020-06-16 00:00:00','',NULL),(168,'首付款',10,'2020-06-23 00:00:00','',NULL),(169,'认筹金',-10,'2020-06-09 00:00:00','',NULL),(170,'认筹金',44,'2020-06-10 00:00:00','44',47);

/*Table structure for table `sys_post` */

DROP TABLE IF EXISTS `sys_post`;

CREATE TABLE `sys_post` (
  `post_id` bigint(20) NOT NULL AUTO_INCREMENT COMMENT '岗位ID',
  `post_code` varchar(64) NOT NULL COMMENT '岗位编码',
  `post_name` varchar(50) NOT NULL COMMENT '岗位名称',
  `post_sort` int(4) NOT NULL COMMENT '显示顺序',
  `status` char(1) NOT NULL COMMENT '状态（0正常 1停用）',
  `create_by` varchar(64) DEFAULT '' COMMENT '创建者',
  `create_time` datetime DEFAULT NULL COMMENT '创建时间',
  `update_by` varchar(64) DEFAULT '' COMMENT '更新者',
  `update_time` datetime DEFAULT NULL COMMENT '更新时间',
  `remark` varchar(500) DEFAULT NULL COMMENT '备注',
  PRIMARY KEY (`post_id`)
) ENGINE=InnoDB AUTO_INCREMENT=5 DEFAULT CHARSET=utf8 COMMENT='岗位信息表';

/*Data for the table `sys_post` */

insert  into `sys_post`(`post_id`,`post_code`,`post_name`,`post_sort`,`status`,`create_by`,`create_time`,`update_by`,`update_time`,`remark`) values (1,'ceo','董事长',1,'0','admin','2018-03-16 11:33:00','ry','2018-03-16 11:33:00',''),(2,'se','项目经理',2,'0','admin','2018-03-16 11:33:00','ry','2018-03-16 11:33:00',''),(3,'hr','人力资源',3,'0','admin','2018-03-16 11:33:00','ry','2018-03-16 11:33:00',''),(4,'user','普通员工',4,'0','admin','2018-03-16 11:33:00','ry','2018-03-16 11:33:00','');

/*Table structure for table `sys_role` */

DROP TABLE IF EXISTS `sys_role`;

CREATE TABLE `sys_role` (
  `role_id` bigint(20) NOT NULL AUTO_INCREMENT COMMENT '角色ID',
  `role_name` varchar(30) NOT NULL COMMENT '角色名称',
  `role_key` varchar(100) NOT NULL COMMENT '角色权限字符串',
  `role_sort` int(4) NOT NULL COMMENT '显示顺序',
  `data_scope` char(1) DEFAULT '1' COMMENT '数据范围（1：全部数据权限 2：自定数据权限 3：本部门数据权限 4：本部门及以下数据权限）',
  `status` char(1) NOT NULL COMMENT '角色状态（0正常 1停用）',
  `del_flag` char(1) DEFAULT '0' COMMENT '删除标志（0代表存在 2代表删除）',
  `create_by` varchar(64) DEFAULT '' COMMENT '创建者',
  `create_time` datetime DEFAULT NULL COMMENT '创建时间',
  `update_by` varchar(64) DEFAULT '' COMMENT '更新者',
  `update_time` datetime DEFAULT NULL COMMENT '更新时间',
  `remark` varchar(500) DEFAULT NULL COMMENT '备注',
  PRIMARY KEY (`role_id`)
) ENGINE=InnoDB AUTO_INCREMENT=111 DEFAULT CHARSET=utf8 COMMENT='角色信息表';

/*Data for the table `sys_role` */

insert  into `sys_role`(`role_id`,`role_name`,`role_key`,`role_sort`,`data_scope`,`status`,`del_flag`,`create_by`,`create_time`,`update_by`,`update_time`,`remark`) values (1,'管理员','admin',1,'1','0','0','admin','2018-03-16 11:33:00','ry','2018-03-16 11:33:00','管理员'),(2,'普通角色','common',2,'2','0','0','admin','2018-03-16 11:33:00','ry','2018-03-16 11:33:00','普通角色'),(100,'部门领导','deptLeader',3,'1','0','0','admin','2020-02-27 19:37:37','',NULL,'请假流程测试角色 -> 流程用户组'),(101,'人事','hr',4,'1','0','0','admin','2020-02-27 19:38:41','',NULL,'请假流程测试角色 -> 流程用户组'),(102,'流程角色','processRole',5,'1','0','0','admin','2020-02-28 21:31:15','admin','2020-04-04 17:38:54',''),(109,'财务','financial',6,'1','0','0','admin','2020-04-05 17:51:04','admin','2020-04-05 17:55:45',''),(110,'总经理','generalManager',7,'1','0','0','admin','2020-04-05 18:10:13','',NULL,NULL);

/*Table structure for table `sys_role_dept` */

DROP TABLE IF EXISTS `sys_role_dept`;

CREATE TABLE `sys_role_dept` (
  `role_id` bigint(20) NOT NULL COMMENT '角色ID',
  `dept_id` bigint(20) NOT NULL COMMENT '部门ID',
  PRIMARY KEY (`role_id`,`dept_id`)
) ENGINE=InnoDB DEFAULT CHARSET=utf8 COMMENT='角色和部门关联表';

/*Data for the table `sys_role_dept` */

insert  into `sys_role_dept`(`role_id`,`dept_id`) values (2,100),(2,101),(2,105);

/*Table structure for table `sys_role_menu` */

DROP TABLE IF EXISTS `sys_role_menu`;

CREATE TABLE `sys_role_menu` (
  `role_id` bigint(20) NOT NULL COMMENT '角色ID',
  `menu_id` bigint(20) NOT NULL COMMENT '菜单ID',
  PRIMARY KEY (`role_id`,`menu_id`)
) ENGINE=InnoDB DEFAULT CHARSET=utf8 COMMENT='角色和菜单关联表';

/*Data for the table `sys_role_menu` */

insert  into `sys_role_menu`(`role_id`,`menu_id`) values (2,1),(2,2),(2,3),(2,100),(2,101),(2,102),(2,103),(2,104),(2,105),(2,106),(2,107),(2,108),(2,109),(2,110),(2,111),(2,112),(2,113),(2,114),(2,115),(2,500),(2,501),(2,1000),(2,1001),(2,1002),(2,1003),(2,1004),(2,1005),(2,1006),(2,1007),(2,1008),(2,1009),(2,1010),(2,1011),(2,1012),(2,1013),(2,1014),(2,1015),(2,1016),(2,1017),(2,1018),(2,1019),(2,1020),(2,1021),(2,1022),(2,1023),(2,1024),(2,1025),(2,1026),(2,1027),(2,1028),(2,1029),(2,1030),(2,1031),(2,1032),(2,1033),(2,1034),(2,1035),(2,1036),(2,1037),(2,1038),(2,1039),(2,1040),(2,1041),(2,1042),(2,1043),(2,1044),(2,1045),(2,1046),(2,1047),(2,1048),(2,1049),(2,1050),(2,1051),(2,1052),(2,1053),(2,1054),(2,1055),(2,1056),(2,1057),(2,1058),(2,1059),(2,1060),(2,1061),(102,2005),(102,2006),(102,2007),(102,2008),(102,2009),(102,2010),(102,2011),(102,2012),(102,2013),(102,2014),(102,2015),(102,2016),(102,2017),(102,2018),(102,2019);

/*Table structure for table `sys_sales_detail` */

DROP TABLE IF EXISTS `sys_sales_detail`;

CREATE TABLE `sys_sales_detail` (
  `sales_detail_id` int(11) NOT NULL AUTO_INCREMENT COMMENT 'id',
  `buldingid` int(11) NOT NULL COMMENT '关联楼盘',
  `houseid` int(11) NOT NULL COMMENT '关联房号',
  `salse_floor_price` double DEFAULT '0' COMMENT '销售底价',
  `book_buyer` varchar(30) NOT NULL COMMENT '认购人',
  `buyerTime` datetime DEFAULT NULL COMMENT '认购时间',
  `book_buyer_price` double DEFAULT '0' COMMENT '认购单价',
  `book_buyer_allPrice` double DEFAULT '0' COMMENT '认购总价',
  `buyer_price` double DEFAULT '0' COMMENT '认购金金额',
  `book_BuyerPhone` varchar(100) DEFAULT '' COMMENT '认购人联系方式',
  `installment_price` double DEFAULT '0' COMMENT '首付金额',
  `rd_installmentPrice` double DEFAULT '0' COMMENT '已收首付金额',
  `rmi_installmentPrice` double DEFAULT '0' COMMENT '剩余首付金额',
  `rant_price` double DEFAULT '0' COMMENT '返租金额',
  `mortgage_price` double DEFAULT '0' COMMENT '按揭金额',
  `contract_time` datetime DEFAULT NULL COMMENT '签合同时间',
  `final_buyer` varchar(30) DEFAULT '' COMMENT '签约人',
  `final_buyer_phone` varchar(100) DEFAULT '' COMMENT '签约联系方式',
  `contract_price` double DEFAULT '0' COMMENT '合同单价',
  `contract_allPrice` double DEFAULT '0' COMMENT '合同总价',
  `pay_method` varchar(30) DEFAULT '' COMMENT '付款方式',
  `floor_price_sure` varchar(30) DEFAULT '' COMMENT '底价验证',
  `collection` double DEFAULT '0' COMMENT '已收款金额',
  `surplus_price` double DEFAULT NULL COMMENT '剩余金额',
  `commission_time` datetime DEFAULT NULL COMMENT '提成发放时间',
  `status` varchar(30) DEFAULT '' COMMENT '订单状态',
  `remark` varchar(500) DEFAULT NULL COMMENT '优惠说明',
  `create_by` varchar(64) DEFAULT '' COMMENT '创建者',
  `create_time` datetime DEFAULT NULL COMMENT '创建时间',
  `update_by` varchar(64) DEFAULT '' COMMENT '更新者',
  `update_time` datetime DEFAULT NULL COMMENT '更新时间',
  `sale_person` varchar(30) DEFAULT NULL COMMENT '销售人员',
  `price_end_time` datetime DEFAULT NULL COMMENT '房款结清时间',
  `flow_id` int(11) DEFAULT NULL COMMENT '流程中間表id',
  PRIMARY KEY (`sales_detail_id`)
) ENGINE=InnoDB AUTO_INCREMENT=80 DEFAULT CHARSET=utf8 COMMENT='销售信息表';

/*Data for the table `sys_sales_detail` */

insert  into `sys_sales_detail`(`sales_detail_id`,`buldingid`,`houseid`,`salse_floor_price`,`book_buyer`,`buyerTime`,`book_buyer_price`,`book_buyer_allPrice`,`buyer_price`,`book_BuyerPhone`,`installment_price`,`rd_installmentPrice`,`rmi_installmentPrice`,`rant_price`,`mortgage_price`,`contract_time`,`final_buyer`,`final_buyer_phone`,`contract_price`,`contract_allPrice`,`pay_method`,`floor_price_sure`,`collection`,`surplus_price`,`commission_time`,`status`,`remark`,`create_by`,`create_time`,`update_by`,`update_time`,`sale_person`,`price_end_time`,`flow_id`) values (79,53,866,0,'111','2020-06-11 00:00:00',11,1382.59,0,'11',0,0,0,0,0,NULL,'','',0,0,'按揭','',0,0,NULL,'',NULL,'1','2020-06-11 15:40:19','admin','2020-06-11 15:55:04','伍雪芳','2020-06-11 15:55:04',NULL);

/*Table structure for table `sys_sales_team` */

DROP TABLE IF EXISTS `sys_sales_team`;

CREATE TABLE `sys_sales_team` (
  `id` int(11) NOT NULL AUTO_INCREMENT COMMENT 'id',
  `team_name` varchar(30) DEFAULT '' COMMENT '小组名称',
  `create_by` varchar(64) DEFAULT '' COMMENT '创建者',
  `create_time` datetime DEFAULT NULL COMMENT '创建时间',
  `update_by` varchar(64) DEFAULT '' COMMENT '更新者',
  `update_time` datetime DEFAULT NULL COMMENT '更新时间',
  PRIMARY KEY (`id`)
) ENGINE=InnoDB AUTO_INCREMENT=5 DEFAULT CHARSET=utf8 COMMENT='新建销售小组表';

/*Data for the table `sys_sales_team` */

insert  into `sys_sales_team`(`id`,`team_name`,`create_by`,`create_time`,`update_by`,`update_time`) values (4,'玺悦项目','','2020-06-07 20:09:48','',NULL);

/*Table structure for table `sys_sales_teamperson` */

DROP TABLE IF EXISTS `sys_sales_teamperson`;

CREATE TABLE `sys_sales_teamperson` (
  `sales_id` int(11) NOT NULL AUTO_INCREMENT COMMENT 'id',
  `sales_Team_id` int(11) NOT NULL COMMENT '关联小组',
  `user_id` int(11) NOT NULL COMMENT '关联用户',
  `entry_time` datetime NOT NULL COMMENT '进入时间',
  `end_time` datetime DEFAULT NULL COMMENT '退出时间',
  `create_by` varchar(64) DEFAULT '' COMMENT '创建者',
  `create_time` datetime DEFAULT NULL COMMENT '创建时间',
  `update_by` varchar(64) DEFAULT '' COMMENT '更新者',
  `update_time` datetime DEFAULT NULL COMMENT '更新时间',
  PRIMARY KEY (`sales_id`)
) ENGINE=InnoDB AUTO_INCREMENT=8 DEFAULT CHARSET=utf8 COMMENT='销售小组成员信息表';

/*Data for the table `sys_sales_teamperson` */

insert  into `sys_sales_teamperson`(`sales_id`,`sales_Team_id`,`user_id`,`entry_time`,`end_time`,`create_by`,`create_time`,`update_by`,`update_time`) values (2,1,103,'2020-06-09 00:00:00','2020-06-16 00:00:00','','2020-06-02 16:52:45','',NULL),(3,1,102,'2020-06-17 00:00:00',NULL,'','2020-06-02 17:09:31','',NULL),(4,2,104,'2020-06-10 00:00:00',NULL,'','2020-06-02 17:26:42','',NULL),(6,4,126,'2020-06-01 00:00:00',NULL,'','2020-06-07 20:10:10','',NULL),(7,4,125,'2020-06-01 00:00:00',NULL,'','2020-06-07 20:10:22','',NULL);

/*Table structure for table `sys_so_particulars` */

DROP TABLE IF EXISTS `sys_so_particulars`;

CREATE TABLE `sys_so_particulars` (
  `sys_so_particulars_id` int(11) NOT NULL AUTO_INCREMENT COMMENT 'id',
  `orderStatus` varchar(100) NOT NULL COMMENT '当前状态',
  `completion_time` datetime DEFAULT NULL COMMENT '完成时间',
  `remark` varchar(1000) DEFAULT '' COMMENT '说明',
  `salesDetailId` varchar(10) DEFAULT NULL COMMENT '关联销售单',
  `create_by` varchar(64) DEFAULT '' COMMENT '创建者',
  `create_time` datetime DEFAULT NULL COMMENT '创建时间',
  `update_by` varchar(64) DEFAULT '' COMMENT '更新者',
  `update_time` datetime DEFAULT NULL COMMENT '更新时间',
  PRIMARY KEY (`sys_so_particulars_id`)
) ENGINE=InnoDB AUTO_INCREMENT=8 DEFAULT CHARSET=utf8 COMMENT='销售单当前状态明细表';

/*Data for the table `sys_so_particulars` */

insert  into `sys_so_particulars`(`sys_so_particulars_id`,`orderStatus`,`completion_time`,`remark`,`salesDetailId`,`create_by`,`create_time`,`update_by`,`update_time`) values (1,'已认筹','2020-06-16 00:00:00','','1','admin','2020-06-08 12:28:34','',NULL),(2,'公积金审核','2020-06-18 00:00:00','111','1','admin','2020-06-08 12:28:49','',NULL),(3,'已认筹','2020-06-17 00:00:00','','2','admin','2020-06-08 14:35:21','',NULL),(4,'已认购','2020-06-16 00:00:00','','2','admin','2020-06-08 16:12:21','',NULL),(5,'已认筹','2020-06-18 00:00:00','','7','admin','2020-06-10 16:37:08','',NULL),(6,'公积金审核','2020-06-18 00:00:00','','7','admin','2020-06-10 16:37:13','',NULL),(7,'已认筹','2020-06-17 00:00:00','','47','admin','2020-06-10 16:52:19','',NULL);

/*Table structure for table `sys_student` */

DROP TABLE IF EXISTS `sys_student`;

CREATE TABLE `sys_student` (
  `student_id` int(11) NOT NULL AUTO_INCREMENT COMMENT '学生编号',
  `student_name` varchar(30) DEFAULT '' COMMENT '学生姓名',
  `student_age` int(3) DEFAULT NULL COMMENT '学生年龄',
  PRIMARY KEY (`student_id`)
) ENGINE=InnoDB DEFAULT CHARSET=utf8 COMMENT='学生信息表';

/*Data for the table `sys_student` */

/*Table structure for table `sys_user` */

DROP TABLE IF EXISTS `sys_user`;

CREATE TABLE `sys_user` (
  `user_id` bigint(20) NOT NULL AUTO_INCREMENT COMMENT '用户ID',
  `dept_id` bigint(20) DEFAULT NULL COMMENT '部门ID',
  `login_name` varchar(30) NOT NULL COMMENT '登录账号',
  `user_name` varchar(30) NOT NULL COMMENT '用户昵称',
  `user_type` varchar(2) DEFAULT '00' COMMENT '用户类型（00系统用户）',
  `email` varchar(50) DEFAULT '' COMMENT '用户邮箱',
  `phonenumber` varchar(11) DEFAULT '' COMMENT '手机号码',
  `sex` char(1) DEFAULT '0' COMMENT '用户性别（0男 1女 2未知）',
  `avatar` varchar(100) DEFAULT '' COMMENT '头像路径',
  `password` varchar(50) DEFAULT '' COMMENT '密码',
  `salt` varchar(20) DEFAULT '' COMMENT '盐加密',
  `status` char(1) DEFAULT '0' COMMENT '帐号状态（0正常 1停用）',
  `del_flag` char(1) DEFAULT '0' COMMENT '删除标志（0代表存在 2代表删除）',
  `login_ip` varchar(50) DEFAULT '' COMMENT '最后登陆IP',
  `login_date` datetime DEFAULT NULL COMMENT '最后登陆时间',
  `create_by` varchar(64) DEFAULT '' COMMENT '创建者',
  `create_time` datetime DEFAULT NULL COMMENT '创建时间',
  `update_by` varchar(64) DEFAULT '' COMMENT '更新者',
  `update_time` datetime DEFAULT NULL COMMENT '更新时间',
  `remark` varchar(500) DEFAULT NULL COMMENT '备注',
  PRIMARY KEY (`user_id`)
) ENGINE=InnoDB AUTO_INCREMENT=110 DEFAULT CHARSET=utf8 COMMENT='用户信息表';

/*Data for the table `sys_user` */

insert  into `sys_user`(`user_id`,`dept_id`,`login_name`,`user_name`,`user_type`,`email`,`phonenumber`,`sex`,`avatar`,`password`,`salt`,`status`,`del_flag`,`login_ip`,`login_date`,`create_by`,`create_time`,`update_by`,`update_time`,`remark`) values (1,103,'admin','若依','00','ry@163.com','15888888888','1','','29c67a30398638269fe600f73a054934','111111','0','0','127.0.0.1','2020-06-13 20:34:22','admin','2018-03-16 11:33:00','ry','2020-06-13 20:34:22','管理员'),(2,105,'ry','若依','00','ry@qq.com','15666666666','1','','8e6d98b90472783cc73c17047ddccf36','222222','0','0','127.0.0.1','2020-04-05 21:13:17','admin','2018-03-16 11:33:00','ry','2020-04-05 21:13:17','测试员'),(100,105,'chengxy','程序猿','00','110@gmail.com','13000000000','0','','83eaa9a017db80e771b9b78ee8319aab','0093f2','0','0','127.0.0.1','2020-06-13 14:33:51','admin','2020-02-27 19:43:45','','2020-06-13 14:33:51','注意该用户暂时没有分配角色（即没有分配到流程用户组）'),(101,105,'axianlu','一只闲鹿','00','114@gmail.com','13000000001','0','','0420ce8032acfdc7ba5d59f1bc3f01e5','309e5c','0','0','127.0.0.1','2020-04-05 16:49:02','admin','2020-02-27 19:45:15','','2020-04-05 16:49:02',NULL),(102,105,'rensm','人事喵','00','115@gmail.com','13000000002','1','','63e586cd5426e2fd30c48905cdf7bcfe','e12d1b','0','0','127.0.0.1','2020-03-31 20:20:27','admin','2020-02-27 19:46:20','','2020-03-31 20:20:27',NULL),(103,105,'11','caiwu','00','110@qq.com','13111111111','0','','9a07736daa48f0586dad267ea360ff7c','2d7a22','0','0','127.0.0.1','2020-04-05 21:13:37','admin','2020-03-31 22:58:21','admin','2020-04-05 21:13:37',''),(104,105,'22','zongjingli','00','111@qq.com','13111111112','0','','6c8017bb59ac49b861067437d88de4e9','727312','0','0','127.0.0.1','2020-04-05 21:14:01','admin','2020-03-31 22:59:00','admin','2020-04-05 21:14:01',''),(105,105,'33','33','00','113@qq.com','13111111113','0','','8cff2807327e928e05f206497eec5a3d','da2c2e','0','0','',NULL,'admin','2020-03-31 22:59:31','',NULL,NULL),(106,105,'44','44','00','114@qq.com','13111111114','0','','341fc5512c7c010fa8f151b2e0598e11','4d3ad4','0','0','',NULL,'admin','2020-03-31 22:59:56','',NULL,NULL),(107,105,'55','55','00','115@qq.com','13111111115','0','','d0e407615613a3281c66edbdcae2f205','0d3114','0','0','',NULL,'admin','2020-03-31 23:00:20','',NULL,NULL),(108,105,'66','66','00','116@qq.com','13111111116','0','','89f3963f73ad41d4103e969d8dbf1377','5c6554','0','0','',NULL,'admin','2020-03-31 23:00:45','',NULL,NULL),(109,105,'chairman','chairman','00','119@qq.com','13111111119','0','','2dc7933681b07e3bcca0e1ce6e8554ec','e4c935','0','0','127.0.0.1','2020-04-05 21:14:31','admin','2020-04-05 18:14:12','','2020-04-05 21:14:31',NULL);

/*Table structure for table `sys_user_online` */

DROP TABLE IF EXISTS `sys_user_online`;

CREATE TABLE `sys_user_online` (
  `sessionId` varchar(50) NOT NULL DEFAULT '' COMMENT '用户会话id',
  `login_name` varchar(50) DEFAULT '' COMMENT '登录账号',
  `dept_name` varchar(50) DEFAULT '' COMMENT '部门名称',
  `ipaddr` varchar(50) DEFAULT '' COMMENT '登录IP地址',
  `login_location` varchar(255) DEFAULT '' COMMENT '登录地点',
  `browser` varchar(50) DEFAULT '' COMMENT '浏览器类型',
  `os` varchar(50) DEFAULT '' COMMENT '操作系统',
  `status` varchar(10) DEFAULT '' COMMENT '在线状态on_line在线off_line离线',
  `start_timestamp` datetime DEFAULT NULL COMMENT 'session创建时间',
  `last_access_time` datetime DEFAULT NULL COMMENT 'session最后访问时间',
  `expire_time` int(5) DEFAULT '0' COMMENT '超时时间，单位为分钟',
  PRIMARY KEY (`sessionId`)
) ENGINE=InnoDB DEFAULT CHARSET=utf8 COMMENT='在线用户记录';

/*Data for the table `sys_user_online` */

insert  into `sys_user_online`(`sessionId`,`login_name`,`dept_name`,`ipaddr`,`login_location`,`browser`,`os`,`status`,`start_timestamp`,`last_access_time`,`expire_time`) values ('576f482c-12a5-4f9e-91b4-6907b1908913','admin','研发部门','127.0.0.1','内网IP','Chrome 8','Windows 10','on_line','2020-06-13 20:34:14','2020-06-13 21:02:20',1800000);

/*Table structure for table `sys_user_post` */

DROP TABLE IF EXISTS `sys_user_post`;

CREATE TABLE `sys_user_post` (
  `user_id` bigint(20) NOT NULL COMMENT '用户ID',
  `post_id` bigint(20) NOT NULL COMMENT '岗位ID',
  PRIMARY KEY (`user_id`,`post_id`)
) ENGINE=InnoDB DEFAULT CHARSET=utf8 COMMENT='用户与岗位关联表';

/*Data for the table `sys_user_post` */

insert  into `sys_user_post`(`user_id`,`post_id`) values (1,1),(2,2);

/*Table structure for table `sys_user_role` */

DROP TABLE IF EXISTS `sys_user_role`;

CREATE TABLE `sys_user_role` (
  `user_id` bigint(20) NOT NULL COMMENT '用户ID',
  `role_id` bigint(20) NOT NULL COMMENT '角色ID',
  PRIMARY KEY (`user_id`,`role_id`)
) ENGINE=InnoDB DEFAULT CHARSET=utf8 COMMENT='用户和角色关联表';

/*Data for the table `sys_user_role` */

insert  into `sys_user_role`(`user_id`,`role_id`) values (1,1),(2,2),(2,102),(100,102),(101,100),(101,102),(102,101),(102,102),(103,102),(103,109),(104,102),(104,110),(109,102);

/*Table structure for table `act_id_group` */

DROP TABLE IF EXISTS `act_id_group`;

/*!50001 DROP VIEW IF EXISTS `act_id_group` */;
/*!50001 DROP TABLE IF EXISTS `act_id_group` */;

/*!50001 CREATE TABLE  `act_id_group`(
 `ID_` varchar(100) ,
 `REV_` binary(0) ,
 `NAME_` varchar(30) ,
 `TYPE_` varchar(10) 
)*/;

/*Table structure for table `act_id_membership` */

DROP TABLE IF EXISTS `act_id_membership`;

/*!50001 DROP VIEW IF EXISTS `act_id_membership` */;
/*!50001 DROP TABLE IF EXISTS `act_id_membership` */;

/*!50001 CREATE TABLE  `act_id_membership`(
 `USER_ID_` varchar(30) ,
 `GROUP_ID_` varchar(100) 
)*/;

/*Table structure for table `act_id_user` */

DROP TABLE IF EXISTS `act_id_user`;

/*!50001 DROP VIEW IF EXISTS `act_id_user` */;
/*!50001 DROP TABLE IF EXISTS `act_id_user` */;

/*!50001 CREATE TABLE  `act_id_user`(
 `ID_` varchar(30) ,
 `REV_` int(1) ,
 `FIRST_` varchar(30) ,
 `LAST_` char(0) ,
 `EMAIL_` varchar(50) ,
 `PWD_` varchar(50) ,
 `PICTURE_ID_` char(0) 
)*/;

/*View structure for view act_id_group */

/*!50001 DROP TABLE IF EXISTS `act_id_group` */;
/*!50001 DROP VIEW IF EXISTS `act_id_group` */;

/*!50001 CREATE ALGORITHM=UNDEFINED DEFINER=`root`@`localhost` SQL SECURITY DEFINER VIEW `act_id_group` AS select `r`.`role_key` AS `ID_`,NULL AS `REV_`,`r`.`role_name` AS `NAME_`,'assignment' AS `TYPE_` from `sys_role` `r` */;

/*View structure for view act_id_membership */

/*!50001 DROP TABLE IF EXISTS `act_id_membership` */;
/*!50001 DROP VIEW IF EXISTS `act_id_membership` */;

/*!50001 CREATE ALGORITHM=UNDEFINED DEFINER=`root`@`localhost` SQL SECURITY DEFINER VIEW `act_id_membership` AS select (select `u`.`login_name` from `sys_user` `u` where (`u`.`user_id` = `ur`.`user_id`)) AS `USER_ID_`,(select `r`.`role_key` from `sys_role` `r` where (`r`.`role_id` = `ur`.`role_id`)) AS `GROUP_ID_` from `sys_user_role` `ur` */;

/*View structure for view act_id_user */

/*!50001 DROP TABLE IF EXISTS `act_id_user` */;
/*!50001 DROP VIEW IF EXISTS `act_id_user` */;

/*!50001 CREATE ALGORITHM=UNDEFINED DEFINER=`root`@`localhost` SQL SECURITY DEFINER VIEW `act_id_user` AS select `u`.`login_name` AS `ID_`,0 AS `REV_`,`u`.`user_name` AS `FIRST_`,'' AS `LAST_`,`u`.`email` AS `EMAIL_`,`u`.`password` AS `PWD_`,'' AS `PICTURE_ID_` from `sys_user` `u` */;

/*!40101 SET SQL_MODE=@OLD_SQL_MODE */;
/*!40014 SET FOREIGN_KEY_CHECKS=@OLD_FOREIGN_KEY_CHECKS */;
/*!40014 SET UNIQUE_CHECKS=@OLD_UNIQUE_CHECKS */;
/*!40111 SET SQL_NOTES=@OLD_SQL_NOTES */;
